date,value
2007-01-29,6380.82470703125
2007-01-30,6462.7880859375
2007-01-31,6462.7880859375
2007-02-01,6465.8212890625
2007-02-02,7012.22998046875
2007-02-05,7103.29638671875
2007-02-06,6975.80126953125
2007-02-07,6984.90966796875
2009-04-17,3345.22705078125
2009-04-20,3402.90478515625
2009-04-21,3336.12109375
2009-04-22,3396.833251953125
2009-04-23,3357.370361328125
2009-04-24,3369.512451171875
2009-04-27,3339.1572265625
2009-04-28,3190.412353515625
2009-04-29,3275.40869140625
2009-04-30,3518.2578125
2009-05-04,3861.27978515625
2009-05-06,3776.282470703125
2009-05-07,3864.314208984375
2009-05-08,3925.027587890625
2009-05-11,4031.27490234375
2009-05-12,3885.5654296875
2009-05-13,3885.5654296875
2009-05-14,3745.927734375
2009-05-15,3873.421875
2009-05-22,4046.451416015625
2009-05-26,3833.958984375
2009-05-27,3800.568603515625
2009-05-28,3864.314208984375
2009-05-29,3861.27978515625
2009-06-01,4013.0595703125
2009-06-02,4019.13037109375
2009-06-03,3934.135009765625
2009-06-04,3767.17626953125
2009-06-05,3794.497314453125
2009-06-08,3836.99462890625
2009-06-09,3767.17626953125
2009-06-10,3879.493408203125
2009-06-11,3928.06396484375
2009-06-12,3949.311767578125
2009-06-15,3891.635498046875
2009-06-16,3888.600830078125
2009-06-17,3815.7451171875
2009-06-18,3764.1416015625
2009-06-19,3836.99462890625
2009-06-22,3955.384765625
2009-06-23,3809.676025390625
2009-06-24,3861.27978515625
2009-06-25,3949.311767578125
2009-06-26,3921.991455078125
2009-06-29,3940.20654296875
2009-06-30,3997.882080078125
2009-07-01,4252.8720703125
2009-07-02,4258.94287109375
2009-07-03,4292.333984375
2009-07-06,4240.72998046875
2009-07-07,4252.8720703125
2009-07-08,4186.087890625
2009-07-09,4234.65869140625
2009-07-10,4319.654296875
2009-07-13,4158.76708984375
2009-07-14,4261.978515625
2009-07-15,4462.32861328125
2009-07-16,4504.82763671875
2009-07-17,4492.68505859375
2009-07-20,4668.7490234375
2009-07-21,4659.64111328125
2009-07-22,4662.67822265625
2009-07-23,4741.60302734375
2009-07-24,4638.39208984375
2009-07-27,4805.3505859375
2009-07-28,4890.34765625
2009-07-29,5008.7353515625
2009-07-30,5020.87939453125
2009-07-31,5051.23486328125
2009-08-03,5124.08837890625
2009-08-04,4999.6279296875
2009-08-05,5033.01953125
2009-08-06,5127.125
2009-08-07,5218.19189453125
2009-08-10,5221.22705078125
2009-08-11,5151.40869140625
2009-08-12,5005.7001953125
2009-08-13,5066.41259765625
2009-08-14,5111.947265625
2009-08-17,4908.5615234375
2009-08-18,4884.27783203125
2009-08-19,4869.09765625
2009-08-20,5063.3759765625
2009-08-21,5111.947265625
2009-08-24,5248.548828125
2009-08-25,5199.9794921875
2009-08-26,5175.69287109375
2009-08-27,5048.19873046875
2009-08-28,5033.01953125
2009-08-31,4914.6328125
2009-09-01,5033.01953125
2009-09-02,5017.84326171875
2009-09-03,5284.97509765625
2009-09-04,5281.93896484375
2009-09-07,5212.11962890625
2009-09-08,5193.90869140625
2009-09-09,5169.623046875
2009-09-10,5357.8291015625
2009-09-11,5533.89501953125
2009-09-14,5582.462890625
2009-09-15,5725.13671875
2009-09-16,5834.41748046875
2009-09-17,5807.0986328125
2009-09-18,5807.0986328125
2009-09-21,5770.6708984375
2009-09-22,5785.85009765625
2009-09-23,5807.0986328125
2009-09-24,5794.95458984375
2009-09-25,5709.95751953125
2009-09-28,5561.2158203125
2009-09-29,5667.4599609375
2009-09-30,5700.8505859375
2009-10-01,5761.56396484375
2009-10-05,5476.21875
2009-10-06,5430.68408203125
2009-10-07,5570.32080078125
2009-10-08,5682.63818359375
2009-10-09,5843.5263671875
2009-10-12,5737.28076171875
2009-10-13,5667.4599609375
2009-10-14,5697.81640625
2009-10-15,5801.02734375
2009-10-16,5876.91748046875
2009-10-19,5858.7021484375
2009-10-20,5855.66748046875
2009-10-21,5843.5263671875
2009-10-22,5743.349609375
2009-10-23,5749.42236328125
2009-10-26,5882.98779296875
2009-10-27,5846.56103515625
2009-10-28,5749.42236328125
2009-10-29,5670.49658203125
2009-10-30,5618.890625
2009-11-02,5451.93212890625
2009-11-03,5333.54443359375
2009-11-04,5485.32470703125
2009-11-05,5445.859375
2009-11-06,5515.6806640625
2009-11-09,5524.78759765625
2009-11-10,5588.5341796875
2009-11-11,5597.640625
2009-11-12,5609.783203125
2009-11-13,5618.890625
2009-11-16,5655.3193359375
2009-11-17,5685.67333984375
2009-11-18,5761.56396484375
2009-11-19,5846.56103515625
2009-11-20,5816.20458984375
2009-11-23,5870.845703125
2009-11-24,5810.13330078125
2009-11-25,5767.63623046875
2009-11-26,5582.462890625
2009-11-27,5178.7294921875
2009-11-30,5436.75390625
2009-12-01,5506.57373046875
2009-12-02,5588.5341796875
2009-12-03,5634.06787109375
2009-12-04,5652.28271484375
2009-12-07,5661.390625
2009-12-08,5631.03271484375
2009-12-09,5637.10400390625
2009-12-10,5549.0712890625
2009-12-11,5640.140625
2009-12-14,5664.42578125
2009-12-15,5700.8505859375
2009-12-16,5682.63818359375
2009-12-17,5594.60693359375
2009-12-18,5473.18310546875
2009-12-21,5427.64697265625
2009-12-22,5458.0048828125
2009-12-23,5433.71875
2009-12-24,5503.53857421875
2009-12-28,5546.03515625
2009-12-29,5491.39453125
2009-12-30,5464.076171875
2010-01-04,5521.7529296875
2010-01-05,5518.71533203125
2010-01-06,5573.35888671875
2010-01-07,5470.14794921875
2010-01-08,5482.29150390625
2010-01-11,5688.708984375
2010-01-12,5609.783203125
2010-01-13,5500.50341796875
2010-01-14,5454.96826171875
2010-01-15,5458.0048828125
2010-01-18,5379.07958984375
2010-01-19,5406.3974609375
2010-01-20,5360.8662109375
2010-01-21,5354.79248046875
2010-01-22,5196.9423828125
2010-01-25,5099.8046875
2010-01-26,5078.55322265625
2010-01-27,5002.66455078125
2010-01-28,5130.16015625
2010-01-29,5036.0556640625
2010-02-01,5130.16015625
2010-02-02,5121.05322265625
2010-02-03,5215.15625
2010-02-04,5139.26708984375
2010-02-05,4911.59619140625
2010-02-08,4680.8896484375
2010-02-09,4841.77734375
2010-02-10,4917.66796875
2010-02-11,5066.41259765625
2010-02-12,5054.2705078125
2010-02-16,5008.7353515625
2010-02-17,5102.83935546875
2010-02-18,5105.87353515625
2010-02-19,4954.09521484375
2010-02-22,5096.7685546875
2010-02-23,5087.66064453125
2010-02-24,5075.51904296875
2010-02-25,4990.52001953125
2010-02-26,4990.52001953125
2010-03-02,5063.3759765625
2010-03-03,5081.5888671875
2010-03-04,5124.08837890625
2010-03-05,5136.23046875
2010-03-08,5206.0498046875
2010-03-09,5251.58203125
2010-03-10,5245.51220703125
2010-03-11,5203.0146484375
2010-03-12,5215.15625
2010-03-15,5172.65771484375
2010-03-16,5181.76513671875
2010-03-17,5242.4765625
2010-03-18,5251.58203125
2010-03-19,5218.19189453125
2010-03-22,5172.65771484375
2010-03-23,5209.0859375
2010-03-24,5160.51513671875
2010-03-25,5209.0859375
2010-03-26,5269.79638671875
2010-03-29,5254.61962890625
2010-03-30,5451.93212890625
2010-03-31,5409.43408203125
2010-04-01,5488.35986328125
2010-04-02,5482.29150390625
2010-04-05,5424.611328125
2010-04-06,5439.7900390625
2010-04-07,5403.3623046875
2010-04-08,5369.97216796875
2010-04-09,5403.3623046875
2010-04-12,5494.43359375
2010-04-13,5464.076171875
2010-04-14,5664.42578125
2010-04-15,5813.1689453125
2010-04-16,5731.2080078125
2010-04-19,5694.77978515625
2010-04-20,5691.74560546875
2010-04-21,5706.92236328125
2010-04-22,5627.99609375
2010-04-23,5597.640625
2010-04-26,5706.92236328125
2010-04-27,5682.63818359375
2010-04-28,5546.03515625
2010-04-29,5475.67822265625
2010-04-30,5567.44873046875
2010-05-03,5524.623046875
2010-05-04,5490.974609375
2010-05-06,5237.07470703125
2010-05-07,5117.7705078125
2010-05-10,5230.95458984375
2010-05-11,5145.30224609375
2010-05-12,5108.59423828125
2010-05-13,5212.60009765625
2010-05-14,5169.77392578125
2010-05-17,4937.2880859375
2010-05-18,4952.5830078125
2010-05-19,4906.697265625
2010-05-20,4955.6435546875
2010-05-24,5053.53125
2010-05-25,4882.22607421875
2010-05-26,4713.978515625
2010-05-27,4851.63427734375
2010-05-28,4925.05029296875
2010-05-31,4977.0537109375
2010-06-01,4986.23193359375
2010-06-03,5279.90087890625
2010-06-04,5243.19140625
2010-06-07,5096.3583984375
2010-06-08,5169.77392578125
2010-06-09,5172.8330078125
2010-06-10,5191.1875
2010-06-11,5224.837890625
2010-06-14,5249.3095703125
2010-06-15,5234.0146484375
2010-06-16,5246.25048828125
2010-06-17,5215.65966796875
2010-06-18,5206.4833984375
2010-06-21,5286.01806640625
2010-06-22,5261.5458984375
2010-06-23,5203.423828125
2010-06-24,5261.5458984375
2010-06-25,5212.60009765625
2010-06-28,5252.36767578125
2010-06-29,5185.07080078125
2010-06-30,5108.59423828125
2010-07-01,5007.646484375
2010-07-02,5044.35400390625
2010-07-05,4992.3515625
2010-07-06,4955.6435546875
2010-07-07,4946.46435546875
2010-07-08,5087.1826171875
2010-07-09,5264.60400390625
2010-07-12,5292.13671875
2010-07-13,5365.552734375
2010-07-14,5420.6171875
2010-07-15,5402.26318359375
2010-07-16,5279.90087890625
2010-07-19,5203.423828125
2010-07-20,5200.3642578125
2010-07-21,5145.30224609375
2010-07-22,5117.7705078125
2010-07-23,5328.8447265625
2010-07-26,5408.37939453125
2010-07-27,5359.43505859375
2010-07-28,5466.5009765625
2010-07-29,5524.623046875
2010-07-30,5429.7919921875
2010-08-02,5432.8505859375
2010-08-03,5411.4365234375
2010-08-04,5331.90283203125
2010-08-05,5316.6083984375
2010-08-06,5386.966796875
2010-08-09,5405.31982421875
2010-08-10,5390.02587890625
2010-08-11,5347.19970703125
2010-08-12,5200.3642578125
2010-08-13,5218.71875
2010-08-16,5090.23876953125
2010-08-17,5090.23876953125
2010-08-18,5130.0068359375
2010-08-19,5212.60009765625
2010-08-20,5120.82958984375
2010-08-23,5108.59423828125
2010-08-24,5166.71533203125
2010-08-25,5090.23876953125
2010-08-26,5032.1181640625
2010-08-27,5047.41357421875
2010-08-30,5182.01123046875
2010-08-31,5078.00341796875
2010-09-01,5111.65234375
2010-09-02,5047.41357421875
2010-09-03,5029.0576171875
2010-09-06,5078.00341796875
2010-09-07,5029.0576171875
2010-09-08,4995.41064453125
2010-09-09,4925.05029296875
2010-09-10,5044.35400390625
2010-09-13,5053.53125
2010-09-14,5111.65234375
2010-09-15,5114.71240234375
2010-09-16,5068.82763671875
2010-09-17,5105.53662109375
2010-09-20,5175.8935546875
2010-09-24,5215.65966796875
2010-09-27,5246.25048828125
2010-09-28,5203.423828125
2010-09-29,5212.60009765625
2010-09-30,5230.95458984375
2010-10-01,5377.79052734375
2010-10-04,5481.79541015625
2010-10-05,5536.8603515625
2010-10-06,5555.21337890625
2010-10-07,5497.0908203125
2010-10-08,5521.5654296875
2010-10-11,5481.79541015625
2010-10-12,5506.26953125
2010-10-13,5564.390625
2010-10-14,5567.44873046875
2010-10-15,5598.0390625
2010-10-18,5530.740234375
2010-10-19,5445.08837890625
2010-10-20,5497.0908203125
2010-10-21,5341.08203125
2010-10-22,5322.72705078125
2010-10-25,5414.49755859375
2010-10-26,5368.61279296875
2010-10-27,5279.90087890625
2010-10-28,5273.7822265625
2010-10-29,5191.1875
2010-11-01,5289.07666015625
2010-11-02,5206.4833984375
2010-11-03,5261.5458984375
2010-11-04,5304.37158203125
2010-11-05,5383.9072265625
2010-11-08,5390.02587890625
2010-11-09,5347.19970703125
2010-11-10,5344.1396484375
2010-11-11,5282.9609375
2010-11-12,5230.95458984375
2010-11-15,5261.5458984375
2010-11-16,5194.24609375
2010-11-17,5157.5400390625
2010-11-18,5206.4833984375
2010-11-19,5209.54248046875
2010-11-22,5227.89697265625
2010-11-23,5301.31298828125
2010-11-24,5417.5576171875
2010-11-25,5506.26953125
2010-11-26,5396.142578125
2010-11-29,5374.73095703125
2010-11-30,5411.4365234375
2010-12-01,5408.37939453125
2010-12-02,5408.37939453125
2010-12-03,5432.8505859375
2010-12-06,5561.3310546875
2010-12-07,5598.0390625
2010-12-08,5555.21337890625
2010-12-09,5637.8076171875
2010-12-10,5763.22802734375
2010-12-13,5842.763671875
2010-12-14,5851.9404296875
2010-12-15,5854.998046875
2010-12-16,5836.64404296875
2010-12-17,5952.888671875
2010-12-20,6096.6640625
2010-12-21,6056.89501953125
2010-12-22,5971.24365234375
2010-12-23,5989.5966796875
2010-12-24,5995.71435546875
2010-12-27,6084.42626953125
2010-12-28,5998.77490234375
2010-12-29,6078.31005859375
2010-12-30,6145.607421875
2011-01-03,6301.6181640625
2011-01-04,6271.02880859375
2011-01-05,6222.0830078125
2011-01-06,6096.6640625
2011-01-07,6118.0771484375
2011-01-10,6020.1875
2011-01-11,6007.95166015625
2011-01-12,6032.4208984375
2011-01-13,6222.0830078125
2011-01-14,6319.9716796875
2011-01-17,6350.56396484375
2011-01-18,6203.72900390625
2011-01-19,6240.4375
2011-01-20,6148.669921875
2011-01-21,6001.83349609375
2011-01-24,5955.94775390625
2011-01-25,5943.7109375
2011-01-26,6056.89501953125
2011-01-27,5940.65087890625
2011-01-28,5959.005859375
2011-01-31,5858.05908203125
2011-02-01,5885.59033203125
2011-02-07,6069.13330078125
2011-02-08,6032.4208984375
2011-02-09,6011.00927734375
2011-02-10,5897.82666015625
2011-02-11,5720.40234375
2011-02-14,5885.59033203125
2011-02-15,5897.82666015625
2011-02-16,5812.173828125
2011-02-17,5680.63427734375
2011-02-18,5757.1083984375
2011-02-21,5680.63427734375
2011-02-22,5750.9921875
2011-02-23,5717.34326171875
2011-02-24,5708.166015625
2011-02-25,5625.5703125
2011-02-28,5631.68994140625
2011-03-02,5542.97802734375
2011-03-03,5702.04833984375
2011-03-04,5879.4716796875
2011-03-07,5873.3525390625
2011-03-08,5931.4755859375
2011-03-09,5995.71435546875
2011-03-10,5962.064453125
2011-03-11,5830.52783203125
2011-03-14,5656.1630859375
2011-03-15,5579.68603515625
2011-03-16,5692.87158203125
2011-03-17,5720.40234375
2011-03-18,5793.81787109375
2011-03-21,5790.759765625
2011-03-22,5729.57861328125
2011-03-23,5677.57373046875
2011-03-24,5720.40234375
2011-03-25,5735.697265625
2011-03-28,5726.52001953125
2011-03-29,5744.8740234375
2011-03-30,5861.1181640625
2011-03-31,5995.71435546875
2011-04-01,6001.83349609375
2011-04-04,6154.78515625
2011-04-05,6136.43115234375
2011-04-06,5986.5380859375
2011-04-07,5995.71435546875
2011-04-08,5925.3583984375
2011-04-11,5879.4716796875
2011-04-12,5809.11328125
2011-04-13,5818.2900390625
2011-04-14,5781.5830078125
2011-04-15,5760.1689453125
2011-04-18,5628.630859375
2011-04-19,5594.9814453125
2011-04-20,5726.52001953125
2011-04-21,5604.15869140625
2011-04-22,5692.87158203125
2011-04-25,5653.10302734375
2011-04-26,5659.22021484375
2011-04-27,5793.81787109375
2011-04-28,5778.40966796875
2011-04-29,6021.87255859375
2011-05-02,6006.462890625
2011-05-03,6018.7900390625
2011-05-04,5950.9921875
2011-05-06,5886.2734375
2011-05-09,5796.900390625
2011-05-11,5873.94677734375
2011-05-12,5747.59130859375
2011-05-13,5571.9267578125
2011-05-16,5442.49267578125
2011-05-17,5479.4736328125
2011-05-18,5482.55517578125
2011-05-19,5402.4267578125
2011-05-20,5430.16455078125
2011-05-23,5405.5087890625
2011-05-24,5454.818359375
2011-05-25,5430.16455078125
2011-05-26,5485.63671875
2011-05-27,5464.06396484375
2011-05-30,5427.08203125
2011-05-31,5488.71826171875
2011-06-01,5590.4189453125
2011-06-02,5436.32666015625
2011-06-03,5593.50146484375
2011-06-07,5590.4189453125
2011-06-08,5602.7451171875
2011-06-09,5485.63671875
2011-06-10,5362.3642578125
2011-06-13,5470.2265625
2011-06-14,5491.7998046875
2011-06-15,5494.88427734375
2011-06-16,5334.62841796875
2011-06-17,5239.09033203125
2011-06-20,5254.5
2011-06-21,5491.7998046875
2011-06-22,5417.837890625
2011-06-23,5377.77294921875
2011-06-24,5485.63671875
2011-06-27,5436.32666015625
2011-06-28,5476.390625
2011-06-29,5519.53662109375
2011-06-30,5519.53662109375
2011-07-01,5528.77978515625
2011-07-04,5608.90869140625
2011-07-05,5692.11865234375
2011-07-06,5719.85400390625
2011-07-07,5707.52734375
2011-07-08,5645.8916015625
2011-07-11,5618.154296875
2011-07-12,5534.9453125
2011-07-13,5550.35400390625
2011-07-14,5534.9453125
2011-07-15,5556.51904296875
2011-07-18,5516.45458984375
2011-07-19,5541.11083984375
2011-07-20,5682.8720703125
2011-07-21,5756.83837890625
2011-07-22,5824.63720703125
2011-07-25,5756.83837890625
2011-07-26,5836.96337890625
2011-07-27,5864.69970703125
2011-07-28,5763.00048828125
2011-07-29,5744.51025390625
2011-08-01,5738.345703125
2011-08-02,5596.58251953125
2011-08-03,5467.146484375
2011-08-04,5491.7998046875
2011-08-05,5337.70849609375
2011-08-08,5054.1826171875
2011-08-09,4807.63623046875
2011-08-10,4801.47216796875
2011-08-11,4672.0361328125
2011-08-12,4696.69091796875
2011-08-16,4977.13720703125
2011-08-17,5007.95556640625
2011-08-18,4949.400390625
2011-08-19,4767.57275390625
2011-08-22,4776.8173828125
2011-08-23,4755.24462890625
2011-08-24,4591.90869140625
2011-08-25,4585.74560546875
2011-08-26,4702.8544921875
2011-08-29,4764.4912109375
2011-08-30,4856.9462890625
2011-08-31,4970.9736328125
2011-09-01,4943.236328125
2011-09-02,4819.96337890625
2011-09-05,4635.05615234375
2011-09-06,4533.35498046875
2011-09-07,4653.5458984375
2011-09-08,4767.57275390625
2011-09-09,4613.48193359375
2011-09-14,4357.69140625
2011-09-15,4277.56396484375
2011-09-16,4499.45361328125
2011-09-19,4558.00927734375
2011-09-20,4530.27294921875
2011-09-21,4554.9267578125
2011-09-22,4391.5908203125
2011-09-23,4018.69091796875
2011-09-26,4000.200439453125
2011-09-27,4348.44580078125
2011-09-28,4450.1455078125
2011-09-29,4561.09130859375
2011-09-30,4598.072265625
2011-10-04,4406.99951171875
2011-10-05,4376.18359375
2011-10-06,4650.46337890625
2011-10-07,4826.12841796875
2011-10-10,4696.69091796875
2011-10-11,4718.263671875
2011-10-12,4739.8369140625
2011-10-13,4918.5830078125
2011-10-14,4952.48193359375
2011-10-17,4906.25439453125
2011-10-18,4795.30859375
2011-10-19,4782.9814453125
2011-10-20,4604.23486328125
2011-10-21,4662.7900390625
2011-10-24,4853.86376953125
2011-10-25,4881.6005859375
2011-10-26,4819.96337890625
2011-10-27,4958.64697265625
2011-10-28,5125.0654296875
2011-10-31,4924.74658203125
2011-11-01,4900.091796875
2011-11-02,4801.47216796875
2011-11-03,4718.263671875
2011-11-04,4841.53662109375
2011-11-07,4850.7822265625
2011-11-08,4749.08251953125
2011-11-09,4761.41064453125
2011-11-10,4493.29150390625
2011-11-11,4524.109375
2011-11-14,4591.90869140625
2011-11-15,4524.109375
2011-11-16,4422.4091796875
2011-11-17,4465.55517578125
2011-11-18,4376.18359375
2011-11-21,4410.08349609375
2011-11-22,4422.4091796875
2011-11-23,4305.30078125
2011-11-24,4280.64501953125
2011-11-25,4379.263671875
2011-11-28,4480.9638671875
2011-11-29,4573.419921875
2011-11-30,4548.76318359375
2011-12-01,4786.0634765625
2011-12-02,4752.16552734375
2011-12-05,4730.5908203125
2011-12-06,4638.1376953125
2011-12-07,4659.70849609375
2011-12-08,4613.48193359375
2011-12-09,4422.4091796875
2011-12-12,4425.4921875
2011-12-13,4366.93701171875
2011-12-14,4345.3642578125
2011-12-15,4286.80810546875
2011-12-16,4305.30078125
2011-12-19,4209.76513671875
2011-12-20,4225.1728515625
2011-12-21,4440.8994140625
2011-12-22,4440.8994140625
2011-12-23,4443.982421875
2011-12-26,4437.81884765625
2011-12-27,4431.654296875
2011-12-28,4465.55517578125
2011-12-29,4468.6376953125
2012-01-02,4419.326171875
2012-01-03,4545.68212890625
2012-01-04,4480.9638671875
2012-01-05,4431.654296875
2012-01-06,4406.99951171875
2012-01-09,4333.03515625
2012-01-10,4406.99951171875
2012-01-11,4345.3642578125
2012-01-12,4382.34619140625
2012-01-13,4462.47314453125
2012-01-16,4425.4921875
2012-01-17,4681.2822265625
2012-01-18,4712.10009765625
2012-01-19,4749.08251953125
2012-01-20,4893.927734375
2012-01-25,4863.1103515625
2012-01-26,4897.00927734375
2012-01-27,5020.2802734375
2012-01-30,5014.11669921875
2012-01-31,4952.48193359375
2012-02-01,4977.13720703125
2012-02-02,5118.89990234375
2012-02-03,5134.3095703125
2012-02-06,5254.5
2012-02-07,5137.3935546875
2012-02-08,5195.94677734375
2012-02-09,5260.666015625
2012-02-10,5128.14501953125
2012-02-13,5121.982421875
2012-02-14,5109.65478515625
2012-02-15,5168.208984375
2012-02-16,5023.36376953125
2012-02-17,5121.982421875
2012-02-20,5091.1640625
2012-02-21,5057.263671875
2012-02-22,4964.80810546875
2012-02-23,4958.64697265625
2012-02-24,5048.01953125
2012-02-27,5001.791015625
2012-02-28,5011.0361328125
2012-02-29,4977.13720703125
2012-03-02,4986.38330078125
2012-03-05,4949.400390625
2012-03-06,4943.236328125
2012-03-07,4887.763671875
2012-03-08,5004.8720703125
2012-03-09,5023.36376953125
2012-03-12,4986.38330078125
2012-03-13,5165.12646484375
2012-03-14,5263.74609375
2012-03-15,5325.38232421875
2012-03-16,5303.80859375
2012-03-19,5350.037109375
2012-03-20,5269.90869140625
2012-03-21,5337.70849609375
2012-03-22,5396.263671875
2012-03-23,5279.15380859375
2012-03-26,5272.9912109375
2012-03-27,5269.90869140625
2012-03-28,5232.9267578125
2012-03-29,5189.78271484375
2012-03-30,5100.4091796875
2012-04-02,5263.74609375
2012-04-03,5263.74609375
2012-04-04,5257.5810546875
2012-04-05,5242.1728515625
2012-04-06,5131.2275390625
2012-04-09,4992.546875
2012-04-10,5041.85595703125
2012-04-12,5085.00048828125
2012-04-13,5125.0654296875
2012-04-16,5023.36376953125
2012-04-17,5035.69140625
2012-04-18,5023.36376953125
2012-04-19,4943.236328125
2012-04-20,4881.6005859375
2012-04-23,4927.828125
2012-04-24,4881.6005859375
2012-04-25,4829.20947265625
2012-04-26,4810.71875
2012-04-27,4788.76611328125
2012-04-30,4682.14013671875
2012-05-02,4773.0849609375
2012-05-03,4838.9423828125
2012-05-04,4816.9912109375
2012-05-07,4726.04296875
2012-05-08,4842.07861328125
2012-05-09,4816.9912109375
2012-05-10,4813.85400390625
2012-05-11,4704.091796875
2012-05-14,4682.14013671875
2012-05-15,4644.5087890625
2012-05-16,4594.3291015625
2012-05-17,4534.744140625
2012-05-18,4302.67578125
2012-05-21,4308.94921875
2012-05-22,4472.02392578125
2012-05-23,4462.61865234375
2012-05-24,4472.02392578125
2012-05-25,4472.02392578125
2012-05-29,4528.4736328125
2012-05-30,4493.97607421875
2012-05-31,4537.88037109375
2012-06-01,4490.84033203125
2012-06-04,4396.7568359375
2012-06-05,4487.705078125
2012-06-07,4663.32470703125
2012-06-08,4641.37158203125
2012-06-11,4722.90869140625
2012-06-12,4679.00341796875
2012-06-13,4631.962890625
2012-06-14,4679.00341796875
2012-06-15,4726.04296875
2012-06-18,4798.1748046875
2012-06-19,4751.13427734375
2012-06-20,4744.859375
2012-06-21,4688.412109375
2012-06-22,4559.83349609375
2012-06-25,4509.65673828125
2012-06-26,4522.2001953125
2012-06-27,4475.16015625
2012-06-28,4475.16015625
2012-06-29,4644.5087890625
2012-07-02,4653.9169921875
2012-07-03,4741.72509765625
2012-07-04,4710.365234375
2012-07-05,4644.5087890625
2012-07-06,4578.6494140625
2012-07-09,4519.0634765625
2012-07-10,4493.97607421875
2012-07-11,4525.3359375
2012-07-12,4415.57470703125
2012-07-13,4403.02978515625
2012-07-16,4390.4853515625
2012-07-17,4459.48046875
2012-07-18,4352.85400390625
2012-07-19,4265.044921875
2012-07-20,4252.49853515625
2012-07-23,4101.96826171875
2012-07-24,4139.60205078125
2012-07-25,4083.15185546875
2012-07-26,4114.51416015625
2012-07-27,4236.81982421875
2012-07-30,4280.7236328125
2012-07-31,4387.35009765625
2012-08-01,4327.7646484375
2012-08-02,4277.587890625
2012-08-03,4164.6904296875
2012-08-06,4233.68359375
2012-08-07,4277.587890625
2012-08-08,4362.2607421875
2012-08-09,4472.02392578125
2012-08-10,4487.705078125
2012-08-13,4472.02392578125
2012-08-14,4519.0634765625
2012-08-16,4515.9296875
2012-08-17,4484.56787109375
2012-08-20,4519.0634765625
2012-08-21,4490.84033203125
2012-08-22,4468.8876953125
2012-08-23,4553.5625
2012-08-24,4393.6220703125
2012-08-27,4512.7919921875
2012-08-28,4490.84033203125
2012-08-29,4456.34326171875
2012-08-30,4377.9423828125
2012-08-31,4362.2607421875
2012-09-03,4343.44580078125
2012-09-04,4359.1259765625
2012-09-05,4280.7236328125
2012-09-06,4286.9951171875
2012-09-07,4446.935546875
2012-09-10,4443.798828125
2012-09-11,4387.35009765625
2012-09-12,4450.0712890625
2012-09-13,4409.3037109375
2012-09-14,4660.18603515625
2012-09-17,4760.54150390625
2012-09-18,4738.58935546875
2012-09-19,4804.44677734375
2012-09-20,4751.13427734375
2012-09-21,4710.365234375
2012-09-24,4616.28271484375
2012-09-25,4581.78466796875
2012-09-26,4534.744140625
2012-09-27,4541.0166015625
2012-09-28,4534.744140625
2012-10-02,4541.0166015625
2012-10-04,4472.02392578125
2012-10-05,4503.3857421875
2012-10-08,4456.34326171875
2012-10-09,4450.0712890625
2012-10-10,4365.3974609375
2012-10-11,4359.1259765625
2012-10-12,4346.5810546875
2012-10-15,4371.669921875
2012-10-16,4390.4853515625
2012-10-17,4434.390625
2012-10-18,4484.56787109375
2012-10-19,4453.20947265625
2012-10-22,4424.982421875
2012-10-23,4352.85400390625
2012-10-24,4305.81298828125
2012-10-25,4283.86083984375
2012-10-26,4261.908203125
2012-10-29,4315.22119140625
2012-10-30,4280.7236328125
2012-10-31,4340.30908203125
2012-11-01,4227.4111328125
2012-11-02,4327.7646484375
2012-11-05,4324.6298828125
2012-11-06,4371.669921875
2012-11-07,4334.03759765625
2012-11-08,4205.4580078125
2012-11-09,4167.826171875
2012-11-12,4145.8720703125
2012-11-13,4117.64892578125
2012-11-14,4117.64892578125
2012-11-15,4073.74658203125
2012-11-16,4076.88037109375
2012-11-19,4067.47265625
2012-11-20,4089.42431640625
2012-11-21,4048.656005859375
2012-11-22,4098.83203125
2012-11-23,4086.2890625
2012-11-26,4051.791015625
2012-11-27,4108.240234375
2012-11-28,4042.38232421875
2012-11-29,4170.96142578125
2012-11-30,4211.73046875
2012-12-03,4161.5537109375
2012-12-04,4130.19287109375
2012-12-05,4164.6904296875
2012-12-06,4265.044921875
2012-12-07,4252.49853515625
2012-12-10,4211.73046875
2012-12-11,4334.03759765625
2012-12-12,4418.7109375
2012-12-13,4465.75244140625
2012-12-14,4453.20947265625
2012-12-17,4453.20947265625
2012-12-18,4490.84033203125
2012-12-20,4528.4736328125
2012-12-21,4556.697265625
2012-12-24,4584.92138671875
2012-12-26,4566.10595703125
2012-12-27,4578.6494140625
2012-12-28,4619.4169921875
2013-01-02,4729.18115234375
2013-01-03,4779.35791015625
2013-01-04,4773.0849609375
2013-01-07,4807.58251953125
2013-01-08,4738.58935546875
2013-01-09,4688.412109375
2013-01-10,4666.4599609375
2013-01-11,4600.60302734375
2013-01-14,4679.00341796875
2013-01-15,4660.18603515625
2013-01-16,4679.00341796875
2013-01-17,4726.04296875
2013-01-18,4776.2216796875
2013-01-21,4848.3515625
2013-01-22,4854.6240234375
2013-01-23,4813.85400390625
2013-01-24,4810.71875
2013-01-25,4854.6240234375
2013-01-28,5027.1083984375
2013-01-29,4967.521484375
2013-01-30,4929.88818359375
2013-01-31,4867.16748046875
2013-02-01,4892.25537109375
2013-02-04,4860.8935546875
2013-02-05,4760.54150390625
2013-02-06,4716.63671875
2013-02-07,4716.63671875
2013-02-08,4779.35791015625
2013-02-12,4773.0849609375
2013-02-13,4851.48681640625
2013-02-14,4882.84716796875
2013-02-15,4829.53466796875
2013-02-18,4854.6240234375
2013-02-19,4851.48681640625
2013-02-20,4992.61083984375
2013-02-21,4942.43408203125
2013-02-22,4958.11376953125
2013-02-25,4998.880859375
2013-02-26,4967.521484375
2013-02-27,4967.521484375
2013-02-28,5058.466796875
2013-03-04,5039.65087890625
2013-03-05,5027.1083984375
2013-03-06,5036.515625
2013-03-07,4976.9296875
2013-03-08,5002.01904296875
2013-03-11,5005.15478515625
2013-03-12,4967.521484375
2013-03-13,4885.9833984375
2013-03-14,4885.9833984375
2013-03-15,4873.44091796875
2013-03-18,4854.6240234375
2013-03-19,4791.9013671875
2013-03-20,4704.091796875
2013-03-21,4631.962890625
2013-03-22,4631.962890625
2013-03-25,4782.49365234375
2013-03-26,4763.67626953125
2013-03-27,4804.44677734375
2013-03-28,4820.12548828125
2013-03-29,4885.9833984375
2013-04-01,4870.3037109375
2013-04-02,4719.7734375
2013-04-03,4735.45263671875
2013-04-04,4732.3173828125
2013-04-05,4635.0986328125
2013-04-08,4669.59619140625
2013-04-09,4647.64306640625
2013-04-10,4691.5478515625
2013-04-11,4726.04296875
2013-04-12,4669.59619140625
2013-04-15,4594.3291015625
2013-04-16,4606.8740234375
2013-04-17,4584.92138671875
2013-04-18,4512.7919921875
2013-04-19,4525.3359375
2013-04-22,4625.68994140625
2013-04-23,4603.73876953125
2013-04-24,4688.412109375
2013-04-25,4657.05126953125
2013-04-26,4622.55517578125
2013-04-29,4577.80029296875
2013-04-30,4577.80029296875
2013-05-02,4433.9443359375
2013-05-03,4385.99267578125
2013-05-06,4401.97607421875
2013-05-07,4385.99267578125
2013-05-08,4440.33740234375
2013-05-09,4609.76708984375
2013-05-10,4558.619140625
2013-05-13,4542.634765625
2013-05-14,4590.587890625
2013-05-15,4635.34228515625
2013-05-16,4705.67138671875
2013-05-20,4708.8662109375
2013-05-21,4712.0654296875
2013-05-22,4766.40966796875
2013-05-23,4699.2783203125
2013-05-24,4788.78759765625
2013-05-27,4788.78759765625
2013-05-28,4788.78759765625
2013-05-29,4891.0849609375
2013-05-30,4836.73779296875
2013-05-31,4820.755859375
2013-06-03,4807.96875
2013-06-04,4779.197265625
2013-06-05,4619.3583984375
2013-06-07,4596.98046875
2013-06-10,4619.3583984375
2013-06-11,4648.12939453125
2013-06-12,4603.37451171875
2013-06-13,4497.88037109375
2013-06-14,4494.68408203125
2013-06-17,4501.0771484375
2013-06-18,4523.455078125
2013-06-19,4507.47021484375
2013-06-20,4421.15673828125
2013-06-21,4325.25390625
2013-06-24,4245.333984375
2013-06-25,4216.5625
2013-06-26,4270.9091796875
2013-06-27,4328.4501953125
2013-06-28,4360.41796875
2013-07-01,4363.61474609375
2013-07-02,4382.79541015625
2013-07-03,4283.69482421875
2013-07-04,4280.49853515625
2013-07-05,4309.26953125
2013-07-08,4354.02587890625
2013-07-09,4376.40185546875
2013-07-10,4379.59814453125
2013-07-11,4517.06005859375
2013-07-12,4523.455078125
2013-07-15,4520.2568359375
2013-07-16,4513.86474609375
2013-07-17,4526.65087890625
2013-07-18,4472.3056640625
2013-07-19,4497.88037109375
2013-07-22,4520.2568359375
2013-07-23,4673.703125
2013-07-24,4673.703125
2013-07-25,4648.12939453125
2013-07-26,4628.94775390625
2013-07-29,4616.162109375
2013-07-30,4654.5224609375
2013-07-31,4683.29296875
2013-08-01,4699.2783203125
2013-08-02,4737.6396484375
2013-08-05,4705.67138671875
2013-08-06,4664.11376953125
2013-08-07,4606.56982421875
2013-08-08,4641.736328125
2013-08-09,4673.703125
2013-08-12,4654.5224609375
2013-08-13,4689.6884765625
2013-08-14,4692.88427734375
2013-08-16,4651.3251953125
2013-08-19,4622.5537109375
2013-08-20,4574.60400390625
2013-08-21,4517.06005859375
2013-08-22,4459.51904296875
2013-08-23,4475.501953125
2013-08-26,4475.501953125
2013-08-27,4453.125
2013-08-28,4398.7802734375
2013-08-29,4501.0771484375
2013-08-30,4593.78466796875
2013-09-02,4590.587890625
2013-09-03,4683.29296875
2013-09-04,4718.4580078125
2013-09-05,4731.24609375
2013-09-06,4718.4580078125
2013-09-09,4791.984375
2013-09-10,4855.91943359375
2013-09-11,4910.2666015625
2013-09-12,4875.1005859375
2013-09-13,4843.1337890625
2013-09-16,4919.85693359375
2013-09-17,4939.0380859375
2013-09-23,5028.546875
2013-09-24,5009.3662109375
2013-09-25,4961.41455078125
2013-09-26,4971.00537109375
2013-09-27,4993.3818359375
2013-09-30,4907.06787109375
2013-10-01,4919.85693359375
2013-10-02,4923.052734375
2013-10-04,4964.61083984375
2013-10-07,4967.80908203125
2013-10-08,4939.0380859375
2013-10-10,4878.2978515625
2013-10-11,5086.0888671875
2013-10-14,5108.46728515625
2013-10-15,5156.41748046875
2013-10-16,5287.48779296875
2013-10-17,5386.5859375
2013-10-18,5456.9169921875
2013-10-21,5434.53857421875
2013-10-22,5345.029296875
2013-10-23,5220.3544921875
2013-10-24,5300.27294921875
2013-10-25,5233.14208984375
2013-10-28,5242.73193359375
2013-10-29,5233.14208984375
2013-10-30,5309.8642578125
2013-10-31,5284.28955078125
2013-11-01,5236.337890625
2013-11-04,5102.07373046875
2013-11-05,5108.46728515625
2013-11-06,5073.3017578125
2013-11-07,5063.71142578125
2013-11-08,5002.97119140625
2013-11-11,5009.3662109375
2013-11-12,5015.76025390625
2013-11-13,4884.6904296875
2013-11-14,4871.904296875
2013-11-15,5070.10546875
2013-11-18,5082.892578125
2013-11-19,5159.6142578125
2013-11-20,5098.87646484375
2013-11-21,5022.1533203125
2013-11-22,5095.677734375
2013-11-25,5089.287109375
2013-11-26,5073.3017578125
2013-11-27,5057.3173828125
2013-11-28,5089.287109375
2013-11-29,5086.0888671875
2013-12-02,5114.861328125
2013-12-03,5095.677734375
2013-12-04,5031.7421875
2013-12-05,4977.39794921875
2013-12-06,5002.97119140625
2013-12-09,5082.892578125
2013-12-10,5127.64794921875
2013-12-11,5018.95703125
2013-12-12,4999.775390625
2013-12-13,5022.1533203125
2013-12-16,4958.21728515625
2013-12-17,4967.80908203125
2013-12-18,5127.64794921875
2013-12-19,5153.22119140625
2013-12-20,5220.3544921875
2013-12-23,5261.912109375
2013-12-24,5255.5185546875
2013-12-26,5284.28955078125
2013-12-27,5329.04638671875
2013-12-30,5460.11376953125
2014-01-02,5428.14453125
2014-01-03,5265.10888671875
2014-01-06,5265.10888671875
2014-01-07,5217.158203125
2014-01-08,5239.53466796875
2014-01-09,5300.27294921875
2014-01-10,5172.40283203125
2014-01-13,5181.99267578125
2014-01-14,5124.4521484375
2014-01-15,5159.6142578125
2014-01-16,5162.8115234375
2014-01-17,5098.87646484375
2014-01-20,5066.9072265625
2014-01-21,5121.25341796875
2014-01-22,5102.07373046875
2014-01-23,5025.35009765625
2014-01-24,5082.892578125
2014-01-27,5018.95703125
2014-01-28,4980.59423828125
2014-01-29,5127.64794921875
2014-02-03,4999.775390625
2014-02-04,4910.2666015625
2014-02-05,4913.46142578125
2014-02-06,4955.0185546875
2014-02-07,4948.62744140625
2014-02-10,4849.5283203125
2014-02-11,4887.88818359375
2014-02-12,4923.052734375
2014-02-13,4871.904296875
2014-02-14,4887.88818359375
2014-02-17,5076.4990234375
2014-02-18,5089.287109375
2014-02-19,5057.3173828125
2014-02-20,5028.546875
2014-02-21,5095.677734375
2014-02-24,5134.04150390625
2014-02-25,5156.41748046875
2014-02-26,5172.40283203125
2014-02-27,5156.41748046875
2014-02-28,5207.56591796875
2014-03-03,5105.26904296875
2014-03-04,5118.056640625
2014-03-05,5172.40283203125
2014-03-06,5185.1904296875
2014-03-07,5156.41748046875
2014-03-10,5034.9404296875
2014-03-11,5086.0888671875
2014-03-12,4980.59423828125
2014-03-13,4974.20166015625
2014-03-14,4935.83984375
2014-03-17,4967.80908203125
2014-03-18,4977.39794921875
2014-03-19,5002.97119140625
2014-03-20,4897.47900390625
2014-03-21,4929.4482421875
2014-03-24,4964.61083984375
2014-03-25,4961.41455078125
2014-03-26,5066.9072265625
2014-03-27,5044.53125
2014-03-28,5092.48291015625
2014-03-31,5098.87646484375
2014-04-01,5073.3017578125
2014-04-02,5079.69482421875
2014-04-03,5002.97119140625
2014-04-04,5012.56298828125
2014-04-07,4986.98779296875
2014-04-08,5031.7421875
2014-04-09,5082.892578125
2014-04-10,5118.056640625
2014-04-11,5066.9072265625
2014-04-14,5082.892578125
2014-04-15,5047.72900390625
2014-04-16,5015.76025390625
2014-04-17,5018.95703125
2014-04-18,5038.138671875
2014-04-21,5031.7421875
2014-04-22,5006.17041015625
2014-04-23,4990.18505859375
2014-04-24,4967.80908203125
2014-04-25,4878.2978515625
2014-04-28,4852.7236328125
2014-04-29,4836.5908203125
2014-04-30,4872.08251953125
2014-05-02,4888.216796875
2014-05-07,4820.45703125
2014-05-08,4872.08251953125
2014-05-09,4901.12158203125
2014-05-12,4878.53515625
2014-05-13,4933.38623046875
2014-05-14,5046.31591796875
2014-05-15,5065.67578125
2014-05-16,5062.44970703125
2014-05-19,5072.12841796875
2014-05-20,5017.27783203125
2014-05-21,4949.51953125
2014-05-22,4997.9189453125
2014-05-23,4985.0126953125
2014-05-26,4952.74755859375
2014-05-27,4930.1591796875
2014-05-28,4933.38623046875
2014-05-29,4907.57568359375
2014-05-30,4855.951171875
2014-06-02,4894.66943359375
2014-06-03,4872.08251953125
2014-06-05,4846.2724609375
2014-06-09,4907.57568359375
2014-06-10,4936.61376953125
2014-06-11,4988.2392578125
2014-06-12,4962.42578125
2014-06-13,4910.80126953125
2014-06-16,4910.80126953125
2014-06-17,4901.12158203125
2014-06-18,4865.63037109375
2014-06-19,4888.216796875
2014-06-20,4830.13818359375
2014-06-23,4849.4970703125
2014-06-24,4907.57568359375
2014-06-25,4875.31005859375
2014-06-26,4910.80126953125
2014-06-27,4904.34814453125
2014-06-30,4926.9345703125
2014-07-01,4881.76171875
2014-07-02,4884.99072265625
2014-07-03,4878.53515625
2014-07-04,4849.4970703125
2014-07-07,4865.63037109375
2014-07-08,4865.63037109375
2014-07-09,4884.99072265625
2014-07-10,4878.53515625
2014-07-11,4843.0439453125
2014-07-14,4862.40185546875
2014-07-15,4914.02734375
2014-07-16,4939.83984375
2014-07-17,4952.74755859375
2014-07-18,4894.66943359375
2014-07-21,4946.2939453125
2014-07-22,4981.78515625
2014-07-23,5043.08984375
2014-07-24,5010.8232421875
2014-07-25,5097.94091796875
2014-07-28,5294.7607421875
2014-07-29,5417.369140625
2014-07-30,5478.6728515625
2014-07-31,5514.16650390625
2014-08-01,5514.16650390625
2014-08-04,5504.486328125
2014-08-05,5472.22119140625
2014-08-06,5523.84521484375
2014-08-07,5523.84521484375
2014-08-08,5446.40771484375
2014-08-11,5462.54052734375
2014-08-12,5514.16650390625
2014-08-13,5523.84521484375
2014-08-14,5591.603515625
2014-08-18,5552.88427734375
2014-08-19,5623.86669921875
2014-08-20,5614.18896484375
2014-08-21,5449.63427734375
2014-08-22,5530.29833984375
2014-08-25,5536.7509765625
2014-08-26,5601.283203125
2014-08-27,5704.53173828125
2014-08-28,5652.90673828125
2014-08-29,5665.8134765625
2014-09-01,5630.322265625
2014-09-02,5646.453125
2014-09-03,5788.42041015625
2014-09-04,5746.4765625
2014-09-05,5701.30322265625
2014-09-11,5652.90673828125
2014-09-12,5675.49267578125
2014-09-15,5488.3525390625
2014-09-16,5520.6181640625
2014-09-17,5507.71240234375
2014-09-18,5530.29833984375
2014-09-19,5517.3916015625
2014-09-22,5478.6728515625
2014-09-23,5552.88427734375
2014-09-24,5520.6181640625
2014-09-25,5485.1259765625
2014-09-26,5301.212890625
2014-09-29,5330.251953125
2014-09-30,5262.49462890625
2014-10-01,5123.75390625
2014-10-02,5156.01904296875
2014-10-06,5152.79150390625
2014-10-07,5210.8701171875
2014-10-08,5162.47216796875
2014-10-10,5172.15234375
2014-10-13,5172.15234375
2014-10-14,5104.392578125
2014-10-15,5075.35546875
2014-10-16,5075.35546875
2014-10-17,5049.5419921875
2014-10-20,5107.6201171875
2014-10-21,4962.42578125
2014-10-22,5126.97900390625
2014-10-23,5046.31591796875
2014-10-24,4994.6923828125
2014-10-27,5136.66064453125
2014-10-28,5130.20703125
2014-10-29,5336.7060546875
2014-10-30,5323.80029296875
2014-10-31,5265.7216796875
2014-11-03,5201.189453125
2014-11-04,5191.51171875
2014-11-05,5201.189453125
2014-11-06,5239.90869140625
2014-11-07,5172.15234375
2014-11-10,5133.43359375
2014-11-11,5094.7158203125
2014-11-12,5114.07275390625
2014-11-13,5107.6201171875
2014-11-14,4988.2392578125
2014-11-17,4988.2392578125
2014-11-18,4988.2392578125
2014-11-19,5033.4091796875
2014-11-20,4933.38623046875
2014-11-21,4881.76171875
2014-11-24,4952.74755859375
2014-11-25,4923.70751953125
2014-11-26,4926.9345703125
2014-11-27,4878.53515625
2014-11-28,4849.4970703125
2014-12-01,4772.06005859375
2014-12-02,4765.607421875
2014-12-03,4784.96630859375
2014-12-04,4833.3642578125
2014-12-05,4833.3642578125
2014-12-08,4810.7783203125
2014-12-09,4775.2861328125
2014-12-10,4710.75390625
2014-12-11,4681.71728515625
2014-12-12,4713.982421875
2014-12-15,4668.80908203125
2014-12-16,4649.451171875
2014-12-17,4678.4912109375
2014-12-18,4678.4912109375
2014-12-19,4697.84912109375
2014-12-22,4694.62255859375
2014-12-23,4704.302734375
2014-12-24,4752.69970703125
2014-12-26,4765.607421875
2014-12-29,4736.56787109375
2014-12-30,4604.2802734375
2015-01-02,4559.10791015625
2015-01-05,4497.802734375
2015-01-06,4442.951171875
2015-01-07,4397.7822265625
2015-01-08,4552.654296875
2015-01-09,4613.958984375
2015-01-12,4491.35009765625
2015-01-13,4497.802734375
2015-01-14,4533.29638671875
2015-01-15,4504.2568359375
2015-01-16,4433.2724609375
2015-01-19,4513.93603515625
2015-01-20,4533.29638671875
2015-01-21,4539.74755859375
2015-01-22,4555.8828125
2015-01-23,4633.3203125
2015-01-26,4655.90283203125
2015-01-27,4646.2255859375
2015-01-28,4520.3896484375
2015-01-29,4562.3359375
2015-01-30,4536.52294921875
2015-02-02,4530.06982421875
2015-02-03,4610.73388671875
2015-02-04,4630.09130859375
2015-02-05,4420.36572265625
2015-02-06,4455.8583984375
2015-02-09,4391.32763671875
2015-02-10,4407.46142578125
2015-02-11,4462.31201171875
2015-02-12,4401.005859375
2015-02-13,4491.35009765625
2015-02-16,4475.21826171875
2015-02-17,4565.5615234375
2015-02-23,4572.0146484375
2015-02-24,4591.37451171875
2015-02-25,4620.412109375
2015-02-26,4623.63916015625
2015-02-27,4610.73388671875
2015-03-02,4491.35009765625
2015-03-03,4523.615234375
2015-03-04,4510.71044921875
2015-03-05,4475.21826171875
2015-03-06,4426.8193359375
2015-03-09,4407.46142578125
2015-03-10,4420.36572265625
2015-03-11,4355.83642578125
2015-03-12,4481.6708984375
2015-03-13,4442.951171875
2015-03-16,4471.990234375
2015-03-17,4584.9208984375
2015-03-18,4597.82763671875
2015-03-19,4646.2255859375
2015-03-20,4649.451171875
2015-03-23,4623.63916015625
2015-03-24,4526.84228515625
2015-03-25,4433.2724609375
2015-03-26,4510.71044921875
2015-03-27,4488.12255859375
2015-03-30,4468.765625
2015-03-31,4539.74755859375
2015-04-01,4459.0859375
2015-04-02,4475.21826171875
2015-04-03,4507.484375
2015-04-06,4433.2724609375
2015-04-07,4394.55419921875
2015-04-08,4355.83642578125
2015-04-09,4307.4384765625
2015-04-10,4401.005859375
2015-04-13,4442.951171875
2015-04-14,4736.56787109375
2015-04-15,4668.80908203125
2015-04-16,4713.982421875
2015-04-17,4749.4736328125
2015-04-20,4762.3798828125
2015-04-21,4713.982421875
2015-04-22,4662.357421875
2015-04-23,4872.08251953125
2015-04-24,4923.70751953125
2015-04-27,4881.76171875
2015-04-28,4830.13818359375
2015-04-29,4895.8984375
2015-04-30,4849.865234375
2015-05-04,4991.25244140625
2015-05-06,4968.23583984375
2015-05-07,4843.2890625
2015-05-08,4816.98486328125
2015-05-11,4820.2734375
2015-05-12,4886.03564453125
2015-05-13,4899.18701171875
2015-05-14,4869.5947265625
2015-05-15,4810.408203125
2015-05-18,4757.8017578125
2015-05-19,4767.6650390625
2015-05-20,4813.69677734375
2015-05-21,4701.904296875
2015-05-22,4797.2578125
2015-05-26,4728.20849609375
2015-05-27,4603.2626953125
2015-05-28,4665.73486328125
2015-05-29,4715.05712890625
2015-06-01,4622.99169921875
2015-06-02,4606.55029296875
2015-06-03,4632.85498046875
2015-06-04,4530.923828125
2015-06-05,4468.4521484375
2015-06-08,4524.349609375
2015-06-09,4517.7734375
2015-06-10,4622.99169921875
2015-06-11,4622.99169921875
2015-06-12,4550.65283203125
2015-06-15,4471.74072265625
2015-06-16,4369.81201171875
2015-06-17,4402.6904296875
2015-06-18,4350.08251953125
2015-06-19,4317.203125
2015-06-22,4356.65869140625
2015-06-23,4445.4365234375
2015-06-24,4468.4521484375
2015-06-25,4452.0126953125
2015-06-26,4504.62060546875
2015-06-29,4484.89306640625
2015-06-30,4491.46923828125
2015-07-01,4481.60498046875
2015-07-02,4425.70751953125
2015-07-03,4415.8447265625
2015-07-06,4327.06591796875
2015-07-07,4389.5400390625
2015-07-08,4313.91552734375
2015-07-09,4297.47265625
2015-07-10,4287.61083984375
2015-07-13,4405.97998046875
2015-07-14,4471.74072265625
2015-07-15,4261.30712890625
2015-07-16,4336.93115234375
2015-07-17,4228.42578125
2015-07-20,4225.13623046875
2015-07-21,4267.8818359375
2015-07-22,4231.7138671875
2015-07-23,4248.1533203125
2015-07-24,4156.087890625
2015-07-27,4235.0009765625
2015-07-28,4264.5947265625
2015-07-29,4254.73095703125
2015-07-30,4376.3876953125
2015-07-31,4442.14892578125
2015-08-03,4419.1328125
2015-08-04,4494.7568359375
2015-08-05,4455.298828125
2015-08-06,4461.8759765625
2015-08-07,4468.4521484375
2015-08-10,4560.51806640625
2015-08-11,4507.90966796875
2015-08-12,4507.90966796875
2015-08-13,4359.947265625
2015-08-17,4379.67626953125
2015-08-18,4461.8759765625
2015-08-19,4465.16455078125
2015-08-20,4409.267578125
2015-08-21,4336.93115234375
2015-08-24,4172.52978515625
2015-08-25,4165.9521484375
2015-08-26,4172.52978515625
2015-08-27,4179.10498046875
2015-08-28,4281.03369140625
2015-08-31,4248.1533203125
2015-09-01,4179.10498046875
2015-09-02,4208.697265625
2015-09-03,4152.80029296875
2015-09-04,4126.49560546875
2015-09-07,4119.91943359375
2015-09-08,4126.49560546875
2015-09-09,4208.697265625
2015-09-10,4281.03369140625
2015-09-11,4254.73095703125
2015-09-14,4254.73095703125
2015-09-15,4271.1708984375
2015-09-16,4340.2177734375
2015-09-17,4369.81201171875
2015-09-18,4248.1533203125
2015-09-21,4238.2900390625
2015-09-22,4267.8818359375
2015-09-23,4208.697265625
2015-09-24,4205.408203125
2015-09-30,4271.1708984375
2015-10-01,4267.8818359375
2015-10-02,4221.849609375
2015-10-05,4195.544921875
2015-10-06,4221.849609375
2015-10-07,4192.2578125
2015-10-08,4231.7138671875
2015-10-12,4336.93115234375
2015-10-13,4340.2177734375
2015-10-14,4310.62646484375
2015-10-15,4363.2353515625
2015-10-16,4379.67626953125
2015-10-19,4396.11474609375
2015-10-20,4452.0126953125
2015-10-21,4484.89306640625
2015-10-22,4478.31689453125
2015-10-23,4507.90966796875
2015-10-26,4481.60498046875
2015-10-27,4471.74072265625
2015-10-28,4428.99560546875
2015-10-29,4369.81201171875
2015-10-30,4432.28466796875
2015-11-02,4432.28466796875
2015-11-03,4468.4521484375
2015-11-04,4468.4521484375
2015-11-05,4438.861328125
2015-11-06,4419.1328125
2015-11-09,4455.298828125
2015-11-10,4376.3876953125
2015-11-11,4327.06591796875
2015-11-12,4346.794921875
2015-11-13,4277.74658203125
2015-11-16,4188.96875
2015-11-17,4221.849609375
2015-11-18,4149.51220703125
2015-11-19,4211.984375
2015-11-20,4208.697265625
2015-11-23,4202.12158203125
2015-11-24,4202.12158203125
2015-11-25,4165.9521484375
2015-11-26,4162.6650390625
2015-11-27,4175.81787109375
2015-11-30,4129.7841796875
2015-12-01,4152.80029296875
2015-12-02,4113.34423828125
2015-12-03,4064.0234375
2015-12-04,4034.430419921875
2015-12-07,4014.703369140625
2015-12-08,3988.39794921875
2015-12-09,3971.9580078125
2015-12-10,4034.430419921875
2015-12-11,4017.990966796875
2015-12-14,4001.5498046875
2015-12-15,3994.974853515625
2015-12-16,4057.447265625
2015-12-17,4017.990966796875
2015-12-18,3981.822998046875
2015-12-21,4008.126220703125
2015-12-22,3981.822998046875
2015-12-23,4008.126220703125
2015-12-24,4017.990966796875
2015-12-28,3981.822998046875
2015-12-29,4017.990966796875
2015-12-30,4001.5498046875
2016-01-04,3906.197265625
2016-01-05,3952.228759765625
2016-01-06,3925.92578125
2016-01-07,3870.029052734375
2016-01-08,3889.757568359375
2016-01-11,3804.269287109375
2016-01-12,3807.55615234375
2016-01-13,3860.166015625
2016-01-14,3794.403564453125
2016-01-15,3666.169921875
2016-01-18,3695.763427734375
2016-01-19,3649.7294921875
2016-01-20,3528.072265625
2016-01-21,3564.2412109375
2016-01-22,3633.290283203125
2016-01-25,3682.609619140625
2016-01-26,3603.697265625
2016-01-27,3662.882568359375
2016-01-28,3748.370849609375
2016-01-29,3791.115234375
2016-02-01,3768.09912109375
2016-02-02,3715.49072265625
2016-02-03,3616.84912109375
2016-02-04,3676.035400390625
2016-02-05,3800.9794921875
2016-02-11,3659.59423828125
2016-02-12,3639.865234375
2016-02-15,3768.09912109375
2016-02-16,3774.67529296875
2016-02-17,3909.485107421875
2016-02-18,3866.74169921875
2016-02-19,3823.995849609375
2016-02-22,3800.9794921875
2016-02-23,3804.269287109375
2016-02-24,3781.251220703125
2016-02-25,3758.234619140625
2016-02-26,3758.234619140625
2016-02-29,3722.066650390625
2016-03-02,3751.658447265625
2016-03-03,3804.269287109375
2016-03-04,3902.90869140625
2016-03-07,3945.65380859375
2016-03-08,3919.34912109375
2016-03-09,3922.637451171875
2016-03-10,3932.50244140625
2016-03-11,3978.533935546875
2016-03-14,4037.71923828125
2016-03-15,4024.56689453125
2016-03-16,4047.582763671875
2016-03-17,4060.736083984375
2016-03-18,4064.0234375
2016-03-21,4077.17529296875
2016-03-22,4050.870849609375
2016-03-23,4031.142333984375
2016-03-24,3998.26220703125
2016-03-25,3962.093994140625
2016-03-28,3985.1103515625
2016-03-29,4057.447265625
2016-03-30,4004.837890625
2016-03-31,4044.295166015625
2016-04-01,3975.24609375
2016-04-04,3945.65380859375
2016-04-05,3962.093994140625
2016-04-06,3945.65380859375
2016-04-07,3978.533935546875
2016-04-08,3935.789306640625
2016-04-11,3912.774169921875
2016-04-12,3935.789306640625
2016-04-14,4133.07177734375
2016-04-15,4146.2236328125
2016-04-18,4175.81787109375
2016-04-19,4221.849609375
2016-04-20,4254.73095703125
2016-04-21,4297.47265625
2016-04-22,4317.203125
2016-04-25,4340.2177734375
2016-04-26,4297.47265625
2016-04-27,4307.3388671875
2016-04-28,4243.099609375
2016-04-29,4216.052734375
2016-05-02,4101.099609375
2016-05-03,4094.337646484375
2016-05-04,4040.244873046875
2016-05-09,3986.14892578125
2016-05-10,4040.244873046875
2016-05-11,4060.52880859375
2016-05-12,4033.4814453125
2016-05-13,3976.005126953125
2016-05-16,3986.14892578125
2016-05-17,3955.71875
2016-05-18,3952.33740234375
2016-05-19,4070.67236328125
2016-05-20,3996.29052734375
2016-05-23,3982.766845703125
2016-05-24,3948.957763671875
2016-05-25,4036.862548828125
2016-05-26,4019.95654296875
2016-05-27,4040.244873046875
2016-05-30,4003.05322265625
2016-05-31,4077.4326171875
2016-06-01,4040.244873046875
2016-06-02,4016.576171875
2016-06-03,4003.05322265625
2016-06-07,4047.0048828125
2016-06-08,4118.00439453125
2016-06-09,4175.47998046875
2016-06-10,4118.00439453125
2016-06-13,4047.0048828125
2016-06-14,4006.4345703125
2016-06-15,3908.385986328125
2016-06-16,3894.861572265625
2016-06-17,3894.861572265625
2016-06-20,4006.4345703125
2016-06-21,3969.24267578125
2016-06-22,4013.196044921875
2016-06-23,4043.6240234375
2016-06-24,3861.052490234375
2016-06-27,3800.194091796875
2016-06-28,3806.95703125
2016-06-29,3854.290283203125
2016-06-30,3864.433349609375
2016-07-01,3871.196044921875
2016-07-04,3888.10009765625
2016-07-05,3854.290283203125
2016-07-06,3776.52783203125
2016-07-07,3813.7197265625
2016-07-08,3769.766357421875
2016-07-11,3820.480712890625
2016-07-12,3881.337646484375
2016-07-13,3935.43359375
2016-07-14,3898.242431640625
2016-07-15,3996.29052734375
2016-07-18,3982.766845703125
2016-07-19,4013.196044921875
2016-07-20,3989.527099609375
2016-07-21,4006.4345703125
2016-07-22,4080.814453125
2016-07-25,4232.9580078125
2016-07-26,4243.099609375
2016-07-27,4263.38525390625
2016-07-28,4219.43310546875
2016-07-29,4205.9091796875
2016-08-01,4222.8154296875
2016-08-02,4178.86181640625
2016-08-03,4131.52978515625
2016-08-04,4124.76708984375
2016-08-05,4182.244140625
2016-08-08,4287.052734375
2016-08-09,4358.05322265625
2016-08-10,4331.00341796875
2016-08-11,4310.71923828125
2016-08-12,4320.8623046875
2016-08-16,4324.24365234375
2016-08-17,4310.71923828125
2016-08-18,4266.767578125
2016-08-19,4253.24365234375
2016-08-22,4260.005859375
2016-08-23,4303.95751953125
2016-08-24,4253.24365234375
2016-08-25,4327.62451171875
2016-08-26,4266.767578125
2016-08-29,4361.43408203125
2016-08-30,4385.10009765625
2016-08-31,4391.86328125
2016-09-01,4449.33984375
2016-09-02,4402.00537109375
2016-09-05,4432.43359375
2016-09-06,4425.67236328125
2016-09-07,4469.625
2016-09-08,4449.33984375
2016-09-09,4469.625
2016-09-12,4469.625
2016-09-13,4358.05322265625
2016-09-19,4351.29052734375
2016-09-20,4331.00341796875
2016-09-21,4408.767578125
2016-09-22,4354.67236328125
2016-09-23,4378.337890625
2016-09-26,4381.7197265625
2016-09-27,4402.00537109375
2016-09-28,4368.1953125
2016-09-29,4391.86328125
2016-09-30,4337.76806640625
2016-10-04,4385.10009765625
2016-10-05,4361.43408203125
2016-10-06,4385.10009765625
2016-10-07,4358.05322265625
2016-10-10,4459.48291015625
2016-10-11,4537.244140625
2016-10-12,4537.244140625
2016-10-13,4493.291015625
2016-10-14,4506.8154296875
2016-10-17,4571.05419921875
2016-10-18,4706.29052734375
2016-10-19,4736.7197265625
2016-10-20,4760.38623046875
2016-10-21,4787.4345703125
2016-10-24,4899.00634765625
2016-10-25,4905.76708984375
2016-10-26,4807.720703125
2016-10-27,4804.33935546875
2016-10-28,4777.29052734375
2016-10-31,4828.00732421875
2016-11-01,4770.53076171875
2016-11-02,4699.52880859375
2016-11-03,4716.4345703125
2016-11-04,4713.05419921875
2016-11-07,4723.1953125
2016-11-08,4713.05419921875
2016-11-09,4648.81591796875
2016-11-10,4851.671875
2016-11-11,4942.95751953125
2016-11-14,4848.2919921875
2016-11-15,4841.53076171875
2016-11-16,4807.720703125
2016-11-17,4729.9580078125
2016-11-18,4770.53076171875
2016-11-21,4706.29052734375
2016-11-22,4709.67236328125
2016-11-23,4804.33935546875
2016-11-24,4794.19580078125
2016-11-25,4773.90966796875
2016-11-28,4743.482421875
2016-11-29,4729.9580078125
2016-11-30,4770.53076171875
2016-12-01,4760.38623046875
2016-12-02,4770.53076171875
2016-12-05,4746.8623046875
2016-12-06,4729.9580078125
2016-12-07,4821.24365234375
2016-12-08,4980.1494140625
2016-12-09,4946.33935546875
2016-12-12,4997.0537109375
2016-12-13,4929.435546875
2016-12-14,4929.435546875
2016-12-15,4912.529296875
2016-12-16,5024.1025390625
2016-12-19,4997.0537109375
2016-12-20,5003.81494140625
2016-12-21,4983.529296875
2016-12-22,4963.24365234375
2016-12-23,4929.435546875
2016-12-26,4932.81591796875
2016-12-27,4915.91064453125
2016-12-28,4953.1015625
2016-12-29,4895.62451171875
2017-01-02,4882.1015625
2017-01-03,4942.95751953125
2017-01-04,4966.625
2017-01-05,4851.671875
2017-01-06,4892.24365234375
2017-01-09,4875.33935546875
2017-01-10,4865.1962890625
2017-01-11,4912.529296875
2017-01-12,4939.5771484375
2017-01-13,4902.38720703125
2017-01-16,5010.5771484375
2017-01-17,5078.19580078125
2017-01-18,5101.86474609375
2017-01-19,5081.578125
2017-01-20,5071.4345703125
2017-01-23,5000.4345703125
2017-01-24,4993.6728515625
2017-01-25,5081.578125
2017-01-26,5152.5771484375
2017-01-31,5149.19677734375
2017-02-01,5199.91162109375
2017-02-02,5186.38525390625
2017-02-03,5213.435546875
2017-02-06,5250.625
2017-02-07,5226.9599609375
2017-02-08,5223.57861328125
2017-02-09,5277.67333984375
2017-02-10,5318.244140625
2017-02-13,5301.33984375
2017-02-14,5328.38671875
2017-02-15,5260.767578125
2017-02-16,5230.33837890625
2017-02-17,5274.29150390625
2017-02-20,5237.10107421875
2017-02-21,5270.9111328125
2017-02-22,5264.1484375
2017-02-23,5270.9111328125
2017-02-24,5250.625
2017-02-27,5108.625
2017-02-28,5193.1494140625
2017-03-02,5287.8154296875
2017-03-03,5250.625
2017-03-06,5210.05419921875
2017-03-07,5257.3876953125
2017-03-08,5338.53076171875
2017-03-09,5308.10009765625
2017-03-10,5345.2919921875
2017-03-13,5507.57763671875
2017-03-14,5578.57861328125
2017-03-15,5588.720703125
2017-03-16,5571.81689453125
2017-03-17,5625.91162109375
2017-03-20,5551.5302734375
2017-03-21,5504.197265625
2017-03-22,5396.0068359375
2017-03-23,5473.76806640625
2017-03-24,5463.6259765625
2017-03-27,5372.33984375
2017-03-28,5379.10205078125
2017-03-29,5352.0537109375
2017-03-30,5318.244140625
2017-03-31,5308.10009765625
2017-04-03,5321.62548828125
2017-04-04,5264.1484375
2017-04-05,5355.43505859375
2017-04-06,5348.673828125
2017-04-07,5338.53076171875
2017-04-10,5226.9599609375
2017-04-11,5223.57861328125
2017-04-12,5179.62548828125
2017-04-13,5314.86279296875
2017-04-14,5291.19677734375
2017-04-17,5396.0068359375
2017-04-18,5375.72021484375
2017-04-19,5375.72021484375
2017-04-20,5375.72021484375
2017-04-21,5426.43603515625
2017-04-24,5575.19677734375
2017-04-25,5639.43603515625
2017-04-26,5609.0078125
2017-04-27,5598.5625
2017-04-28,5553.29931640625
2017-05-02,5605.5234375
2017-05-04,5657.7509765625
2017-05-08,5800.4990234375
2017-05-10,5755.2373046875
2017-05-11,5922.35888671875
2017-05-12,5859.68798828125
2017-05-15,5901.46875
2017-05-16,5849.24267578125
2017-05-17,5779.6103515625
2017-05-18,5755.2373046875
2017-05-19,5751.755859375
2017-05-22,5779.6103515625
2017-05-23,5849.24267578125
2017-05-24,5772.64697265625
2017-05-25,5800.4990234375
2017-05-26,5842.28076171875
2017-05-29,5814.42626953125
2017-05-30,5800.4990234375
2017-05-31,5786.5732421875
2017-06-01,5744.79296875
2017-06-02,5884.0595703125
2017-06-05,5897.98779296875
2017-06-07,5911.9150390625
2017-06-08,5929.32373046875
2017-06-09,6026.81103515625
2017-06-12,6092.962890625
2017-06-13,6075.55322265625
2017-06-14,6089.4794921875
2017-06-15,6026.81103515625
2017-06-16,6072.072265625
2017-06-19,6075.55322265625
2017-06-20,6019.84716796875
2017-06-21,5908.43212890625
2017-06-22,5981.54833984375
2017-06-23,6047.70068359375
2017-06-26,6023.328125
2017-06-27,5995.474609375
2017-06-28,6197.4130859375
2017-06-29,6333.19873046875
2017-06-30,6326.23486328125
2017-07-03,6319.2734375
2017-07-04,6357.56982421875
2017-07-05,6294.90087890625
2017-07-06,6329.71826171875
2017-07-07,6277.49169921875
2017-07-10,6392.38720703125
2017-07-11,6409.794921875
2017-07-12,6350.60791015625
2017-07-13,6326.23486328125
2017-07-14,6395.869140625
2017-07-17,6409.794921875
2017-07-18,6427.20458984375
2017-07-19,6399.35107421875
2017-07-20,6458.53955078125
2017-07-21,6646.55029296875
2017-07-24,6681.36865234375
2017-07-25,6681.36865234375
2017-07-26,6782.3369140625
2017-07-27,6747.5185546875
2017-07-28,6632.6220703125
2017-07-31,6712.70361328125
2017-08-01,6775.3740234375
2017-08-02,6677.88720703125
2017-08-03,6646.55029296875
2017-08-04,6660.4775390625
2017-08-07,6726.62890625
2017-08-08,6705.74072265625
2017-08-09,6604.77197265625
2017-08-10,6590.8447265625
2017-08-11,6430.68603515625
2017-08-14,6528.1748046875
2017-08-16,6545.58154296875
2017-08-17,6521.20849609375
2017-08-18,6486.39306640625
2017-08-21,6437.64892578125
2017-08-22,6441.13134765625
2017-08-23,6444.61279296875
2017-08-24,6381.94287109375
2017-08-25,6559.5087890625
2017-08-28,6552.5458984375
2017-08-29,6493.35791015625
2017-08-30,6489.875
2017-08-31,6378.46044921875
2017-09-01,6354.08935546875
2017-09-04,6235.7119140625
2017-09-05,5936.28564453125
2017-09-06,5877.0966796875
2017-09-07,6002.4384765625
2017-09-08,5946.73046875
2017-09-11,6019.84716796875
2017-09-12,6033.7734375
2017-09-13,6033.7734375
2017-09-14,6075.55322265625
2017-09-15,6155.6328125
2017-09-18,6267.0458984375
2017-09-19,6267.0458984375
2017-09-20,6287.9375
2017-09-21,6333.19873046875
2017-09-25,6235.7119140625
2017-09-26,6152.15234375
2017-09-27,6085.99853515625
2017-09-28,6225.26708984375
2017-09-29,6221.78564453125
2017-10-10,6361.05126953125
2017-10-11,6305.3447265625
2017-10-12,6368.0166015625
2017-10-13,6294.90087890625
2017-10-16,6253.1201171875
2017-10-17,6207.857421875
2017-10-18,6162.59521484375
2017-10-19,6239.19580078125
2017-10-20,6246.1572265625
2017-10-23,6186.9677734375
2017-10-24,6287.9375
2017-10-25,6374.9794921875
2017-10-26,6340.1630859375
2017-10-27,6315.79052734375
2017-10-30,6329.71826171875
2017-10-31,6235.7119140625
2017-11-01,6249.6376953125
2017-11-02,6207.857421875
2017-11-03,6267.0458984375
2017-11-06,6117.33544921875
2017-11-07,6068.58984375
2017-11-08,5988.51220703125
2017-11-09,6009.40185546875
2017-11-10,5971.1044921875
2017-11-13,5915.39599609375
2017-11-14,5971.1044921875
2017-11-15,6044.21875
2017-11-16,6138.22412109375
2017-11-17,6002.4384765625
2017-11-20,6019.84716796875
2017-11-21,5967.62109375
2017-11-22,6026.81103515625
2017-11-23,6037.25390625
2017-11-24,6005.919921875
2017-11-27,6072.072265625
2017-11-28,6117.33544921875
2017-11-29,6138.22412109375
2017-11-30,6162.59521484375
2017-12-01,5991.9931640625
2017-12-04,6106.88916015625
2017-12-05,6138.22412109375
2017-12-06,6159.1142578125
2017-12-07,6075.55322265625
2017-12-08,6110.3701171875
2017-12-11,6068.58984375
2017-12-12,6030.29150390625
2017-12-13,6180.00390625
2017-12-14,6284.4541015625
2017-12-15,6333.19873046875
2017-12-18,6326.23486328125
2017-12-19,6333.19873046875
2017-12-21,6399.35107421875
2017-12-22,6427.20458984375
2017-12-26,6475.94580078125
2017-12-27,6521.20849609375
2017-12-28,6514.2470703125
2018-01-02,6542.0986328125
2018-01-03,6576.9169921875
2018-01-04,6531.65478515625
2018-01-05,6646.55029296875
2018-01-08,6827.60009765625
2018-01-09,6897.23388671875
2018-01-10,6876.34423828125
2018-01-11,6939.0126953125
2018-01-12,6991.23974609375
2018-01-15,6966.86767578125
2018-01-16,6841.52490234375
2018-01-17,6886.7880859375
2018-01-18,6820.63623046875
2018-01-19,6963.38671875
2018-01-22,6845.00830078125
2018-01-23,7029.53564453125
2018-01-24,6959.90380859375
2018-01-25,6886.7880859375
2018-01-26,6883.30810546875
2018-01-29,6890.2685546875
2018-01-30,6925.08740234375
2018-01-31,6925.08740234375
2018-02-01,6869.38037109375
2018-02-02,6879.82373046875
2018-02-06,6702.2587890625
2018-02-07,6545.58154296875
2018-02-08,6514.2470703125
2018-02-09,6371.49609375
2018-02-12,6604.77197265625
2018-02-13,6590.8447265625
2018-02-14,6573.435546875
2018-02-19,6751.001953125
2018-02-20,6709.22216796875
2018-02-21,6677.88720703125
2018-02-22,6656.9970703125
2018-02-23,6744.03857421875
2018-02-26,6712.70361328125
2018-02-27,6670.9248046875
2018-02-28,6636.10498046875
2018-03-06,6395.869140625
2018-03-07,6284.4541015625
2018-03-08,6357.56982421875
2018-03-09,6361.05126953125
2018-03-12,6552.5458984375
2018-03-13,6409.794921875
2018-03-14,6326.23486328125
2018-03-15,6326.23486328125
2018-03-16,6406.31396484375
2018-03-19,6437.64892578125
2018-03-20,6423.72314453125
2018-03-21,6430.68603515625
2018-03-22,6535.13671875
2018-03-23,6312.30810546875
2018-03-26,6260.08349609375
2018-03-27,6329.71826171875
2018-03-28,6155.6328125
2018-03-29,6190.44921875
2018-03-30,6200.89404296875
2018-04-02,6079.03369140625
2018-04-03,5915.39599609375
2018-04-04,5897.98779296875
2018-04-05,5932.8046875
2018-04-06,5925.84033203125
2018-04-09,5904.95068359375
2018-04-10,6040.7373046875
2018-04-11,6023.328125
2018-04-12,6082.51708984375
2018-04-13,6148.669921875
2018-04-16,6166.0771484375
2018-04-17,6138.22412109375
2018-04-18,6155.6328125
2018-04-19,6225.26708984375
2018-04-20,6200.89404296875
2018-04-23,6381.94287109375
2018-04-24,6441.13134765625
2018-04-25,6385.42431640625
2018-04-26,6406.31396484375
2018-04-27,6417.06982421875
2018-04-30,6481.59912109375
2018-05-02,6431.4091796875
2018-05-03,6348.9541015625
2018-05-04,6284.42529296875
2018-05-08,6248.5751953125
2018-05-09,6248.5751953125
2018-05-10,6298.7666015625
2018-05-11,6309.52099609375
2018-05-14,6334.61669921875
2018-05-15,6270.0859375
2018-05-16,6334.61669921875
2018-05-17,6277.255859375
2018-05-18,6198.3876953125
2018-05-21,6237.82177734375
2018-05-23,6166.123046875
2018-05-24,6173.2919921875
2018-05-25,6108.763671875
2018-05-28,6083.66845703125
2018-05-29,6058.57275390625
2018-05-30,5854.23095703125
2018-05-31,5825.55322265625
2018-06-01,5864.986328125
2018-06-04,6069.32861328125
2018-06-05,6098.0078125
2018-06-07,6252.16162109375
2018-06-08,6262.916015625
2018-06-11,6334.61669921875
2018-06-12,6331.0302734375
2018-06-14,6198.3876953125
2018-06-15,6094.4248046875
2018-06-18,6162.53759765625
2018-06-19,6083.66845703125
2018-06-20,6151.7822265625
2018-06-21,5915.17626953125
2018-06-22,5954.61083984375
2018-06-25,6026.3095703125
2018-06-26,6040.64794921875
2018-06-27,5972.53466796875
2018-06-28,5847.0625
2018-06-29,5922.3447265625
2018-07-02,5890.0810546875
2018-07-03,5807.6279296875
2018-07-04,5821.96630859375
2018-07-05,5847.0625
2018-07-06,6001.2138671875
2018-07-09,6108.763671875
2018-07-10,6040.64794921875
2018-07-11,6026.3095703125
2018-07-12,5933.10009765625
2018-07-13,6115.93359375
2018-07-16,6029.892578125
2018-07-17,6072.91357421875
2018-07-18,6011.97021484375
2018-07-19,5933.10009765625
2018-07-20,5951.02490234375
2018-07-23,6019.1396484375
2018-07-24,5979.705078125
2018-07-25,6076.498046875
2018-07-26,5997.630859375
2018-07-27,6037.06494140625
2018-07-30,6008.3837890625
2018-07-31,6026.3095703125
2018-08-01,6047.8193359375
2018-08-02,5929.51513671875
2018-08-03,5951.02490234375
2018-08-06,5954.61083984375
2018-08-07,5890.0810546875
2018-08-08,5954.61083984375
2018-08-09,5893.666015625
2018-08-10,5875.74169921875
2018-08-13,5775.3623046875
2018-08-14,5818.38232421875
2018-08-16,5811.2119140625
2018-08-17,5818.38232421875
2018-08-20,5850.646484375
2018-08-21,5861.40185546875
2018-08-22,5804.04296875
2018-08-23,5743.0986328125
2018-08-24,5786.11767578125
2018-08-27,5882.91064453125
2018-08-28,5915.17626953125
2018-08-29,5925.93017578125
2018-08-30,5832.72021484375
2018-08-31,5847.0625
2018-09-03,5825.55322265625
2018-09-04,5825.55322265625
2018-09-05,5721.58837890625
2018-09-06,5682.15234375
2018-09-07,5732.3427734375
2018-09-10,5750.26806640625
2018-09-11,5753.85205078125
2018-09-12,5782.53076171875
2018-09-13,5868.57177734375
2018-09-14,5818.38232421875
2018-09-17,5778.94677734375
2018-09-18,5710.83349609375
2018-09-19,5707.248046875
2018-09-20,5829.13671875
2018-09-21,5936.68505859375
2018-09-27,5972.53466796875
2018-09-28,6040.64794921875
2018-10-01,6119.5185546875
2018-10-02,6087.25390625
2018-10-04,6180.46240234375
2018-10-05,6173.2919921875
2018-10-08,6162.53759765625
2018-10-10,6144.61328125
2018-10-11,5836.30615234375
2018-10-12,5811.2119140625
2018-10-15,5825.55322265625
2018-10-16,5796.87353515625
2018-10-17,5850.646484375
2018-10-18,5800.45703125
2018-10-19,5786.11767578125
2018-10-22,5915.17626953125
2018-10-23,5778.94677734375
2018-10-24,5882.91064453125
2018-10-25,5750.26806640625
2018-10-26,5728.7587890625
2018-10-29,5739.5126953125
2018-10-30,5495.7353515625
2018-10-31,5499.3203125
2018-11-01,5484.98046875
2018-11-02,5592.53076171875
2018-11-05,5528.00146484375
2018-11-06,5545.92529296875
2018-11-07,5524.41552734375
2018-11-08,5556.68017578125
2018-11-09,5545.92529296875
2018-11-12,5578.18994140625
2018-11-13,5553.0947265625
2018-11-14,5528.00146484375
2018-11-15,5528.00146484375
2018-11-16,5535.17138671875
2018-11-19,5510.07568359375
2018-11-20,5520.8310546875
2018-11-21,5520.8310546875
2018-11-22,5524.41552734375
2018-11-23,5499.3203125
2018-11-26,5531.58544921875
2018-11-27,5574.6044921875
2018-11-28,5506.49072265625
2018-11-29,5545.92529296875
2018-11-30,5427.62109375
2018-12-03,5427.62109375
2018-12-04,5434.7919921875
2018-12-05,5441.9609375
2018-12-06,5398.943359375
2018-12-07,5388.18701171875
2018-12-10,5266.2998046875
2018-12-11,5251.95947265625
2018-12-12,5327.24462890625
2018-12-13,5355.921875
2018-12-14,5398.943359375
2018-12-17,5431.20751953125
2018-12-18,5484.98046875
2018-12-19,5459.88671875
2018-12-20,5492.1513671875
2018-12-21,5542.3408203125
2018-12-24,5528.00146484375
2018-12-26,5438.37646484375
2018-12-27,5449.13134765625
2018-12-28,5488.56494140625
2019-01-02,5420.451171875
2019-01-03,5406.11083984375
2019-01-04,5370.26220703125
2019-01-07,5291.39404296875
2019-01-09,5348.7529296875
2019-01-10,5312.90283203125
2019-01-11,5298.56298828125
2019-01-14,5266.2998046875
2019-01-15,5406.11083984375
2019-01-16,5495.7353515625
2019-01-17,5528.00146484375
2019-01-18,5495.7353515625
2019-01-21,5467.0556640625
2019-01-22,5424.0380859375
2019-01-23,5420.451171875
2019-01-24,5502.90673828125
2019-01-25,5531.58544921875
2019-01-28,5531.58544921875
2019-01-29,5549.5107421875
2019-01-30,5567.435546875
2019-01-31,5664.22900390625
2019-02-01,5725.173828125
2019-02-07,5739.5126953125
2019-02-08,5732.3427734375
2019-02-11,5671.3984375
2019-02-12,5592.53076171875
2019-02-13,5689.3232421875
2019-02-14,5746.68310546875
2019-02-15,5703.66357421875
2019-02-18,5725.173828125
2019-02-19,5653.474609375
2019-02-20,5646.30419921875
2019-02-21,5621.2099609375
2019-02-22,5606.869140625
2019-02-25,5649.88916015625
2019-02-26,5571.02001953125
2019-02-27,5542.3408203125
2019-02-28,5567.435546875
2019-03-04,5459.88671875
2019-03-05,5441.9609375
2019-03-06,5434.7919921875
2019-03-07,5427.62109375
2019-03-08,5337.99755859375
2019-03-11,5416.86767578125
2019-03-12,5463.4716796875
2019-03-13,5441.9609375
2019-03-14,5477.81103515625
2019-03-15,5571.02001953125
2019-03-18,5581.77392578125
2019-03-19,5563.849609375
2019-03-20,5563.849609375
2019-03-21,5481.39599609375
2019-03-22,5395.357421875
2019-03-25,5309.31787109375
2019-03-26,5266.2998046875
2019-03-27,5287.80810546875
2019-03-28,5223.2802734375
2019-03-29,5294.978515625
2019-04-01,5474.22705078125
2019-04-02,5571.02001953125
2019-04-03,5624.7939453125
2019-04-04,5631.96435546875
2019-04-05,5642.71826171875
2019-04-08,5628.37890625
2019-04-09,5596.115234375
2019-04-10,5631.96435546875
2019-04-11,5610.4560546875
2019-04-12,5624.7939453125
2019-04-15,5639.13427734375
2019-04-16,5635.548828125
2019-04-17,5610.4560546875
2019-04-18,5560.265625
2019-04-19,5531.58544921875
2019-04-22,5502.90673828125
2019-04-23,5542.3408203125
2019-04-24,5470.64111328125
2019-04-25,5495.7353515625
2019-04-26,5434.7919921875
2019-04-29,5543.03955078125
2019-04-30,5490.7822265625
2019-05-02,5569.16748046875
2019-05-03,5539.3076171875
2019-05-07,5569.16748046875
2019-05-08,5572.90087890625
2019-05-09,5479.5849609375
2019-05-10,5494.51513671875
2019-05-13,5457.1875
2019-05-14,5434.79150390625
2019-05-15,5490.7822265625
2019-05-16,5475.8515625
2019-05-17,5460.9208984375
2019-05-20,5498.2470703125
2019-05-21,5543.03955078125
2019-05-22,5535.57470703125
2019-05-23,5539.3076171875
2019-05-24,5599.03125
2019-05-27,5569.16748046875
2019-05-28,5591.56591796875
2019-05-29,5483.31689453125
2019-05-30,5494.51513671875
2019-05-31,5404.93017578125
2019-06-03,5468.38623046875
2019-06-04,5516.90966796875
2019-06-05,5464.65380859375
2019-06-07,5468.38623046875
2019-06-10,5516.90966796875
2019-06-11,5520.64306640625
2019-06-12,5543.03955078125
2019-06-13,5505.712890625
2019-06-14,5487.0498046875
2019-06-17,5516.90966796875
2019-06-18,5546.7724609375
2019-06-19,5580.3662109375
2019-06-20,5531.84228515625
2019-06-21,5501.9794921875
2019-06-24,5509.4453125
2019-06-25,5501.9794921875
2019-06-26,5528.10888671875
2019-06-27,5565.4365234375
2019-06-28,5557.9697265625
2019-07-01,5587.83251953125
2019-07-02,5550.5048828125
2019-07-03,5453.45654296875
2019-07-04,5483.31689453125
2019-07-05,5468.38623046875
2019-07-08,5378.80126953125
2019-07-09,5356.4052734375
2019-07-10,5356.4052734375
2019-07-11,5390.0
2019-07-12,5427.326171875
2019-07-15,5445.98974609375
2019-07-16,5464.65380859375
2019-07-17,5468.38623046875
2019-07-18,5423.59375
2019-07-19,5479.5849609375
2019-07-22,5472.119140625
2019-07-23,5557.9697265625
2019-07-24,5513.17919921875
2019-07-25,5408.6630859375
2019-07-26,5337.74072265625
2019-07-29,5292.94921875
2019-07-30,5259.35595703125
2019-07-31,5244.4248046875
2019-08-01,5270.5537109375
2019-08-02,5076.455078125
2019-08-05,5057.79052734375
2019-08-06,4986.8701171875
2019-08-07,4927.146484375
2019-08-08,4904.74951171875
2019-08-09,4904.74951171875
2019-08-12,4871.15673828125
2019-08-13,4785.3046875
2019-08-14,4770.3740234375
2019-08-16,4725.58154296875
2019-08-19,4830.09619140625
2019-08-20,4815.1669921875
2019-08-21,4803.966796875
2019-08-22,4811.43310546875
2019-08-23,4792.77001953125
2019-08-26,4747.978515625
2019-08-27,4703.1865234375
2019-08-28,4725.58154296875
2019-08-29,4744.24365234375
2019-08-30,4874.888671875
2019-09-02,4874.888671875
2019-09-03,4867.423828125
2019-09-04,4919.6806640625
2019-09-05,4908.482421875
2019-09-06,4971.93896484375
2019-09-09,5012.998046875
2019-09-10,5124.97900390625
2019-09-11,5195.900390625
2019-09-16,5285.4833984375
2019-09-17,5240.69140625
2019-09-18,5195.900390625
2019-09-19,5177.23583984375
2019-09-20,5300.41455078125
2019-09-23,5255.623046875
2019-09-24,5233.22607421875
2019-09-25,5207.09765625
2019-09-26,5251.89013671875
2019-09-27,5095.1171875
2019-09-30,5154.8408203125
2019-10-01,5128.71142578125
2019-10-02,5039.126953125
2019-10-04,4986.8701171875
2019-10-07,4975.6708984375
2019-10-08,4979.40380859375
2019-10-10,4841.294921875
2019-10-11,4949.54248046875
2019-10-14,5083.919921875
2019-10-15,5076.455078125
2019-10-16,5076.455078125
2019-10-17,5117.513671875
2019-10-18,5087.6513671875
2019-10-21,5151.10791015625
2019-10-22,5225.76123046875
2019-10-23,5192.16650390625
2019-10-24,5229.494140625
2019-10-25,5162.30615234375
2019-10-28,5061.5244140625
2019-10-29,5076.455078125
2019-10-30,5009.26513671875
2019-10-31,4971.93896484375
2019-11-01,4998.06884765625
2019-11-04,5065.25537109375
2019-11-05,5147.375
2019-11-06,5121.24755859375
2019-11-07,5147.375
2019-11-08,5173.50390625
2019-11-11,5143.64208984375
2019-11-12,5188.43408203125
2019-11-13,5136.17822265625
2019-11-14,5136.17822265625
2019-11-15,5195.900390625
2019-11-18,5188.43408203125
2019-11-19,5199.6328125
2019-11-20,5263.0888671875
2019-11-21,5154.8408203125
2019-11-22,5207.09765625
2019-11-25,5222.02880859375
2019-11-26,5222.02880859375
2019-11-27,5225.76123046875
2019-11-28,5225.76123046875
2019-11-29,5154.8408203125
2019-12-02,5173.50390625
2019-12-03,5124.97900390625
2019-12-04,5121.24755859375
2019-12-05,5162.30615234375
2019-12-06,5177.23583984375
2019-12-09,5248.1572265625
2019-12-10,5251.89013671875
2019-12-11,5236.958984375
2019-12-12,5330.27783203125
2019-12-13,5483.31689453125
2019-12-16,5382.53466796875
2019-12-17,5334.00830078125
2019-12-18,5431.06005859375
2019-12-19,5449.72314453125
2019-12-20,5449.72314453125
2019-12-23,5487.0498046875
2019-12-24,5445.98974609375
2019-12-26,5483.31689453125
2019-12-27,5535.57470703125
2019-12-30,5498.2470703125
2020-01-02,5386.26708984375
2020-01-03,5401.19677734375
2020-01-06,5315.345703125
2020-01-07,5348.93896484375
2020-01-08,5233.22607421875
2020-01-09,5233.22607421875
2020-01-10,5222.02880859375
2020-01-13,5225.76123046875
2020-01-14,5278.01806640625
2020-01-15,5296.68310546875
2020-01-16,5274.28515625
2020-01-17,5270.5537109375
2020-01-20,5311.61328125
2020-01-21,5270.5537109375
2020-01-22,5274.28515625
2020-01-23,5244.4248046875
2020-01-28,5065.25537109375
2020-01-29,5046.59228515625
2020-01-30,5035.39501953125
2020-01-31,4986.8701171875
2020-02-03,4979.40380859375
2020-02-04,4957.00830078125
2020-02-05,5020.462890625
2020-02-06,5128.71142578125
2020-02-07,5057.79052734375
2020-02-10,4968.20556640625
2020-02-11,5001.80029296875
2020-02-12,5039.126953125
2020-02-13,4964.47314453125
2020-02-14,4942.07763671875
2020-02-17,4893.552734375
2020-02-18,4845.02587890625
2020-02-19,4830.09619140625
2020-02-20,4818.89794921875
2020-02-21,4755.44287109375
2020-02-24,4546.41259765625
2020-02-25,4609.86767578125
2020-02-26,4594.93701171875
2020-02-27,4613.6015625
2020-02-28,4512.8193359375
2020-03-02,4456.828125
2020-03-03,4423.234375
2020-03-04,4490.42138671875
2020-03-05,4445.62939453125
2020-03-06,4344.84716796875
2020-03-09,4102.22265625
2020-03-10,4076.093994140625
2020-03-11,4083.55859375
2020-03-12,3870.796142578125
2020-03-13,3714.023193359375
2020-03-16,3624.43896484375
2020-03-17,3400.4775390625
2020-03-18,3307.160400390625
2020-03-19,3027.209228515625
2020-03-20,3348.2197265625
2020-03-23,3060.80224609375
2020-03-24,3228.773681640625
2020-03-25,3531.122314453125
2020-03-26,3564.7158203125
2020-03-27,3755.0830078125
2020-03-30,3676.696533203125
2020-03-31,3732.687744140625
2020-04-01,3534.853759765625
2020-04-02,3564.7158203125
2020-04-03,3538.588134765625
2020-04-06,3684.16259765625
2020-04-07,3747.617431640625
2020-04-08,3672.9638671875
2020-04-09,3710.29052734375
2020-04-10,3855.86572265625
2020-04-13,3781.2109375
2020-04-14,3833.46923828125
2020-04-16,3747.617431640625
2020-04-17,3807.341064453125
2020-04-20,3762.54833984375
2020-04-21,3702.824951171875
2020-04-22,3687.89404296875
2020-04-23,3661.765380859375
2020-04-24,3631.904052734375
2020-04-27,3964.113525390625
2020-04-28,4003.913818359375
2020-04-29,4055.6533203125
2020-05-04,3888.49267578125
2020-05-06,3884.51220703125
2020-05-07,3896.452880859375
2020-05-08,3912.373779296875
2020-05-11,3852.67138671875
2020-05-12,3761.1318359375
2020-05-13,3777.052001953125
2020-05-14,3693.470947265625
2020-05-15,3765.11181640625
2020-05-18,3717.351318359375
2020-05-19,3880.533203125
2020-05-20,3840.732177734375
2020-05-21,3840.732177734375
2020-05-22,3749.19140625
2020-05-25,3792.971435546875
2020-05-26,3888.49267578125
2020-05-27,3960.13330078125
2020-05-28,4075.554931640625
2020-05-29,4147.19482421875
2020-06-01,4218.83544921875
2020-06-02,4413.857421875
2020-06-03,4700.419921875
2020-06-04,4573.06005859375
2020-06-05,4640.7197265625
2020-06-08,4612.859375
2020-06-09,4584.9970703125
2020-06-10,4473.5576171875
2020-06-11,4310.376953125
2020-06-12,4183.01513671875
2020-06-15,4003.913818359375
2020-06-16,4278.53515625
2020-06-17,4206.8955078125
2020-06-18,4202.91650390625
2020-06-22,4119.333984375
2020-06-23,4087.49462890625
2020-06-24,4123.3154296875
2020-06-25,4003.913818359375
2020-06-26,4075.554931640625
2020-06-29,3987.993896484375
2020-06-30,4003.913818359375
2020-07-01,4063.61376953125
2020-07-02,4075.554931640625
2020-07-06,4135.25439453125
2020-07-07,4107.39453125
2020-07-08,4063.61376953125
2020-07-09,4031.77294921875
2020-07-10,3932.27294921875
2020-07-13,4059.63427734375
2020-07-14,4043.714599609375
2020-07-15,4111.375
2020-07-16,4139.23486328125
2020-07-17,4127.294921875
2020-07-20,4238.7353515625
2020-07-21,4246.69580078125
2020-07-22,4194.955078125
2020-07-23,4163.1162109375
2020-07-24,4139.23486328125
2020-07-27,4155.154296875
2020-07-28,4155.154296875
2020-07-29,4202.91650390625
2020-07-30,4218.83544921875
2020-07-31,4135.25439453125
2020-08-03,4115.35546875
2020-08-04,4151.17529296875
2020-08-05,4139.23486328125
2020-08-06,4202.91650390625
2020-08-07,4159.134765625
2020-08-10,4282.51611328125
2020-08-11,4441.716796875
2020-08-12,4533.25830078125
2020-08-13,4565.09765625
2020-08-14,4449.6767578125
2020-08-18,4278.53515625
2020-08-19,4278.53515625
2020-08-20,4111.375
2020-08-21,4159.134765625
2020-08-24,4171.07373046875
2020-08-25,4258.63623046875
2020-08-26,4210.87451171875
2020-08-27,4159.134765625
2020-08-28,4206.8955078125
2020-08-31,4119.333984375
2020-09-01,4159.134765625
2020-09-02,4171.07373046875
2020-09-03,4151.17529296875
2020-09-04,4103.41455078125
2020-09-07,4143.21533203125
2020-09-08,4139.23486328125
2020-09-09,4091.474365234375
2020-09-10,4115.35546875
2020-09-11,4095.4541015625
2020-09-14,4151.17529296875
2020-09-15,4167.09423828125
2020-09-16,4135.25439453125
2020-09-17,4111.375
2020-09-18,4103.41455078125
2020-09-21,4087.49462890625
2020-09-22,4023.814208984375
2020-09-23,4035.75439453125
2020-09-24,3984.01318359375
2020-09-25,4035.75439453125
2020-09-28,4055.6533203125
2020-09-29,4075.554931640625
2020-10-05,4190.97509765625
2020-10-06,4183.01513671875
2020-10-07,4218.83544921875
2020-10-08,4230.77587890625
2020-10-12,4274.556640625
2020-10-13,4242.7158203125
2020-10-14,4171.07373046875
2020-10-15,4190.97509765625
2020-10-16,4190.97509765625
2020-10-19,4306.3955078125
2020-10-20,4306.3955078125
2020-10-21,4378.0380859375
2020-10-22,4481.5185546875
2020-10-23,4612.859375
2020-10-26,4565.09765625
2020-10-27,4433.75830078125
2020-10-28,4529.2783203125
2020-10-29,4469.5771484375
2020-10-30,4374.05712890625
2020-11-02,4569.0791015625
2020-11-03,4648.6796875
2020-11-04,4545.19873046875
2020-11-05,4612.859375
2020-11-06,4644.69921875
2020-11-09,4680.5185546875
2020-11-10,4851.66015625
2020-11-11,5022.802734375
2020-11-12,4935.24169921875
2020-11-13,4851.66015625
2020-11-16,4967.08154296875
2020-11-17,5010.86181640625
2020-11-18,4983.001953125
2020-11-19,4939.2216796875
2020-11-20,4943.201171875
2020-11-23,4998.9228515625
2020-11-24,4986.98193359375
2020-11-25,5078.5244140625
2020-11-26,5086.48291015625
2020-11-27,5046.68310546875
2020-11-30,4855.64111328125
2020-12-01,4935.24169921875
2020-12-02,5022.802734375
2020-12-03,5018.82275390625
2020-12-04,5050.662109375
2020-12-07,4994.94140625
2020-12-08,4907.38134765625
2020-12-09,4963.1025390625
2020-12-10,4983.001953125
2020-12-11,5050.662109375
2020-12-14,5014.8427734375
2020-12-15,4990.96240234375
2020-12-16,4998.9228515625
2020-12-17,4967.08154296875
2020-12-18,4931.2626953125
2020-12-21,4955.140625
2020-12-22,4903.40087890625
2020-12-23,4871.5615234375
2020-12-24,4947.18115234375
2020-12-28,4955.140625
2020-12-29,4967.08154296875
2020-12-30,4979.0224609375
2021-01-04,4891.4609375
2021-01-05,4955.140625
2021-01-06,5014.8427734375
2021-01-07,5205.88427734375
2021-01-08,5237.724609375
2021-01-11,5150.16259765625
2021-01-12,5257.625
2021-01-13,5381.005859375
2021-01-14,5349.16552734375
2021-01-15,5229.76318359375
2021-01-18,5158.12353515625
2021-01-19,5217.82373046875
2021-01-20,5154.14208984375
2021-01-21,5146.18408203125
2021-01-22,5070.56201171875
2021-01-25,5066.58154296875
2021-01-26,4967.08154296875
2021-01-27,4947.18115234375
2021-01-28,4851.66015625
2021-01-29,4692.46044921875
2021-02-01,4867.58203125
2021-02-02,4883.50146484375
2021-02-03,4863.60107421875
2021-02-04,4819.8203125
2021-02-05,4994.94140625
2021-02-08,5106.38330078125
2021-02-09,5058.6220703125
2021-02-10,5110.36328125
2021-02-15,5114.34326171875
2021-02-16,5094.443359375
2021-02-17,5130.2626953125
2021-02-18,5030.7626953125
2021-02-19,5050.662109375
2021-02-22,5030.7626953125
2021-02-23,5074.5419921875
2021-02-24,5070.56201171875
2021-02-25,5193.9443359375
2021-02-26,5082.5029296875
2021-03-02,5134.244140625
2021-03-03,5217.82373046875
2021-03-04,5257.625
2021-03-05,5261.60400390625
2021-03-08,5456.62646484375
2021-03-09,5583.98681640625
2021-03-10,5520.306640625
2021-03-11,5568.06689453125
2021-03-12,5536.2265625
2021-03-15,5580.0068359375
2021-03-16,5591.94677734375
2021-03-17,5568.06689453125
2021-03-18,5572.046875
2021-03-19,5591.94677734375
2021-03-22,5627.7666015625
2021-03-23,5572.046875
2021-03-24,5516.326171875
2021-03-25,5572.046875
2021-03-26,5611.84814453125
2021-03-29,5667.568359375
2021-03-30,5723.28857421875
2021-03-31,5810.84912109375
2021-04-01,5691.4482421875
2021-04-02,5643.6875
2021-04-05,5695.427734375
2021-04-06,5651.64697265625
2021-04-07,5767.0673828125
2021-04-08,5739.2080078125
2021-04-09,5687.46630859375
2021-04-12,5707.3681640625
2021-04-13,5695.427734375
2021-04-14,5671.546875
2021-04-15,5747.16845703125
2021-04-16,5659.607421875
2021-04-19,5647.6669921875
2021-04-20,5719.3076171875
2021-04-21,5647.6669921875
2021-04-22,5727.26904296875
2021-04-23,5810.84912109375
2021-04-26,5854.62939453125
2021-04-27,5930.25
2021-04-28,5997.9091796875
2021-04-29,5952.56640625
2021-04-30,6072.111328125
2021-05-03,5936.076171875
2021-05-04,5923.70947265625
2021-05-06,6237.00341796875
2021-05-07,6302.95947265625
2021-05-10,6406.01611328125
2021-05-11,6451.36083984375
2021-05-12,6294.71435546875
2021-05-13,6385.4052734375
2021-05-14,6302.95947265625
2021-05-17,6319.44775390625
2021-05-18,6410.138671875
2021-05-20,6311.203125
2021-05-21,6171.04638671875
2021-05-24,6232.88037109375
2021-05-25,6298.83544921875
2021-05-26,6261.7353515625
2021-05-27,6187.53466796875
2021-05-28,6302.95947265625
2021-05-31,6385.4052734375
2021-06-01,6401.89404296875
2021-06-02,6434.87060546875
2021-06-03,6434.87060546875
2021-06-04,6434.87060546875
2021-06-07,6451.36083984375
2021-06-08,6430.7490234375
2021-06-09,6364.79296875
2021-06-10,6352.42626953125
2021-06-11,6323.5693359375
2021-06-14,6208.1474609375
2021-06-15,6216.39208984375
2021-06-16,6385.4052734375
2021-06-17,6356.548828125
2021-06-18,6269.98095703125
2021-06-21,6125.701171875
2021-06-22,6220.51416015625
2021-06-23,6166.92236328125
2021-06-24,6257.6142578125
2021-06-25,6393.6484375
2021-06-28,6406.01611328125
2021-06-29,6323.5693359375
2021-06-30,6319.44775390625
2021-07-01,6253.4912109375
2021-07-02,6265.8583984375
2021-07-05,6216.39208984375
2021-07-06,6228.7587890625
2021-07-07,6109.21240234375
2021-07-08,6076.232421875
2021-07-09,5931.95361328125
2021-07-12,6030.890625
2021-07-13,6109.21240234375
2021-07-14,6014.39990234375
2021-07-15,6043.25634765625
2021-07-16,6084.47802734375
2021-07-19,5973.1767578125
2021-07-20,5919.58740234375
2021-07-21,5915.4658203125
2021-07-22,6067.990234375
2021-07-23,6067.990234375
2021-07-26,6002.03271484375
2021-07-27,6047.3779296875
2021-07-28,6109.21240234375
2021-07-29,6138.0673828125
2021-07-30,6026.76611328125
2021-08-02,5981.42041015625
2021-08-03,6002.03271484375
2021-08-04,6105.09033203125
2021-08-05,6051.4990234375
2021-08-06,6043.25634765625
2021-08-09,6125.701171875
2021-08-10,6096.84423828125
2021-08-11,6162.80078125
2021-08-12,6199.90283203125
2021-08-13,6129.82421875
2021-08-17,6096.84423828125
2021-08-18,6117.45654296875
2021-08-19,5911.341796875
2021-08-20,5812.40771484375
2021-08-23,5886.609375
2021-08-24,6055.62255859375
2021-08-25,6138.0673828125
2021-08-26,6183.4130859375
2021-08-27,6228.7587890625
2021-08-30,6067.990234375
2021-08-31,6133.9453125
2021-09-01,6171.04638671875
2021-09-02,6142.1904296875
2021-09-03,6142.1904296875
2021-09-06,6084.47802734375
2021-09-07,6030.890625
2021-09-08,6063.8671875
2021-09-09,6010.27783203125
2021-09-10,5960.81005859375
2021-09-13,5969.0537109375
2021-09-14,6092.72314453125
2021-09-15,6088.60107421875
2021-09-16,6014.39990234375
2021-09-17,6030.890625
2021-09-23,5973.1767578125
2021-09-24,6109.21240234375
2021-09-27,6109.21240234375
2021-09-28,6224.6357421875
2021-09-29,6232.88037109375
2021-09-30,6298.83544921875
2021-10-01,6228.7587890625
2021-10-05,6113.33544921875
2021-10-06,6076.232421875
2021-10-07,6162.80078125
2021-10-08,6055.62255859375
2021-10-12,6006.15478515625
2021-10-13,6026.76611328125
2021-10-14,6043.25634765625
2021-10-15,6133.9453125
2021-10-18,6183.4130859375
2021-10-19,6204.02294921875
2021-10-20,6282.3486328125
2021-10-21,6335.93603515625
2021-10-22,6340.06103515625
2021-10-25,6455.48388671875
2021-10-26,6484.33935546875
2021-10-27,6430.7490234375
2021-10-28,6373.037109375
2021-10-29,6286.46875
2021-11-01,6319.44775390625
2021-11-02,6352.42626953125
2021-11-03,6175.1689453125
2021-11-04,6224.6357421875
2021-11-05,6100.966796875
2021-11-08,6080.35595703125
2021-11-09,6105.09033203125
2021-11-10,6109.21240234375
2021-11-11,6084.47802734375
2021-11-12,6187.53466796875
2021-11-15,6191.658203125
2021-11-16,6241.1240234375
2021-11-17,6142.1904296875
2021-11-18,6179.29150390625
2021-11-19,6171.04638671875
2021-11-22,6166.92236328125
2021-11-23,6212.2685546875
2021-11-24,6265.8583984375
2021-11-25,6253.4912109375
2021-11-26,6129.82421875
2021-11-29,6063.8671875
2021-11-30,5849.5078125
2021-12-01,5890.73095703125
2021-12-02,5985.544921875
2021-12-03,6166.92236328125
2021-12-06,6175.1689453125
2021-12-07,6228.7587890625
2021-12-08,6237.00341796875
2021-12-09,6195.77978515625
2021-12-10,6183.4130859375
2021-12-13,6191.658203125
2021-12-14,6208.1474609375
2021-12-15,6195.77978515625
2021-12-16,6195.77978515625
2021-12-17,6327.69287109375
2021-12-20,6232.88037109375
2021-12-21,6237.00341796875
2021-12-22,6224.6357421875
2021-12-23,6224.6357421875
2021-12-24,6237.00341796875
2021-12-27,6162.80078125
2021-12-28,6179.29150390625
2021-12-29,6269.98095703125
2021-12-30,6228.7587890625
2022-01-04,6278.224609375
2022-01-05,6269.98095703125
2022-01-06,6253.4912109375
2022-01-07,6257.6142578125
2022-01-10,6410.138671875
2022-01-11,6533.806640625
2022-01-12,6591.517578125
2022-01-13,6599.76318359375
2022-01-14,6554.41748046875
2022-01-17,6434.87060546875
2022-01-18,6443.11669921875
2022-01-19,6492.58349609375
2022-01-20,6373.037109375
2022-01-21,6410.138671875
2022-01-24,6257.6142578125
2022-01-25,6092.72314453125
2022-01-26,6232.88037109375
2022-01-27,6179.29150390625
2022-01-28,6278.224609375
2022-02-03,6290.59228515625
2022-02-04,6447.23876953125
2022-02-07,6451.36083984375
2022-02-08,6476.09375
2022-02-09,6678.08544921875
2022-02-10,6690.45361328125
2022-02-11,6764.65380859375
2022-02-15,6653.35205078125
2022-02-16,6731.67578125
2022-02-17,6863.5888671875
2022-02-18,6822.36474609375
2022-02-21,6772.8974609375
2022-02-22,6698.69873046875
2022-02-23,6678.08544921875
2022-02-24,6537.92822265625
2022-02-25,6476.09375
2022-02-28,6496.7060546875
2022-03-02,6315.32568359375
2022-03-03,6414.259765625
2022-03-04,6356.548828125
2022-03-07,6166.92236328125
2022-03-08,6067.990234375
2022-03-10,6220.51416015625
2022-03-11,6278.224609375
2022-03-14,6319.44775390625
2022-03-15,6410.138671875
2022-03-16,6430.7490234375
2022-03-17,6496.7060546875
2022-03-18,6484.33935546875
2022-03-21,6434.87060546875
2022-03-22,6537.92822265625
2022-03-23,6698.69873046875
2022-03-24,6690.45361328125
2022-03-25,6669.841796875
2022-03-28,6711.064453125
2022-03-29,6711.064453125
2022-03-30,6690.45361328125
2022-03-31,6748.16552734375
2022-04-01,6727.55322265625
2022-04-04,6739.919921875
2022-04-05,6595.6396484375
2022-04-06,6599.76318359375
2022-04-07,6521.44091796875
2022-04-08,6496.7060546875
2022-04-11,6595.6396484375
2022-04-12,6591.517578125
2022-04-13,6603.884765625
2022-04-14,6608.0078125
2022-04-15,6554.41748046875
2022-04-18,6525.5625
2022-04-19,6624.49560546875
2022-04-20,6661.59716796875
2022-04-21,6702.81884765625
2022-04-22,6744.0419921875
2022-04-25,6645.10888671875
2022-04-26,6620.37451171875
2022-04-27,6476.09375
2022-04-28,6331.81591796875
2022-04-29,6220.51416015625
2022-05-03,6179.29150390625
2022-05-04,6282.3486328125
2022-05-06,6245.24658203125
2022-05-10,6105.09033203125
2022-05-11,5985.544921875
2022-05-12,6026.76611328125
2022-05-13,6171.04638671875
2022-05-16,6179.29150390625
2022-05-17,6191.658203125
2022-05-18,6125.701171875
2022-05-19,5969.0537109375
2022-05-20,6117.45654296875
2022-05-23,6125.701171875
2022-05-24,6171.04638671875
2022-05-25,6224.6357421875
2022-05-26,6220.51416015625
2022-05-27,6294.71435546875
2022-05-30,6331.81591796875
2022-05-31,6340.06103515625
2022-06-02,6179.29150390625
2022-06-03,6195.77978515625
2022-06-07,6109.21240234375
2022-06-08,6129.82421875
2022-06-09,6129.82421875
2022-06-10,6010.27783203125
2022-06-13,5729.96240234375
2022-06-14,5787.67431640625
2022-06-15,5725.841796875
2022-06-16,5713.47314453125
2022-06-17,5610.4169921875
2022-06-20,5540.337890625
2022-06-21,5544.4599609375
2022-06-22,5330.1025390625
2022-06-23,5222.921875
2022-06-24,5358.9580078125
2022-06-27,5305.36669921875
2022-06-28,5317.736328125
2022-06-29,5165.21044921875
2022-06-30,5103.37744140625
2022-07-01,5095.1328125
2022-07-04,5004.44140625
2022-07-05,5095.1328125
2022-07-06,4942.6083984375
2022-07-07,4946.72998046875
2022-07-08,5012.68798828125
2022-07-11,4963.21923828125
2022-07-12,4880.775390625
2022-07-13,4889.017578125
2022-07-14,4827.1845703125
2022-07-15,4699.39306640625
2022-07-18,4889.017578125
2022-07-19,4880.775390625
2022-07-20,5008.5634765625
2022-07-21,5078.6435546875
2022-07-22,5000.31884765625
2022-07-25,5008.5634765625
2022-07-26,4954.97509765625
2022-07-27,4954.97509765625
2022-07-28,4983.83056640625
2022-07-29,5037.41943359375
2022-08-01,5008.5634765625
2022-08-02,4963.21923828125
2022-08-03,5016.80859375
2022-08-04,5078.6435546875
2022-08-05,5148.72119140625
2022-08-08,5185.82177734375
2022-08-09,5247.65625
2022-08-10,5156.96630859375
2022-08-11,5297.1240234375
2022-08-12,5276.51220703125
2022-08-16,5243.53369140625
2022-08-17,5260.02490234375
2022-08-18,5152.84423828125
2022-08-19,5099.2548828125
2022-08-22,5008.5634765625
2022-08-23,4971.46337890625
2022-08-24,5070.39892578125
2022-08-25,5091.00830078125
2022-08-26,5070.39892578125
2022-08-29,4946.72998046875
2022-08-30,5008.5634765625
2022-08-31,5029.17578125
2022-09-01,4851.916015625
2022-09-02,4814.81689453125
2022-09-05,4843.6728515625
2022-09-06,4839.5517578125
2022-09-07,4715.88232421875
2022-09-08,4773.5947265625
2022-09-13,4975.58642578125
2022-09-14,4926.11865234375
2022-09-15,4930.2421875
2022-09-16,4917.87646484375
2022-09-19,4921.99560546875
2022-09-20,4950.85302734375
2022-09-21,4893.1416015625
2022-09-22,4872.52978515625
2022-09-23,4905.5078125
2022-09-26,4670.5390625
2022-09-27,4563.3583984375
2022-09-28,4534.50390625
2022-09-29,4530.38037109375
2022-09-30,4443.81201171875
2022-10-04,4575.7265625
2022-10-05,4629.31494140625
2022-10-06,4596.33740234375
2022-10-07,4612.826171875
2022-10-11,4485.03466796875
2022-10-12,4518.01318359375
2022-10-13,4489.15771484375
2022-10-14,4658.17041015625
2022-10-17,4621.0693359375
2022-10-18,4703.51611328125
2022-10-19,4757.1044921875
2022-10-20,4670.5390625
2022-10-21,4637.5595703125
2022-10-24,4538.62548828125
2022-10-25,4563.3583984375
2022-10-26,4534.50390625
2022-10-27,4670.5390625
2022-10-28,4715.88232421875
2022-10-31,4736.49462890625
2022-11-01,4744.73974609375
2022-11-02,4802.45166015625
2022-11-03,4765.35205078125
2022-11-04,4794.20556640625
2022-11-07,4823.06201171875
2022-11-08,4864.2841796875
2022-11-09,4967.341796875
2022-11-10,4967.341796875
2022-11-11,5111.62109375
2022-11-14,5144.60009765625
2022-11-15,5136.35400390625
2022-11-16,5185.82177734375
2022-11-17,5107.5
2022-11-18,5095.1328125
2022-11-21,5123.98876953125
2022-11-22,5103.37744140625
2022-11-23,5119.8642578125
2022-11-24,5206.43310546875
2022-11-25,5210.55615234375
2022-11-28,5070.39892578125
2022-11-29,5231.16650390625
2022-11-30,5313.6123046875
2022-12-01,5424.91552734375
2022-12-02,5367.203125
2022-12-05,5391.93603515625
2022-12-06,5367.203125
2022-12-07,5251.77880859375
2022-12-08,5284.7568359375
2022-12-09,5424.91552734375
2022-12-12,5490.8701171875
2022-12-13,5486.74853515625
2022-12-14,5457.89208984375
2022-12-15,5301.24609375
2022-12-16,5293.00146484375
2022-12-19,5293.00146484375
2022-12-20,5350.71240234375
2022-12-21,5363.0810546875
2022-12-22,5354.83642578125
2022-12-23,5268.267578125
2022-12-26,5255.9013671875
2022-12-27,5293.00146484375
2022-12-28,5231.16650390625
2022-12-29,5169.3330078125
2023-01-02,5049.7880859375
2023-01-03,5144.60009765625
2023-01-04,5309.4912109375
2023-01-05,5647.5166015625
2023-01-06,5775.3076171875
2023-01-09,5808.28564453125
2023-01-10,5882.4873046875
2023-01-11,5762.9404296875
2023-01-12,5787.67431640625
2023-01-13,5907.21923828125
2023-01-16,6175.1689453125
2023-01-17,6100.966796875
2023-01-18,5993.7880859375
2023-01-19,5936.076171875
2023-01-20,6010.27783203125
2023-01-25,6105.09033203125
2023-01-26,6187.53466796875
2023-01-27,6154.5576171875
2023-01-30,6055.62255859375
2023-01-31,5861.875
2023-02-01,5936.076171875
2023-02-02,5833.01953125
2023-02-03,5874.2421875
2023-02-06,5787.67431640625
2023-02-07,5804.16357421875
2023-02-08,5890.73095703125
2023-02-09,5721.71826171875
2023-02-10,5800.04150390625
2023-02-13,5795.9189453125
2023-02-14,5643.39453125
2023-02-15,5416.66845703125
2023-02-16,5404.30224609375
2023-02-17,5478.50390625
2023-02-20,5532.09326171875
2023-02-21,5544.4599609375
2023-02-22,5445.5263671875
2023-02-23,5478.50390625
2023-02-24,5474.3818359375
2023-02-27,5478.50390625
2023-02-28,5523.84912109375
2023-03-02,5453.76953125
2023-03-03,5379.56982421875
2023-03-06,5375.44677734375
2023-03-07,5391.93603515625
2023-03-08,5325.97900390625
2023-03-09,5313.6123046875
2023-03-10,5202.31103515625
2023-03-13,5255.9013671875
2023-03-14,5086.88720703125
2023-03-15,5152.84423828125
2023-03-16,5070.39892578125
2023-03-17,5095.1328125
2023-03-20,5111.62109375
2023-03-21,5144.60009765625
2023-03-22,5165.21044921875
2023-03-23,5173.45458984375
2023-03-24,5053.91015625
2023-03-27,5020.93212890625
2023-03-28,5132.234375
2023-03-29,5128.10986328125
2023-03-30,5095.1328125
2023-03-31,5132.234375
2023-04-03,5099.2548828125
2023-04-04,5128.10986328125
2023-04-05,5136.35400390625
2023-04-06,5025.0537109375
2023-04-07,5099.2548828125
2023-04-10,5049.7880859375
2023-04-11,5053.91015625
2023-04-12,5070.39892578125
2023-04-13,5066.27685546875
2023-04-14,5214.6796875
2023-04-17,5185.82177734375
2023-04-18,5189.9443359375
2023-04-19,5227.044921875
2023-04-20,5251.77880859375
2023-04-21,5243.53369140625
2023-04-24,5185.82177734375
2023-04-25,5218.80078125
2023-04-26,5185.82177734375
2023-04-27,5111.48828125
2023-04-28,5159.587890625
2023-05-02,5198.94140625
2023-05-03,5163.95947265625
2023-05-04,5163.95947265625
2023-05-08,5264.52783203125
2023-05-09,5255.783203125
2023-05-10,5190.1943359375
2023-05-11,5273.27294921875
2023-05-12,5185.82177734375
2023-05-15,5203.3125
2023-05-16,5220.802734375
2023-05-17,5203.3125
2023-05-19,5282.01806640625
2023-05-22,5299.50830078125
2023-05-23,5325.74267578125
2023-05-25,5233.9208984375
2023-05-26,5212.05712890625
2023-05-30,5268.9013671875
2023-05-31,5264.52783203125
2023-06-01,5216.4296875
2023-06-02,5260.15576171875
2023-06-05,5334.48876953125
2023-06-07,5316.9990234375
2023-06-08,5295.1357421875
2023-06-09,5347.6064453125
2023-06-12,5325.74267578125
2023-06-13,5303.8798828125
2023-06-14,5268.9013671875
2023-06-15,5238.29150390625
2023-06-16,5247.0380859375
2023-06-19,5216.4296875
2023-06-20,5207.6845703125
2023-06-21,5142.0966796875
2023-06-22,5194.56640625
2023-06-23,5124.60693359375
2023-06-26,5142.0966796875
2023-06-27,5150.8427734375
2023-06-28,5168.33203125
2023-06-29,5120.2333984375
2023-06-30,5146.47119140625
2023-07-07,4980.3134765625
2023-07-10,5010.92236328125
2023-07-14,5229.54736328125
2023-07-17,5225.173828125
2023-07-19,5172.705078125
2023-07-20,5185.82177734375
2023-07-21,5212.05712890625
2023-07-24,5128.97998046875
2023-07-26,5181.44970703125
2023-07-28,5290.76220703125
2023-08-03,5365.095703125
2023-08-04,5408.82080078125
2023-08-07,5413.1943359375
2023-08-08,5400.0751953125
2023-08-09,5334.48876953125
2023-08-10,5308.2529296875
2023-08-11,5338.861328125
2023-08-14,5325.74267578125
2023-08-16,5264.52783203125
2023-08-17,5264.52783203125
2023-08-18,5260.15576171875
2023-08-21,5282.01806640625
2023-08-22,5286.39111328125
2023-08-23,5325.74267578125
2023-08-24,5316.9990234375
2023-08-25,5282.01806640625
2023-08-28,5325.74267578125
2023-08-29,5351.97802734375
2023-08-30,5373.84228515625
2023-08-31,5439.427734375
2023-09-01,5430.6845703125
2023-09-04,5448.1748046875
2023-09-05,5443.8017578125
2023-09-06,5465.6630859375
2023-09-07,5443.8017578125
2023-09-08,5439.427734375
2023-09-11,5505.01708984375
2023-09-12,5478.78173828125
2023-09-13,5548.74267578125
2023-09-14,5583.72216796875
2023-09-15,5745.505859375
2023-09-18,5728.01513671875
2023-09-19,5688.66357421875
2023-09-20,5710.52587890625
2023-09-21,5693.0361328125
2023-09-22,5701.78271484375
2023-09-25,5662.42822265625
2023-09-26,5539.9970703125
2023-09-27,5557.48681640625
2023-10-04,5448.1748046875
2023-10-05,5417.5673828125
2023-10-06,5579.34814453125
2023-10-10,5627.44677734375
2023-10-11,5609.95751953125
2023-10-12,5653.68310546875
2023-10-13,5644.9375
2023-10-16,5658.05615234375
2023-10-17,5627.44677734375
2023-10-18,5723.64306640625
2023-10-19,5666.7998046875
2023-10-20,5614.32958984375
2023-10-23,5500.6455078125
2023-10-24,5491.8994140625
2023-10-25,5478.78173828125
2023-10-26,5382.5859375
2023-10-27,5316.9990234375
2023-10-30,5190.1943359375
2023-10-31,5177.0771484375
2023-11-01,5233.9208984375
2023-11-02,5242.66455078125
2023-11-03,5356.3505859375
2023-11-06,5609.95751953125
2023-11-07,5456.91943359375
2023-11-08,5435.05712890625
2023-11-09,5505.01708984375
2023-11-10,5465.6630859375
2023-11-13,5474.40966796875
2023-11-14,5539.9970703125
2023-11-15,5618.7021484375
2023-11-16,5614.32958984375
2023-11-17,5579.34814453125
2023-11-20,5596.8388671875
2023-11-21,5684.291015625
2023-11-22,5693.0361328125
2023-11-23,5706.1533203125
2023-11-24,5658.05615234375
2023-11-27,5631.8212890625
2023-11-28,5671.1728515625
2023-11-29,5614.32958984375
2023-11-30,5679.91943359375
2023-12-01,5644.9375
2023-12-04,5640.5654296875
2023-12-05,5601.2138671875
2023-12-06,5649.31103515625
2023-12-07,5601.2138671875
2023-12-08,5636.193359375
2023-12-11,5649.31103515625
2023-12-12,5693.0361328125
2023-12-13,5644.9375
2023-12-14,5728.01513671875
2023-12-15,5789.2314453125
2023-12-18,5749.87890625
2023-12-19,5736.76171875
2023-12-20,5841.7021484375
2023-12-21,5824.21142578125
2023-12-22,5811.0947265625
2023-12-26,5802.34912109375
2023-12-27,5797.97607421875
2023-12-28,5916.03515625
2024-01-02,5854.818359375
2024-01-03,5732.3876953125
2024-01-04,5644.9375
2024-01-05,5605.58544921875
2024-01-08,5614.32958984375
2024-01-09,5653.68310546875
2024-01-10,5640.5654296875
2024-01-11,5741.13232421875
2024-01-12,5688.66357421875
2024-01-15,5811.0947265625
2024-01-16,5758.62451171875
2024-01-17,5658.05615234375
2024-01-19,5658.05615234375
2024-01-22,5640.5654296875
2024-01-23,5824.21142578125
2024-01-24,5916.03515625
2024-01-25,5937.89697265625
2024-01-26,5972.8779296875
2024-01-29,6064.701171875
2024-01-30,6055.95703125
2024-01-31,6187.13134765625
2024-02-01,6484.46533203125
2024-02-02,6851.75732421875
2024-02-05,6628.75830078125
2024-02-06,6580.66064453125
2024-02-07,6685.60009765625
2024-02-08,6838.63720703125
2024-02-13,6851.75732421875
2024-02-14,6716.208984375
2024-02-15,6654.9931640625
2024-02-16,6873.61962890625
2024-02-19,7039.7763671875
2024-02-20,6821.1484375
2024-02-21,6794.91455078125
2024-02-22,6834.2666015625
2024-02-23,6930.4619140625
2024-02-26,6703.09033203125
2024-02-27,6738.0712890625
2024-02-28,6838.63720703125
2024-02-29,6904.2275390625
2024-03-04,7118.48046875
2024-03-05,7087.87451171875
2024-03-06,7131.5986328125
2024-03-07,7210.3046875
2024-03-08,7258.40234375
2024-03-11,7184.0673828125
2024-03-12,7254.0302734375
2024-03-13,7477.0283203125
2024-03-14,7748.12646484375
2024-03-15,7577.5966796875
2024-03-18,7468.28271484375
2024-03-19,7315.24609375
2024-03-20,7415.8125
2024-03-21,7625.69580078125
2024-03-22,7612.5771484375
2024-03-25,7507.63671875
2024-03-26,7459.53857421875
2024-03-27,7227.794921875
2024-03-28,7289.01171875
2024-03-29,7162.20703125
2024-04-01,7044.14892578125
2024-04-02,7017.91357421875
2024-04-03,6886.7373046875
2024-04-04,7048.52001953125
2024-04-05,6982.93310546875
2024-04-08,7044.14892578125
2024-04-09,7022.2861328125
2024-04-11,6926.08935546875
2024-04-12,6698.71875
2024-04-15,6724.95263671875
2024-04-16,6576.28759765625
2024-04-17,6493.208984375
2024-04-18,6641.875
2024-04-19,6589.40478515625
2024-04-22,6982.93310546875
2024-04-23,7013.5400390625
2024-04-24,6934.83544921875
2024-04-25,6965.44384765625
2024-04-26,7289.01171875
2024-04-29,7325.5224609375
2024-04-30,7279.8828125
2024-05-02,7088.1845703125
2024-05-03,7197.7255859375
2024-05-07,7211.41796875
2024-05-08,7412.24365234375
2024-05-09,7284.4462890625
2024-05-10,7453.3212890625
2024-05-13,7540.0419921875
2024-05-14,7412.24365234375
2024-05-16,7553.732421875
2024-05-17,7471.57666015625
2024-05-20,7603.93896484375
2024-05-21,7571.9912109375
2024-05-22,7457.8857421875
2024-05-23,7348.34375
2024-05-24,7302.7021484375
2024-05-27,7320.95751953125
2024-05-28,7284.4462890625
2024-05-29,7284.4462890625
2024-05-30,7247.93310546875
2024-05-31,7366.6005859375
2024-06-03,7375.72900390625
2024-06-04,7188.59716796875
2024-06-05,7184.033203125
2024-06-07,7311.8310546875
2024-06-10,7247.93310546875
2024-06-11,7220.54736328125
2024-06-12,7293.57275390625
2024-06-13,7266.18798828125
2024-06-14,7243.36865234375
2024-06-17,7120.1357421875
2024-06-18,7088.1845703125
2024-06-19,7179.46875
2024-06-20,7311.8310546875
2024-06-21,7270.7529296875
2024-06-24,7307.26611328125
2024-06-25,7320.95751953125
2024-06-26,7275.31787109375
2024-06-27,7293.57275390625
2024-06-28,7384.85693359375
2024-07-01,7357.4716796875
2024-07-02,7562.8603515625
2024-07-03,7722.60791015625
2024-07-04,7850.4033203125
2024-07-05,7950.818359375
2024-07-08,7836.7138671875
2024-07-09,7718.04345703125
2024-07-10,7635.888671875
2024-07-11,7740.8642578125
2024-07-12,7786.50830078125
2024-07-15,7718.04345703125
2024-07-16,7699.78564453125
2024-07-17,7740.8642578125
2024-07-18,7763.6845703125
2024-07-19,7781.9404296875
2024-07-22,7896.04931640625
2024-07-23,7873.224609375
2024-07-24,7731.7353515625
2024-07-25,7722.60791015625
2024-07-26,8078.61474609375
2024-07-29,8284.00390625
2024-07-30,8155.78271484375
2024-07-31,8169.51904296875
2024-08-01,8224.474609375
2024-08-02,7858.1240234375
2024-08-05,7253.65625
2024-08-06,7404.771484375
2024-08-07,7587.9453125
2024-08-08,7629.1591796875
2024-08-09,7665.79345703125
2024-08-12,7679.533203125
2024-08-13,7807.75439453125
2024-08-14,7839.80908203125
2024-08-16,7853.54638671875
2024-08-19,8041.29931640625
2024-08-20,8242.787109375
2024-08-21,8215.3125
2024-08-22,8242.787109375
2024-08-23,8306.900390625
2024-08-26,8448.859375
2024-08-28,8091.67138671875
2024-08-29,8077.88623046875
2024-08-30,8008.9658203125
2024-09-02,8082.47998046875
2024-09-03,8096.26708984375
2024-09-04,7884.896484375
2024-09-05,7926.25390625
2024-09-06,7917.060546875
2024-09-09,7806.78564453125
2024-09-10,7834.3564453125
2024-09-11,7448.3828125
2024-09-12,7535.685546875
2024-09-13,7783.8115234375
2024-09-19,7912.4677734375
2024-09-20,7894.08837890625
2024-09-23,7898.68310546875
2024-09-24,7838.951171875
2024-09-25,7586.22802734375
2024-09-26,7898.68310546875
2024-09-27,7949.40478515625
2024-09-30,7778.79638671875
2024-10-02,7778.79638671875
2024-10-04,7815.685546875
2024-10-07,7990.90380859375
2024-10-08,8013.95751953125
2024-10-10,8083.125
2024-10-11,8143.06640625
2024-10-14,8396.673828125
2024-10-15,8405.896484375
2024-10-16,8401.2880859375
2024-10-17,8378.2294921875
2024-10-18,8401.2880859375
2024-10-21,8332.12109375
2024-10-22,8322.8974609375
2024-10-23,8332.12109375
2024-10-24,8295.2333984375
2024-10-25,8631.8369140625
2024-10-28,8387.453125
2024-10-29,8378.2294921875
2024-10-31,7929.48095703125
2024-11-01,8082.146484375
2024-11-04,8077.521484375
2024-11-06,8271.8251953125
2024-11-07,8276.4521484375
2024-11-08,8248.6943359375
2024-11-11,8193.1787109375
2024-11-12,8137.662109375
2024-11-13,8091.40087890625
2024-11-14,8040.50927734375
2024-11-15,7934.10498046875
2024-11-18,8035.8828125
2024-11-19,8077.521484375
2024-11-20,8285.7060546875
2024-11-21,8345.845703125
2024-11-22,8368.9775390625
2024-11-25,8447.6240234375
2024-11-26,8281.078125
2024-11-27,8466.1279296875
2024-11-28,8442.9208984375
2024-11-29,8354.7333984375
2024-12-02,8466.12890625
2024-12-03,8753.9052734375
2024-12-04,8410.4306640625
2024-12-05,7941.6396484375
2024-12-06,8066.95751953125
2024-12-09,7751.3359375
2024-12-10,7793.109375
2024-12-11,7946.27978515625
2024-12-12,8001.97900390625
2024-12-13,7983.41357421875
2024-12-16,7881.29736328125
2024-12-17,7746.69482421875
2024-12-18,7960.20556640625
2024-12-19,7807.03515625
2024-12-20,7700.2802734375
2024-12-23,7834.8837890625
2024-12-24,7825.599609375
2024-12-26,7751.3359375
2024-12-27,7686.1201171875
2024-12-30,7574.3212890625
2025-01-02,7574.3212890625
2025-01-03,7606.9296875
2025-01-06,7695.4375
2025-01-07,7704.75244140625
2025-01-08,7714.0703125
2025-01-09,7779.28564453125
2025-01-10,7821.20947265625
2025-01-13,7849.16064453125
2025-01-14,7839.84326171875
2025-01-15,7905.05859375
2025-01-16,7914.3759765625
2025-01-17,7821.20947265625
2025-01-20,7853.81689453125
2025-01-21,7909.71533203125
2025-01-22,7974.93212890625
2025-01-23,7965.6162109375
2025-01-24,7965.6162109375
2025-01-31,8133.90234375
2025-02-03,7970.28955078125
2025-02-04,8115.205078125
2025-02-05,8175.9755859375
2025-02-06,8031.0615234375
2025-02-07,8003.01220703125
2025-02-10,8007.6875
2025-02-11,8007.6875
2025-02-12,7998.33984375
2025-02-13,7965.6162109375
2025-02-14,7979.640625
2025-02-17,8017.03662109375
2025-02-18,8077.80517578125
2025-02-19,8119.87939453125
2025-02-20,8105.85595703125
2025-02-21,8110.52978515625
2025-02-24,8096.50537109375
2025-02-25,8068.45947265625
2025-02-26,8147.93017578125
2025-02-27,8204.2177734375
2025-02-28,7983.74951171875
2025-03-04,7894.62451171875
2025-03-05,7749.208984375
2025-03-06,7899.3154296875
2025-03-07,7791.42626953125
2025-03-10,7838.33544921875
2025-03-11,7767.97119140625
2025-03-12,7847.716796875
2025-03-13,7894.62451171875
2025-03-14,7885.2431640625
2025-03-17,8002.51318359375
2025-03-18,8044.72998046875
2025-03-19,8124.47265625
2025-03-20,8143.23681640625
2025-03-21,8147.92724609375
2025-03-24,8161.99853515625
2025-03-25,8185.45703125
2025-03-26,8147.92724609375
2025-03-27,8058.802734375
2025-03-28,7978.779296875
2025-03-31,7903.46240234375
2025-04-01,8068.21630859375
2025-04-02,8030.55908203125
2025-04-03,7875.22021484375
2025-04-04,7842.26953125
2025-04-07,7451.5673828125
2025-04-08,7310.34912109375
2025-04-09,7220.91162109375
2025-04-10,7564.541015625
2025-04-11,7569.24853515625
2025-04-14,7616.31982421875
2025-04-15,7752.83056640625
2025-04-16,7828.14697265625
2025-04-17,7851.68359375
2025-04-18,7964.65625
2025-04-21,8054.095703125
2025-04-22,8077.62890625
2025-04-23,8129.4130859375
2025-04-24,8152.9453125
2025-04-25,8237.677734375
2025-04-28,8204.728515625
2025-04-29,8336.9833984375
2025-04-30,8492.8583984375
2025-05-02,8544.81640625
2025-05-07,8672.353515625
2025-05-08,8653.458984375
2025-05-09,8596.775390625
2025-05-12,8686.5244140625
2025-05-13,8677.076171875
2025-05-14,8776.2685546875
2025-05-15,8757.3779296875
2025-05-16,8795.1640625
2025-05-19,8790.439453125
2025-05-20,8870.7421875
2025-05-21,8927.421875
2025-05-22,8917.9755859375
2025-05-23,9007.7216796875
2025-05-26,9187.216796875
2025-05-27,9239.173828125
2025-05-28,9229.7265625
2025-05-29,9428.7236328125
2025-05-30,9476.1064453125
2025-06-02,9281.8466796875
2025-06-04,9755.650390625
2025-06-05,9736.69921875
2025-06-09,10148.908203125
2025-06-10,10210.50390625
2025-06-11,10092.0537109375
2025-06-12,10087.3154296875
2025-06-13,10049.4111328125
2025-06-16,10286.3115234375
2025-06-17,10243.669921875
2025-06-18,10177.337890625
2025-06-19,10158.384765625
2025-06-20,10362.1220703125
2025-06-23,10385.8134765625
2025-06-24,10949.640625
2025-06-25,10916.474609375
2025-06-26,10698.5224609375
2025-06-27,10705.181640625
2025-06-30,10786.02734375
2025-07-01,10895.412109375
2025-07-02,10876.38671875
2025-07-03,11066.6181640625
2025-07-04,10919.19140625
2025-07-07,11090.3974609375
2025-07-08,11898.8740234375
2025-07-09,11799.00390625
2025-07-10,11851.31640625
2025-07-11,11932.1630859375
2025-07-14,12212.7529296875
2025-07-15,12193.7294921875
2025-07-16,11651.5751953125
2025-07-17,11741.93359375
2025-07-18,11604.0185546875
2025-07-21,11675.353515625
2025-07-22,11580.2392578125
2025-07-23,11594.505859375
2025-07-24,11689.6220703125
2025-07-25,11746.689453125
2025-07-28,11109.419921875
2025-07-29,11275.87109375
2025-07-30,11358.9150390625
2025-07-31,11196.642578125
2025-08-01,10705.0615234375
2025-08-04,10891.1943359375
2025-08-05,11191.8720703125
2025-08-06,11258.689453125
2025-08-07,11349.3701171875
2025-08-08,11330.27734375
2025-08-11,11268.234375
2025-08-12,11325.5048828125
2025-08-13,11311.1865234375
2025-08-14,11349.3701171875
2025-08-18,11043.9208984375
2025-08-19,11015.283203125
2025-08-20,11058.2392578125
2025-08-21,11063.0107421875
2025-08-22,11005.73828125
2025-08-25,11029.6015625
2025-08-26,10934.1494140625
2025-08-27,10948.4658203125
2025-08-28,11065.34765625
2025-08-29,10945.591796875
2025-09-01,10782.7255859375
2025-09-02,10897.6904296875
2025-09-03,10955.1728515625
2025-09-04,10825.8388671875
2025-09-05,10801.8876953125
2025-09-08,10777.9345703125
2025-09-09,10940.802734375
2025-09-10,11410.2412109375
2025-09-11,11400.6611328125
2025-09-12,11611.4287109375
2025-09-15,11726.3955078125
2025-09-16,11779.087890625
2025-09-17,11601.849609375
2025-09-18,11625.80078125
2025-09-19,11625.80078125
2025-09-22,11640.1708984375
2025-09-23,11510.8359375
2025-09-24,11458.142578125
2025-09-25,11448.5615234375
2025-09-26,11276.115234375
2025-09-29,11532.828125
2025-09-30,11446.296875
2025-10-01,11431.8740234375
2025-10-02,11542.443359375
2025-10-10,11278.0390625
2025-10-13,11157.8544921875
2025-10-14,10994.404296875
2025-10-15,11354.9580078125
2025-10-16,11354.9580078125
2025-10-17,11350.1494140625
2025-10-20,11556.8671875
2025-10-21,11580.9013671875
2025-10-22,11580.9013671875
2025-10-23,11465.525390625
2025-10-24,11422.2568359375
2025-10-27,11566.48046875
2025-10-28,11542.443359375
2025-10-29,11446.296875
2025-10-30,11380.685546875
2025-10-31,11414.4560546875
2025-11-03,11433.751953125
2025-11-04,11723.2158203125
2025-11-05,11602.60546875
2025-11-06,12051.2734375
2025-11-07,11906.5419921875
2025-11-10,12278.017578125
2025-11-11,12176.7060546875
2025-11-12,12610.8984375
2025-11-13,12639.8447265625
2025-11-14,12364.857421875
2025-11-17,12205.6513671875
2025-11-18,11877.59375
2025-11-19,11930.6630859375
2025-11-20,11949.9599609375
2025-11-21,11819.7041015625
2025-11-24,11766.6357421875
2025-11-25,11839.001953125
2025-11-26,12142.9345703125
2025-11-27,12081.9453125
2025-11-28,12120.6689453125
2025-12-01,12309.4501953125
2025-12-02,12701.53125
2025-12-03,12648.28515625
2025-12-04,12478.8681640625
2025-12-05,12604.720703125
2025-12-08,12348.1728515625
2025-12-09,12285.2470703125
2025-12-10,12154.5537109375
2025-12-11,12149.7119140625
2025-12-12,12261.04296875
2025-12-15,12183.595703125
2025-12-16,12023.8583984375
2025-12-17,12198.1162109375
2025-12-18,12101.306640625
2025-12-19,12227.1611328125
2025-12-22,12420.78125
2025-12-23,12362.693359375
2025-12-24,12430.462890625
2025-12-26,12353.0146484375
2025-12-29,12416.162109375
2025-12-30,12294.72265625
2026-01-02,12265.5751953125
2026-01-05,12421.0205078125
2026-01-06,12508.458984375
2026-01-07,12328.724609375
2026-01-08,12076.12890625
2026-01-09,12178.1376953125
2026-01-12,12202.42578125
2026-01-13,12299.5810546875
2026-01-14,12421.0205078125
2026-01-15,12396.7333984375
2026-01-16,12406.44921875
2026-01-19,12362.728515625
2026-01-20,12678.4775390625
2026-01-21,12761.056640625
2026-01-22,12867.9267578125
2026-01-23,13028.2275390625
2026-01-26,13003.9384765625
2026-01-27,13479.98828125
2026-01-28,13275.96875
2026-01-29,13392.9384765625
2026-01-30,13144.37890625
2026-02-02,13071.2734375
2026-02-03,13792.580078125
2026-02-04,14153.2333984375
2026-02-05,14211.720703125
2026-02-06,14557.7509765625
2026-02-09,15030.5009765625
2026-02-10,15498.3779296875
2026-02-11,16112.46484375
2026-02-12,16814.27734375
2026-02-13,16585.212890625
2026-02-19,16580.337890625
2026-02-20,17057.962890625
2026-02-23,16789.908203125
2026-02-24,16409.759765625
2026-02-25,16463.369140625
2026-02-26,16350.94140625
2026-02-27,15818.1318359375
2026-03-03,15417.3017578125
2026-03-04,13823.7568359375
2026-03-05,14786.7265625
2026-03-06,14581.4228515625
2026-03-09,14087.7158203125
2026-03-10,14478.771484375
2026-03-11,14850.2734375
2026-03-12,14674.2978515625
2026-03-13,14429.8896484375
2026-03-16,14381.0078125
2026-03-17,14596.0869140625
2026-03-18,15080.0166015625
2026-03-19,15104.4580078125
2026-03-20,15231.5498046875
2026-03-23,14175.705078125
2026-03-24,14273.46875
2026-03-25,14630.3046875
2026-03-26,14732.9580078125
2026-03-27,14840.4951171875
2026-03-30,14415.724609375
2026-03-31,14062.5673828125
2026-04-01,14724.73828125
2026-04-02,14376.484375
2026-04-03,14342.150390625
2026-04-06,14597.2099609375
2026-04-07,14391.201171875
2026-04-08,15175.99609375
2026-04-09,15019.0380859375
2026-04-10,15450.6748046875
2026-04-13,15382.005859375
2026-04-14,15494.8193359375
2026-04-15,15641.96875
2026-04-16,15808.73828125
2026-04-17,15828.3583984375
2026-04-20,15769.498046875
2026-04-21,15725.353515625
2026-04-22,15470.2958984375
2026-04-23,15504.6298828125
2026-04-24,15676.3046875
2026-04-27,15445.76953125
2026-04-28,15588.0146484375
2026-04-29,15646.1083984375
2026-04-30,15596.876953125
2026-05-04,15459.025390625
2026-05-06,15419.638671875
2026-05-07,15587.029296875
2026-05-08,15523.02734375
2026-05-11,15350.712890625
2026-05-12,15070.0869140625
2026-05-13,14819.0009765625
2026-05-14,15173.4755859375
2026-05-15,14759.9228515625
2026-05-18,14582.685546875
2026-05-19,14617.1474609375
2026-05-20,14405.4482421875
2026-05-21,14725.4609375
2026-05-22,15129.1669921875
2026-05-26,14951.9296875
2026-05-27,14710.689453125
2026-05-28,14323.2021484375
2026-05-29,14347.9140625
2026-06-01,14352.857421875
2026-06-02,14609.8642578125
2026-06-04,15178.244140625
2026-06-05,15771.3388671875
2026-06-08,14451.7060546875
2026-06-09,15025.0283203125
2026-06-10,14837.2158203125
2026-06-11,14590.0947265625
2026-06-12,15163.4169921875
2026-06-15,15959.150390625
2026-06-16,16310.0654296875
2026-06-17,15667.546875
2026-06-18,15524.2158203125
2026-06-19,15138.705078125
2026-06-22,14738.3681640625
2026-06-23,14397.3388671875
2026-06-24,14392.396484375
2026-06-25,14258.9501953125
2026-06-26,13809.1884765625
2026-06-29,14469.130859375
2026-06-30,14578.294921875
2026-07-01,14573.3330078125
2026-07-02,15352.36328125
2026-07-03,15779.09375
2026-07-06,15754.283203125
2026-07-07,15977.5732421875
2026-07-08,15580.6142578125
2026-07-09,15332.515625
2026-07-10,16235.595703125
2026-07-13,16319.94921875
2026-07-14,16230.6337890625
2026-07-15,16374.5322265625
2026-07-16,16389.416015625
2026-07-20,15724.51171875
2026-07-21,15789.017578125
2026-07-22,15789.017578125
2026-07-23,15779.09375
2026-07-24,15754.283203125
2026-07-27,16017.2685546875
2026-07-28,15312.66796875
2026-07-29,15019.91015625
2026-07-30,15438.3759765625
2026-07-31,15602.7724609375
2026-08-03,15692.443359375
2026-08-04,15662.5537109375
2026-08-05,15737.279296875
2026-08-06,16110.9091796875
2026-08-07,16539.337890625
2026-08-10,16076.037109375
2026-08-11,15891.712890625
2026-08-12,15702.4072265625
2026-08-13,15941.5302734375
2026-08-14,16110.9091796875
2026-08-18,15986.3662109375
2026-08-19,15777.1328125
2026-08-20,15249.0703125
2026-08-21,15533.0283203125
2026-08-24,15542.9921875
2026-08-25,15777.1328125
2026-08-26,16001.310546875
2026-08-27,16086.0
2026-08-28,16360.0
2026-08-31,16365.0
2026-09-01,16545.0
2026-09-02,16465.0
2026-09-03,16915.0
2026-09-04,16385.0
2026-09-07,16730.0
2026-09-08,16650.0
2026-09-09,16410.0
2026-09-10,16500.0
2026-09-11,16795.0
2026-09-14,17190.0
2026-09-15,16825.0
2026-09-16,16780.0
2026-09-17,16845.0
2026-09-18,16625.0
2026-09-21,16735.0
2026-09-22,16710.0
2026-09-23,16385.0
