date,value
2007-01-29,8414.4150390625
2007-01-30,8359.146484375
2007-01-31,8244.0078125
2007-02-01,8331.513671875
2007-02-02,8566.3974609375
2007-02-05,8690.75
2007-02-06,8695.357421875
2007-02-07,8704.568359375
2009-04-17,9961.8916015625
2009-04-20,10017.1591796875
2009-04-21,10169.146484375
2009-04-22,10606.6748046875
2009-04-23,10556.0126953125
2009-04-24,10196.7783203125
2009-04-27,10049.3994140625
2009-04-28,9625.6865234375
2009-04-29,9897.4150390625
2009-04-30,9984.919921875
2009-05-04,10040.189453125
2009-05-06,10044.794921875
2009-05-07,9837.5400390625
2009-05-08,9892.8095703125
2009-05-11,9984.919921875
2009-05-12,10063.2158203125
2009-05-13,10049.3994140625
2009-05-14,9948.0771484375
2009-05-15,10109.2724609375
2009-05-22,10500.7470703125
2009-05-26,10413.240234375
2009-05-27,10169.146484375
2009-05-28,10298.1005859375
2009-05-29,10298.1005859375
2009-06-01,10454.69140625
2009-06-02,10381.001953125
2009-06-03,10381.001953125
2009-06-04,10164.5390625
2009-06-05,10348.76171875
2009-06-08,10252.0458984375
2009-06-09,9906.626953125
2009-06-10,10021.765625
2009-06-11,10086.2431640625
2009-06-12,10132.298828125
2009-06-15,10017.1591796875
2009-06-16,10104.6669921875
2009-06-17,10182.9599609375
2009-06-18,10012.5556640625
2009-06-19,10054.005859375
2009-06-22,10298.1005859375
2009-06-23,10044.794921875
2009-06-24,10030.9775390625
2009-06-25,10275.072265625
2009-06-26,10376.3955078125
2009-06-29,10316.5234375
2009-06-30,10205.98828125
2009-07-01,10150.720703125
2009-07-02,10196.7783203125
2009-07-03,10307.3115234375
2009-07-06,10694.1806640625
2009-07-07,10878.4052734375
2009-07-08,10952.0927734375
2009-07-09,10933.6708984375
2009-07-10,10772.4794921875
2009-07-13,10311.91796875
2009-07-14,10367.1865234375
2009-07-15,10671.1552734375
2009-07-16,10758.6611328125
2009-07-17,10869.1962890625
2009-07-20,11205.40234375
2009-07-21,11140.9248046875
2009-07-22,11145.5302734375
2009-07-23,11099.4736328125
2009-07-24,11145.5302734375
2009-07-27,11435.6806640625
2009-07-28,11380.4140625
2009-07-29,11366.5966796875
2009-07-30,11403.443359375
2009-07-31,11311.33203125
2009-08-03,11375.80859375
2009-08-04,11329.7529296875
2009-08-05,11279.0908203125
2009-08-06,11182.373046875
2009-08-07,11315.9345703125
2009-08-10,11260.669921875
2009-08-11,11417.2626953125
2009-08-12,11684.384765625
2009-08-13,12071.251953125
2009-08-14,12190.998046875
2009-08-17,11900.8466796875
2009-08-18,11974.5380859375
2009-08-19,12246.265625
2009-08-20,12453.517578125
2009-08-21,12467.3349609375
2009-08-24,12918.6826171875
2009-08-25,12983.1591796875
2009-08-26,12937.10546875
2009-08-27,12752.880859375
2009-08-28,13038.427734375
2009-08-31,13093.6943359375
2009-09-01,13406.875
2009-09-02,13508.197265625
2009-09-03,13323.97265625
2009-09-04,13052.2431640625
2009-09-07,13236.4697265625
2009-09-08,13370.033203125
2009-09-09,13379.2431640625
2009-09-10,13531.2265625
2009-09-11,13577.28125
2009-09-14,13264.1005859375
2009-09-15,13535.8330078125
2009-09-16,13720.0537109375
2009-09-17,13756.9013671875
2009-09-18,13632.55078125
2009-09-21,13835.1943359375
2009-09-22,14116.1357421875
2009-09-23,14166.798828125
2009-09-24,13908.8837890625
2009-09-25,13710.841796875
2009-09-28,13724.66015625
2009-09-29,13733.87109375
2009-09-30,13568.0703125
2009-10-01,13310.158203125
2009-10-05,12881.8369140625
2009-10-06,12927.89453125
2009-10-07,12490.361328125
2009-10-08,12748.275390625
2009-10-09,13125.9345703125
2009-10-12,13370.033203125
2009-10-13,13512.8046875
2009-10-14,13697.025390625
2009-10-15,13674.0
2009-10-16,13268.70703125
2009-10-19,13393.0576171875
2009-10-20,13370.033203125
2009-10-21,13287.1298828125
2009-10-22,13056.8486328125
2009-10-23,13236.4697265625
2009-10-26,13241.07421875
2009-10-27,13236.4697265625
2009-10-28,12863.4150390625
2009-10-29,12812.75390625
2009-10-30,12803.544921875
2009-11-02,12587.078125
2009-11-03,12651.55859375
2009-11-04,12872.6259765625
2009-11-05,12669.9814453125
2009-11-06,12789.728515625
2009-11-09,13098.30078125
2009-11-10,13015.3994140625
2009-11-11,13185.8046875
2009-11-12,13218.0458984375
2009-11-13,12840.388671875
2009-11-16,12987.7646484375
2009-11-17,12739.064453125
2009-11-18,12918.6826171875
2009-11-19,13227.2568359375
2009-11-20,13213.44140625
2009-11-23,13181.2021484375
2009-11-24,12964.73828125
2009-11-25,13015.3994140625
2009-11-26,13052.2431640625
2009-11-27,12522.603515625
2009-11-30,12706.8251953125
2009-12-01,12771.3037109375
2009-12-02,13176.59375
2009-12-03,13323.97265625
2009-12-04,13434.5078125
2009-12-07,13558.859375
2009-12-08,13443.7197265625
2009-12-09,13522.015625
2009-12-10,13646.365234375
2009-12-11,13724.66015625
2009-12-14,13632.55078125
2009-12-15,13558.859375
2009-12-16,13650.97265625
2009-12-17,13614.1259765625
2009-12-18,13798.3525390625
2009-12-21,13959.54296875
2009-12-22,13862.830078125
2009-12-23,13844.4052734375
2009-12-24,14014.8115234375
2009-12-28,13867.43359375
2009-12-29,13936.5166015625
2009-12-30,14240.4892578125
2010-01-04,14608.935546875
2010-01-05,14581.3017578125
2010-01-06,14830.0009765625
2010-01-07,14737.8896484375
2010-01-08,14622.7529296875
2010-01-11,14415.5
2010-01-12,14281.935546875
2010-01-13,14323.3876953125
2010-01-14,14622.7529296875
2010-01-15,14581.3017578125
2010-01-18,14636.568359375
2010-01-19,14461.5556640625
2010-01-20,14286.5419921875
2010-01-21,14544.458984375
2010-01-22,14456.94921875
2010-01-25,14410.8955078125
2010-01-26,13899.6748046875
2010-01-27,13572.67578125
2010-01-28,13738.4765625
2010-01-29,13231.86328125
2010-02-01,13190.412109375
2010-02-02,13024.611328125
2010-02-03,13010.794921875
2010-02-04,13015.3994140625
2010-02-05,12527.208984375
2010-02-08,12425.884765625
2010-02-09,12757.486328125
2010-02-10,12752.880859375
2010-02-11,12780.5166015625
2010-02-12,12711.4326171875
2010-02-16,12752.880859375
2010-02-17,13061.4560546875
2010-02-18,13006.189453125
2010-02-19,12803.544921875
2010-02-22,13052.2431640625
2010-02-23,13070.66796875
2010-02-24,12941.708984375
2010-02-25,12734.458984375
2010-02-26,12798.9375
2010-03-02,12969.34375
2010-03-03,13167.3837890625
2010-03-04,13167.3837890625
2010-03-05,13305.552734375
2010-03-08,13526.623046875
2010-03-09,13457.5361328125
2010-03-10,13540.4384765625
2010-03-11,13632.55078125
2010-03-12,13632.55078125
2010-03-15,13558.859375
2010-03-16,13641.7607421875
2010-03-17,13908.8837890625
2010-03-18,14037.8408203125
2010-03-19,14111.5302734375
2010-03-22,14212.8515625
2010-03-23,14314.1767578125
2010-03-24,14452.3447265625
2010-03-25,14447.7392578125
2010-03-26,14484.583984375
2010-03-29,14549.0615234375
2010-03-30,14558.2734375
2010-03-31,14654.9921875
2010-04-01,15161.6064453125
2010-04-02,15322.798828125
2010-04-05,15511.62890625
2010-04-06,15465.5751953125
2010-04-07,15244.5048828125
2010-04-08,15428.7294921875
2010-04-09,15507.0244140625
2010-04-12,15000.412109375
2010-04-13,15189.2392578125
2010-04-14,15262.9287109375
2010-04-15,15258.322265625
2010-04-16,15074.09765625
2010-04-19,14719.4677734375
2010-04-20,14903.693359375
2010-04-21,15364.25
2010-04-22,15373.4609375
2010-04-23,15341.2236328125
2010-04-26,15451.7578125
2010-04-27,15281.3505859375
2010-04-28,15276.7470703125
2010-04-29,15646.197265625
2010-04-30,15909.4248046875
2010-05-03,15646.197265625
2010-05-04,15544.595703125
2010-05-06,15156.673828125
2010-05-07,14981.18359375
2010-05-10,15419.90625
2010-05-11,15475.3271484375
2010-05-12,15512.26953125
2010-05-13,16080.2998046875
2010-05-14,16297.3515625
2010-05-17,16131.0986328125
2010-05-18,15461.4697265625
2010-05-19,15609.248046875
2010-05-20,14814.931640625
2010-05-24,14898.060546875
2010-05-25,14459.3388671875
2010-05-26,14971.9501953125
2010-05-27,15392.19921875
2010-05-28,15484.5615234375
2010-05-31,15452.232421875
2010-06-01,15272.1279296875
2010-06-03,15424.5234375
2010-06-04,15692.3759765625
2010-06-07,15567.6884765625
2010-06-08,15544.595703125
2010-06-09,15262.8896484375
2010-06-10,15359.8720703125
2010-06-11,15415.2880859375
2010-06-14,15442.99609375
2010-06-15,15701.611328125
2010-06-16,16061.8271484375
2010-06-17,16218.841796875
2010-06-18,16357.388671875
2010-06-21,16366.6220703125
2010-06-22,16071.0615234375
2010-06-23,16001.7890625
2010-06-24,16200.3681640625
2010-06-25,16080.2998046875
2010-06-28,16126.48046875
2010-06-29,15761.6484375
2010-06-30,15683.1396484375
2010-07-01,15761.6484375
2010-07-02,15378.345703125
2010-07-05,15318.310546875
2010-07-06,15553.83203125
2010-07-07,15484.5615234375
2010-07-08,15600.0166015625
2010-07-09,15835.541015625
2010-07-12,16043.3525390625
2010-07-13,15941.7548828125
2010-07-14,16301.966796875
2010-07-15,16398.953125
2010-07-16,16080.2998046875
2010-07-19,16154.1865234375
2010-07-20,16080.2998046875
2010-07-21,16191.130859375
2010-07-22,15600.0166015625
2010-07-23,15516.888671875
2010-07-26,15812.447265625
2010-07-27,15729.3203125
2010-07-28,15623.1064453125
2010-07-29,15189.0009765625
2010-07-30,15424.5234375
2010-08-02,15470.70703125
2010-08-03,15581.541015625
2010-08-04,15364.48828125
2010-08-05,15318.310546875
2010-08-06,15290.6005859375
2010-08-09,15230.5634765625
2010-08-10,15304.455078125
2010-08-11,14764.1328125
2010-08-12,14602.498046875
2010-08-13,14981.18359375
2010-08-16,15027.3662109375
2010-08-17,15013.5126953125
2010-08-18,14990.419921875
2010-08-19,15202.857421875
2010-08-20,15096.6376953125
2010-08-23,14971.9501953125
2010-08-24,15004.275390625
2010-08-25,14824.1689453125
2010-08-26,14750.2783203125
2010-08-27,14685.6259765625
2010-08-30,14796.4609375
2010-08-31,14297.7021484375
2010-09-01,14371.5947265625
2010-09-02,14745.6611328125
2010-09-03,14976.568359375
2010-09-06,14870.3505859375
2010-09-07,15124.34765625
2010-09-08,14870.3505859375
2010-09-09,14898.060546875
2010-09-10,14902.6787109375
2010-09-13,14787.2236328125
2010-09-14,14694.8642578125
2010-09-15,14713.3330078125
2010-09-16,14694.8642578125
2010-09-17,15096.6376953125
2010-09-20,15073.55078125
2010-09-24,14787.2236328125
2010-09-27,14930.3876953125
2010-09-28,14999.6572265625
2010-09-29,15147.4375
2010-09-30,15096.6376953125
2010-10-01,15184.384765625
2010-10-04,15064.3115234375
2010-10-05,14898.060546875
2010-10-06,15147.4375
2010-10-07,14962.716796875
2010-10-08,15018.12890625
2010-10-11,14727.189453125
2010-10-12,14764.1328125
2010-10-13,14999.6572265625
2010-10-14,15152.056640625
2010-10-15,15212.09375
2010-10-18,15212.09375
2010-10-19,15064.3115234375
2010-10-20,15378.345703125
2010-10-21,15516.888671875
2010-10-22,15576.9228515625
2010-10-25,15544.595703125
2010-10-26,15355.2548828125
2010-10-27,15036.603515625
2010-10-28,15004.275390625
2010-10-29,14856.4970703125
2010-11-01,14713.3330078125
2010-11-02,14560.9375
2010-11-03,14657.919921875
2010-11-04,14893.4404296875
2010-11-05,15036.603515625
2010-11-08,15013.5126953125
2010-11-09,14976.568359375
2010-11-10,15041.22265625
2010-11-11,15221.328125
2010-11-12,14644.0625
2010-11-15,14971.9501953125
2010-11-16,15124.34765625
2010-11-17,14948.8583984375
2010-11-18,15036.603515625
2010-11-19,15258.2724609375
2010-11-22,15720.0859375
2010-11-23,15673.9052734375
2010-11-24,15650.8154296875
2010-11-25,15563.0703125
2010-11-26,15262.8896484375
2010-11-29,15285.98046875
2010-11-30,15193.6181640625
2010-12-01,15142.8193359375
2010-12-02,15406.052734375
2010-12-03,15350.634765625
2010-12-06,15433.7626953125
2010-12-07,15493.796875
2010-12-08,15276.7451171875
2010-12-09,15623.1064453125
2010-12-10,15701.611328125
2010-12-13,15960.228515625
2010-12-14,16020.2607421875
2010-12-15,15798.5966796875
2010-12-16,15793.974609375
2010-12-17,15770.8837890625
2010-12-20,15553.83203125
2010-12-21,15692.3759765625
2010-12-22,15586.1611328125
2010-12-23,15452.232421875
2010-12-24,15396.8173828125
2010-12-27,15369.1103515625
2010-12-28,15609.248046875
2010-12-29,15872.4853515625
2010-12-30,15946.3740234375
2011-01-03,16311.2041015625
2011-01-04,16348.150390625
2011-01-05,16292.7314453125
2011-01-06,16362.0048828125
2011-01-07,16288.11328125
2011-01-10,16325.060546875
2011-01-11,16135.716796875
2011-01-12,16283.4970703125
2011-01-13,16338.912109375
2011-01-14,16352.7705078125
2011-01-17,16144.953125
2011-01-18,16315.8212890625
2011-01-19,16532.873046875
2011-01-20,16560.583984375
2011-01-21,16435.892578125
2011-01-24,16495.9296875
2011-01-25,16458.984375
2011-01-26,16625.236328125
2011-01-27,16712.982421875
2011-01-28,17040.8671875
2011-01-31,16939.267578125
2011-02-01,16883.8515625
2011-02-07,16902.326171875
2011-02-08,16726.8359375
2011-02-09,16477.45703125
2011-02-10,16265.025390625
2011-02-11,15960.228515625
2011-02-14,16417.423828125
2011-02-15,16334.296875
2011-02-16,16135.716796875
2011-02-17,16024.8828125
2011-02-18,16394.33203125
2011-02-21,16255.787109375
2011-02-22,16071.0615234375
2011-02-23,15775.5009765625
2011-02-24,15558.44921875
2011-02-25,15895.5732421875
2011-02-28,15964.8447265625
2011-03-02,15747.794921875
2011-03-03,16126.48046875
2011-03-04,16297.3515625
2011-03-07,16195.7529296875
2011-03-08,16301.966796875
2011-03-09,15941.7548828125
2011-03-10,15743.17578125
2011-03-11,15650.8154296875
2011-03-14,16006.4072265625
2011-03-15,15484.5615234375
2011-03-16,15683.1396484375
2011-03-17,15581.541015625
2011-03-18,15701.611328125
2011-03-21,15830.921875
2011-03-22,15747.794921875
2011-03-23,16024.8828125
2011-03-24,16112.625
2011-03-25,16329.6806640625
2011-03-28,16366.6220703125
2011-03-29,16375.859375
2011-03-30,16671.419921875
2011-03-31,16740.689453125
2011-04-01,17087.05078125
2011-04-04,17022.396484375
2011-04-05,17045.486328125
2011-04-06,16837.669921875
2011-04-07,16680.65625
2011-04-08,16560.583984375
2011-04-11,16408.181640625
2011-04-12,16288.11328125
2011-04-13,16523.638671875
2011-04-14,16754.544921875
2011-04-15,16666.802734375
2011-04-18,16542.11328125
2011-04-19,16454.36328125
2011-04-20,17068.576171875
2011-04-21,17456.5
2011-04-22,17244.0625
2011-04-25,17364.13671875
2011-04-26,16994.685546875
2011-04-27,17027.01171875
2011-04-28,16601.681640625
2011-04-29,16754.24609375
2011-05-02,16745.001953125
2011-05-03,16823.58984375
2011-05-04,16352.0361328125
2011-05-06,16116.255859375
2011-05-09,16213.341796875
2011-05-11,16273.44140625
2011-05-12,16301.181640625
2011-05-13,16578.5703125
2011-05-16,16393.64453125
2011-05-17,16134.7509765625
2011-05-18,16023.791015625
2011-05-19,15598.462890625
2011-05-20,15556.857421875
2011-05-23,15066.8037109375
2011-05-24,15131.5263671875
2011-05-25,14803.283203125
2011-05-26,15237.859375
2011-05-27,15307.20703125
2011-05-30,14844.892578125
2011-05-31,15173.134765625
2011-06-01,15094.5419921875
2011-06-02,14687.70703125
2011-06-03,14581.3720703125
2011-06-07,14576.7509765625
2011-06-08,14780.1669921875
2011-06-09,14904.9921875
2011-06-10,14336.3466796875
2011-06-13,14109.8115234375
2011-06-14,14253.130859375
2011-06-15,14498.1552734375
2011-06-16,14262.3759765625
2011-06-17,13813.93359375
2011-06-20,13869.4111328125
2011-06-21,14137.55078125
2011-06-22,14377.955078125
2011-06-23,14414.9404296875
2011-06-24,14812.5302734375
2011-06-27,14585.998046875
2011-06-28,14484.2861328125
2011-06-29,14419.5634765625
2011-06-30,14465.7958984375
2011-07-01,14840.2685546875
2011-07-04,15163.888671875
2011-07-05,15441.275390625
2011-07-06,15080.671875
2011-07-07,14932.732421875
2011-07-08,14941.9794921875
2011-07-11,14794.03515625
2011-07-12,14414.9404296875
2011-07-13,14082.0771484375
2011-07-14,13957.251953125
2011-07-15,14100.5673828125
2011-07-18,14003.48046875
2011-07-19,14303.9853515625
2011-07-20,14581.3720703125
2011-07-21,14442.681640625
2011-07-22,14507.40234375
2011-07-25,14377.955078125
2011-07-26,14447.302734375
2011-07-27,14276.24609375
2011-07-28,14174.5400390625
2011-07-29,14308.6083984375
2011-08-01,14659.966796875
2011-08-02,14313.23046875
2011-08-03,13906.3955078125
2011-08-04,13707.6005859375
2011-08-05,13162.0703125
2011-08-08,12500.9619140625
2011-08-09,11617.9423828125
2011-08-10,11812.1123046875
2011-08-11,12075.6328125
2011-08-12,11738.142578125
2011-08-16,12371.513671875
2011-08-17,12343.7763671875
2011-08-18,11530.103515625
2011-08-19,10633.21484375
2011-08-22,10633.21484375
2011-08-23,11072.4140625
2011-08-24,10758.0390625
2011-08-25,11003.06640625
2011-08-26,11155.630859375
2011-08-29,11571.7138671875
2011-08-30,11682.6669921875
2011-08-31,11738.142578125
2011-09-01,11812.1123046875
2011-09-02,11705.7822265625
2011-09-05,11030.8056640625
2011-09-06,10753.416015625
2011-09-07,11742.767578125
2011-09-08,11604.072265625
2011-09-09,11474.6259765625
2011-09-14,11077.037109375
2011-09-15,11280.4541015625
2011-09-16,11752.0146484375
2011-09-19,11567.0888671875
2011-09-20,11904.578125
2011-09-21,12020.15625
2011-09-22,11788.9990234375
2011-09-23,11123.265625
2011-09-26,10697.939453125
2011-09-27,11155.630859375
2011-09-28,11132.5146484375
2011-09-29,11571.7138671875
2011-09-30,11613.31640625
2011-10-04,11257.337890625
2011-10-05,11049.2978515625
2011-10-06,11437.640625
2011-10-07,11613.31640625
2011-10-10,12075.6328125
2011-10-11,11978.5458984375
2011-10-12,12223.5732421875
2011-10-13,12255.9365234375
2011-10-14,12297.54296875
2011-10-17,12371.513671875
2011-10-18,12302.16796875
2011-10-19,12366.8916015625
2011-10-20,12024.779296875
2011-10-21,12713.6259765625
2011-10-24,13222.171875
2011-10-25,13222.171875
2011-10-26,13185.1865234375
2011-10-27,13129.708984375
2011-10-28,13074.232421875
2011-10-31,13148.201171875
2011-11-01,13407.095703125
2011-11-02,13245.2880859375
2011-11-03,13152.8251953125
2011-11-04,13786.1943359375
2011-11-07,13776.9482421875
2011-11-08,13522.673828125
2011-11-09,13328.501953125
2011-11-10,12718.2490234375
2011-11-11,12963.275390625
2011-11-14,13291.5185546875
2011-11-15,13088.1005859375
2011-11-16,12880.0595703125
2011-11-17,13199.056640625
2011-11-18,13175.9404296875
2011-11-21,13009.5068359375
2011-11-22,13120.4619140625
2011-11-23,12644.279296875
2011-11-24,12727.4951171875
2011-11-25,12588.8017578125
2011-11-28,12991.01171875
2011-11-29,13291.5185546875
2011-11-30,13203.6787109375
2011-12-01,13550.4130859375
2011-12-02,13467.19921875
2011-12-05,13522.673828125
2011-12-06,13360.8671875
2011-12-07,13481.06640625
2011-12-08,13545.7919921875
2011-12-09,13374.7353515625
2011-12-12,13619.76171875
2011-12-13,13555.0380859375
2011-12-14,13374.7353515625
2011-12-15,13185.1865234375
2011-12-16,13199.056640625
2011-12-19,12588.8017578125
2011-12-20,12570.310546875
2011-12-21,12977.14453125
2011-12-22,12930.9130859375
2011-12-23,13129.708984375
2011-12-26,13129.708984375
2011-12-27,12926.291015625
2011-12-28,13018.751953125
2011-12-29,13217.546875
2012-01-02,13527.298828125
2012-01-03,13730.71484375
2012-01-04,13652.123046875
2012-01-05,13656.7470703125
2012-01-06,13541.166015625
2012-01-09,13370.111328125
2012-01-10,13457.9501953125
2012-01-11,13383.98046875
2012-01-12,13407.095703125
2012-01-13,13652.123046875
2012-01-16,13582.7763671875
2012-01-17,13494.9365234375
2012-01-18,13448.705078125
2012-01-19,13948.00390625
2012-01-20,14049.71484375
2012-01-25,14142.17578125
2012-01-26,14160.6689453125
2012-01-27,14054.3349609375
2012-01-30,14049.71484375
2012-01-31,14225.3916015625
2012-02-01,14276.24609375
2012-02-02,14368.7099609375
2012-02-03,14225.3916015625
2012-02-06,14040.4658203125
2012-02-07,14026.59765625
2012-02-08,14243.8828125
2012-02-09,14364.087890625
2012-02-10,14419.5634765625
2012-02-13,14530.51953125
2012-02-14,14595.2431640625
2012-02-15,14978.966796875
2012-02-16,14863.384765625
2012-02-17,15159.2646484375
2012-02-20,15108.41015625
2012-02-21,15089.9208984375
2012-02-22,15205.4970703125
2012-02-23,15094.5419921875
2012-02-24,15136.150390625
2012-02-27,14932.732421875
2012-02-28,15348.8134765625
2012-02-29,15404.2939453125
2012-03-02,15455.1435546875
2012-03-05,15256.3515625
2012-03-06,15265.59765625
2012-03-07,15163.888671875
2012-03-08,15330.3212890625
2012-03-09,15533.740234375
2012-03-12,15427.40625
2012-03-13,15376.5537109375
2012-03-14,15510.6240234375
2012-03-15,15579.97265625
2012-03-16,15598.462890625
2012-03-19,15579.97265625
2012-03-20,15469.0146484375
2012-03-21,15418.1630859375
2012-03-22,15496.7529296875
2012-03-23,15575.3466796875
2012-03-26,15621.5830078125
2012-03-27,15644.6943359375
2012-03-28,15510.6240234375
2012-03-29,15321.076171875
2012-03-30,15196.2490234375
2012-04-02,15154.6435546875
2012-04-03,15325.7001953125
2012-04-04,15048.310546875
2012-04-05,15163.888671875
2012-04-06,15122.2783203125
2012-04-09,14706.197265625
2012-04-10,14553.6357421875
2012-04-12,14377.955078125
2012-04-13,14752.4296875
2012-04-16,14729.3125
2012-04-17,14599.8681640625
2012-04-18,14770.921875
2012-04-19,14932.732421875
2012-04-20,14696.9521484375
2012-04-23,14659.966796875
2012-04-24,14576.7509765625
2012-04-25,14613.7353515625
2012-04-26,14664.5908203125
2012-04-27,14910.0029296875
2012-04-30,15002.6123046875
2012-05-02,15039.6552734375
2012-05-03,15002.6123046875
2012-05-04,15053.546875
2012-05-07,14845.177734375
2012-05-08,15007.2412109375
2012-05-09,14872.9599609375
2012-05-10,15030.39453125
2012-05-11,14678.4814453125
2012-05-14,14701.634765625
2012-05-15,14576.6123046875
2012-05-16,13632.0029296875
2012-05-17,13905.19921875
2012-05-18,13312.5029296875
2012-05-21,13604.2197265625
2012-05-22,13858.89453125
2012-05-23,13664.4169921875
2012-05-24,13696.8291015625
2012-05-25,13706.0908203125
2012-05-29,13974.6552734375
2012-05-30,13983.9169921875
2012-05-31,13928.349609375
2012-06-01,13923.7197265625
2012-06-04,13335.6552734375
2012-06-05,13585.6982421875
2012-06-07,13919.08984375
2012-06-08,13687.5693359375
2012-06-11,14113.568359375
2012-06-12,14095.0458984375
2012-06-13,14252.48046875
2012-06-14,14280.265625
2012-06-15,14007.0693359375
2012-06-18,14159.8720703125
2012-06-19,14169.1328125
2012-06-20,14377.5029296875
2012-06-21,14349.7197265625
2012-06-22,14132.08984375
2012-06-25,13719.98046875
2012-06-26,13696.8291015625
2012-06-27,13845.001953125
2012-06-28,13821.8515625
2012-06-29,14085.7861328125
2012-07-02,14076.525390625
2012-07-03,14095.0458984375
2012-07-04,14178.39453125
2012-07-05,14090.4150390625
2012-07-06,13983.9169921875
2012-07-09,13854.2646484375
2012-07-10,13812.5888671875
2012-07-11,13706.0908203125
2012-07-12,13451.4189453125
2012-07-13,13571.8056640625
2012-07-16,13530.1337890625
2012-07-17,13381.958984375
2012-07-18,13067.0908203125
2012-07-19,13293.9833984375
2012-07-20,13432.8935546875
2012-07-23,13136.5478515625
2012-07-24,13145.806640625
2012-07-25,12946.697265625
2012-07-26,13002.2646484375
2012-07-27,13405.1103515625
2012-07-30,13534.7626953125
2012-07-31,13821.8515625
2012-08-01,13789.4384765625
2012-08-02,13567.1767578125
2012-08-03,13395.8515625
2012-08-06,13821.8515625
2012-08-07,13895.9384765625
2012-08-08,14039.48046875
2012-08-09,14196.9150390625
2012-08-10,14229.3291015625
2012-08-13,14118.1982421875
2012-08-14,14354.349609375
2012-08-16,14331.197265625
2012-08-17,14150.6123046875
2012-08-20,14002.4375
2012-08-21,14095.0458984375
2012-08-22,13919.08984375
2012-08-23,13983.9169921875
2012-08-24,13835.740234375
2012-08-27,13340.283203125
2012-08-28,13372.6982421875
2012-08-29,13581.0693359375
2012-08-30,13419.00390625
2012-08-31,13567.1767578125
2012-09-03,13525.5048828125
2012-09-04,13571.8056640625
2012-09-05,13363.4365234375
2012-09-06,13386.58984375
2012-09-07,13789.4384765625
2012-09-10,13715.3505859375
2012-09-11,13655.1552734375
2012-09-12,13817.2216796875
2012-09-13,13798.6982421875
2012-09-14,14076.525390625
2012-09-17,14048.7412109375
2012-09-18,14025.5908203125
2012-09-19,14058.0029296875
2012-09-20,14020.958984375
2012-09-21,14034.8515625
2012-09-24,14044.109375
2012-09-25,13900.5673828125
2012-09-26,13733.8740234375
2012-09-27,13775.5458984375
2012-09-28,13854.2646484375
2012-10-02,13835.740234375
2012-10-04,13803.3291015625
2012-10-05,13923.7197265625
2012-10-08,13923.7197265625
2012-10-09,13900.5673828125
2012-10-10,13544.025390625
2012-10-11,13469.9365234375
2012-10-12,13391.2216796875
2012-10-15,13270.830078125
2012-10-16,13548.65625
2012-10-17,13636.6318359375
2012-10-18,13553.2861328125
2012-10-19,13451.4189453125
2012-10-22,13465.3076171875
2012-10-23,13456.0458984375
2012-10-24,13483.8271484375
2012-10-25,13567.1767578125
2012-10-26,13298.6123046875
2012-10-29,13182.8515625
2012-10-30,13289.3505859375
2012-10-31,13497.720703125
2012-11-01,13506.9814453125
2012-11-02,13747.763671875
2012-11-05,13789.4384765625
2012-11-06,13798.6982421875
2012-11-07,13900.5673828125
2012-11-08,13886.673828125
2012-11-09,13807.9599609375
2012-11-12,13835.740234375
2012-11-13,13872.7861328125
2012-11-14,14058.0029296875
2012-11-15,13849.6328125
2012-11-16,13446.7861328125
2012-11-19,13733.8740234375
2012-11-20,13826.482421875
2012-11-21,13775.5458984375
2012-11-22,14081.154296875
2012-11-23,14136.7216796875
2012-11-26,14104.30859375
2012-11-27,13932.9814453125
2012-11-28,13960.763671875
2012-11-29,13942.2431640625
2012-11-30,13937.609375
2012-12-03,13942.2431640625
2012-12-04,14141.349609375
2012-12-05,14261.7412109375
2012-12-06,14048.7412109375
2012-12-07,14396.025390625
2012-12-10,14470.111328125
2012-12-11,14317.3076171875
2012-12-12,14368.2431640625
2012-12-13,14493.263671875
2012-12-14,14470.111328125
2012-12-17,14456.2197265625
2012-12-18,14409.916015625
2012-12-20,14206.1767578125
2012-12-21,13965.39453125
2012-12-24,14034.8515625
2012-12-26,14076.525390625
2012-12-27,14446.958984375
2012-12-28,14646.0693359375
2013-01-02,14947.0458984375
2013-01-03,14859.0693359375
2013-01-04,14905.3720703125
2013-01-07,14891.484375
2013-01-08,14854.4375
2013-01-09,14910.0029296875
2013-01-10,15123.00390625
2013-01-11,15136.8935546875
2013-01-14,15048.916015625
2013-01-15,14701.634765625
2013-01-16,14396.025390625
2013-01-17,14396.025390625
2013-01-18,14539.5693359375
2013-01-21,14534.9384765625
2013-01-22,14539.5693359375
2013-01-23,14479.3720703125
2013-01-24,14210.806640625
2013-01-25,14113.568359375
2013-01-28,13951.50390625
2013-01-29,14067.263671875
2013-01-30,14044.109375
2013-01-31,14081.154296875
2013-02-01,13983.9169921875
2013-02-04,13803.3291015625
2013-02-05,13798.6982421875
2013-02-06,14044.109375
2013-02-07,14090.4150390625
2013-02-08,14187.6552734375
2013-02-12,14224.697265625
2013-02-13,14400.654296875
2013-02-14,14525.677734375
2013-02-15,14659.9619140625
2013-02-18,14706.263671875
2013-02-19,14933.15625
2013-02-20,15261.9150390625
2013-02-21,15183.19921875
2013-02-22,15104.4833984375
2013-02-25,15090.591796875
2013-02-26,15136.8935546875
2013-02-27,15123.00390625
2013-02-28,15229.501953125
2013-03-04,15197.0927734375
2013-03-05,15502.6982421875
2013-03-06,15729.5908203125
2013-03-07,15660.13671875
2013-03-08,15511.9609375
2013-03-11,15562.8955078125
2013-03-12,15604.5673828125
2013-03-13,15729.5908203125
2013-03-14,15877.7685546875
2013-03-15,15743.484375
2013-03-18,15312.8505859375
2013-03-19,15572.15625
2013-03-20,15437.873046875
2013-03-21,15289.6982421875
2013-03-22,15488.8076171875
2013-03-25,15664.765625
2013-03-26,15650.8740234375
2013-03-27,15687.9130859375
2013-03-28,15650.8740234375
2013-03-29,15729.5908203125
2013-04-01,15535.11328125
2013-04-02,15595.3076171875
2013-04-03,15845.353515625
2013-04-04,15715.697265625
2013-04-05,15382.30859375
2013-04-08,15197.0927734375
2013-04-09,15192.4599609375
2013-04-10,15271.177734375
2013-04-11,15613.8291015625
2013-04-12,15549.00390625
2013-04-15,15650.8740234375
2013-04-16,15711.068359375
2013-04-17,15789.7861328125
2013-04-18,15470.2861328125
2013-04-19,15414.7197265625
2013-04-22,15752.7421875
2013-04-23,15826.8291015625
2013-04-24,15891.6552734375
2013-04-25,15812.939453125
2013-04-26,15919.4365234375
2013-04-29,15928.7197265625
2013-04-30,16053.9951171875
2013-05-02,15803.4384765625
2013-05-03,16035.4345703125
2013-05-06,15849.837890625
2013-05-07,15840.5615234375
2013-05-08,15840.5615234375
2013-05-09,16044.7177734375
2013-05-10,15789.5224609375
2013-05-13,15868.3974609375
2013-05-14,15961.19921875
2013-05-15,16012.236328125
2013-05-16,16193.193359375
2013-05-20,16174.6318359375
2013-05-21,16369.5068359375
2013-05-22,16536.54296875
2013-05-23,16610.783203125
2013-05-24,16722.138671875
2013-05-27,16749.9765625
2013-05-28,16889.17578125
2013-05-29,16981.97265625
2013-05-30,16838.138671875
2013-05-31,16930.935546875
2013-06-03,16680.376953125
2013-06-04,16828.853515625
2013-06-05,16480.86328125
2013-06-07,15970.4765625
2013-06-10,16383.4248046875
2013-06-11,16211.7509765625
2013-06-12,16197.830078125
2013-06-13,16026.1552734375
2013-06-14,15794.1650390625
2013-06-17,15390.4912109375
2013-06-18,15868.3974609375
2013-06-19,15905.51953125
2013-06-20,15682.8037109375
2013-06-21,15562.166015625
2013-06-24,15163.138671875
2013-06-25,14615.6318359375
2013-06-26,14717.708984375
2013-06-27,15293.0546875
2013-06-28,15422.9716796875
2013-07-01,15478.6494140625
2013-07-02,15005.3828125
2013-07-03,14861.546875
2013-07-04,14880.10546875
2013-07-05,14662.029296875
2013-07-08,14267.6376953125
2013-07-09,14569.232421875
2013-07-10,14416.1162109375
2013-07-11,14926.50390625
2013-07-12,14991.4619140625
2013-07-15,15051.7802734375
2013-07-16,15130.6572265625
2013-07-17,15228.0966796875
2013-07-18,15246.6552734375
2013-07-19,15153.8583984375
2013-07-22,14968.2626953125
2013-07-23,15042.5
2013-07-24,15167.7783203125
2013-07-25,15204.8984375
2013-07-26,15139.9384765625
2013-07-29,14949.703125
2013-07-30,15047.1416015625
2013-07-31,15144.578125
2013-08-01,15153.8583984375
2013-08-02,15177.0576171875
2013-08-05,15186.3369140625
2013-08-06,14945.0634765625
2013-08-07,14796.5888671875
2013-08-08,14689.869140625
2013-08-09,14782.66796875
2013-08-12,14796.5888671875
2013-08-13,15311.6142578125
2013-08-14,15631.763671875
2013-08-16,15543.607421875
2013-08-19,15464.73046875
2013-08-20,15302.333984375
2013-08-21,15135.298828125
2013-08-22,14856.90625
2013-08-23,15265.2158203125
2013-08-26,15228.0966796875
2013-08-27,15014.662109375
2013-08-28,14884.7451171875
2013-08-29,15042.5
2013-08-30,15228.0966796875
2013-09-02,15246.6552734375
2013-09-03,15163.138671875
2013-09-04,15246.6552734375
2013-09-05,15302.333984375
2013-09-06,15116.73828125
2013-09-09,15204.8984375
2013-09-10,15316.25390625
2013-09-11,15376.572265625
2013-09-12,15404.4111328125
2013-09-13,15487.927734375
2013-09-16,15543.607421875
2013-09-17,15585.3671875
2013-09-23,15641.044921875
2013-09-24,15710.64453125
2013-09-25,15543.607421875
2013-09-26,15710.64453125
2013-09-27,15845.2001953125
2013-09-30,15845.2001953125
2013-10-01,15729.2041015625
2013-10-02,16067.9150390625
2013-10-04,16313.826171875
2013-10-07,16350.9453125
2013-10-08,16262.7880859375
2013-10-10,16369.5068359375
2013-10-11,16559.7421875
2013-10-14,16536.54296875
2013-10-15,16564.380859375
2013-10-16,16564.380859375
2013-10-17,16517.978515625
2013-10-18,16633.98046875
2013-10-21,16606.138671875
2013-10-22,16420.54296875
2013-10-23,16156.07421875
2013-10-24,16281.34765625
2013-10-25,16341.6689453125
2013-10-28,16485.50390625
2013-10-29,16327.748046875
2013-10-30,16555.103515625
2013-10-31,16374.1474609375
2013-11-01,16596.859375
2013-11-04,16578.302734375
2013-11-05,16253.5078125
2013-11-06,16012.236328125
2013-11-07,15951.9169921875
2013-11-08,15678.166015625
2013-11-11,15404.4111328125
2013-11-12,15747.7607421875
2013-11-13,15543.607421875
2013-11-14,15682.8037109375
2013-11-15,16063.271484375
2013-11-18,16091.1142578125
2013-11-19,16026.1552734375
2013-11-20,15678.166015625
2013-11-21,15599.2861328125
2013-11-22,15631.763671875
2013-11-25,15914.7978515625
2013-11-26,16016.8740234375
2013-11-27,16128.232421875
2013-11-28,16341.6689453125
2013-11-29,16415.90625
2013-12-02,16281.34765625
2013-12-03,15984.3955078125
2013-12-04,15896.2392578125
2013-12-05,15831.279296875
2013-12-06,15979.755859375
2013-12-09,16091.1142578125
2013-12-10,16035.4345703125
2013-12-11,15924.078125
2013-12-12,15849.837890625
2013-12-13,15817.359375
2013-12-16,15808.083984375
2013-12-17,15715.2822265625
2013-12-18,15673.52734375
2013-12-19,15543.607421875
2013-12-20,15631.763671875
2013-12-23,15905.51953125
2013-12-24,15803.4384765625
2013-12-26,15627.1279296875
2013-12-27,15951.9169921875
2013-12-30,16044.7177734375
2014-01-02,15576.0869140625
2014-01-03,15840.5615234375
2014-01-06,16091.1142578125
2014-01-07,16118.9501953125
2014-01-08,16313.826171875
2014-01-09,16397.345703125
2014-01-10,16234.9482421875
2014-01-13,16165.3486328125
2014-01-14,16151.4296875
2014-01-15,16091.1142578125
2014-01-16,16095.755859375
2014-01-17,16072.5556640625
2014-01-20,16401.984375
2014-01-21,16374.1474609375
2014-01-22,16508.703125
2014-01-23,16374.1474609375
2014-01-24,16429.826171875
2014-01-27,16012.236328125
2014-01-28,16230.3076171875
2014-01-29,16490.146484375
2014-02-03,16485.50390625
2014-02-04,16040.0771484375
2014-02-05,16053.9951171875
2014-02-06,16388.068359375
2014-02-07,16527.263671875
2014-02-10,16527.263671875
2014-02-11,16643.26171875
2014-02-12,16680.376953125
2014-02-13,16666.458984375
2014-02-14,16633.98046875
2014-02-17,16615.41796875
2014-02-18,16675.740234375
2014-02-19,16736.056640625
2014-02-20,16596.859375
2014-02-21,16870.615234375
2014-02-24,16787.095703125
2014-02-25,16773.1796875
2014-02-26,16917.01171875
2014-02-27,16842.771484375
2014-02-28,16865.97265625
2014-03-03,16740.697265625
2014-03-04,16824.21484375
2014-03-05,16917.01171875
2014-03-06,16981.97265625
2014-03-07,17037.65234375
2014-03-10,16810.294921875
2014-03-11,16968.05078125
2014-03-12,16680.376953125
2014-03-13,16884.53515625
2014-03-14,16824.21484375
2014-03-17,16462.3046875
2014-03-18,16606.138671875
2014-03-19,16675.740234375
2014-03-20,16666.458984375
2014-03-21,16981.97265625
2014-03-24,16865.97265625
2014-03-25,16596.859375
2014-03-26,16842.771484375
2014-03-27,16587.583984375
2014-03-28,16749.9765625
2014-03-31,16708.216796875
2014-04-01,16926.294921875
2014-04-02,17088.69140625
2014-04-03,17116.525390625
2014-04-04,17223.248046875
2014-04-07,17139.728515625
2014-04-08,17144.3671875
2014-04-09,16930.935546875
2014-04-10,17116.525390625
2014-04-11,16977.3359375
2014-04-14,17042.291015625
2014-04-15,17037.65234375
2014-04-16,17107.251953125
2014-04-17,16963.416015625
2014-04-18,17483.080078125
2014-04-21,17585.15625
2014-04-22,17585.15625
2014-04-23,17631.5546875
2014-04-24,17626.916015625
2014-04-25,17441.318359375
2014-04-28,17394.92578125
2014-04-29,17274.091796875
2014-04-30,17306.625
2014-05-02,17204.3828125
2014-05-07,17004.548828125
2014-05-08,16851.18359375
2014-05-09,16916.248046875
2014-05-12,17153.265625
2014-05-13,17353.095703125
2014-05-14,17399.5703125
2014-05-15,17315.91796875
2014-05-16,17390.27734375
2014-05-19,17116.083984375
2014-05-20,17222.97265625
2014-05-21,17185.79296875
2014-05-22,17204.3828125
2014-05-23,17292.677734375
2014-05-26,17362.392578125
2014-05-27,17441.39453125
2014-05-28,17566.873046875
2014-05-29,17683.0546875
2014-05-30,17548.283203125
2014-06-02,17557.578125
2014-06-03,17534.33984375
2014-06-05,17413.513671875
2014-06-09,17390.27734375
2014-06-10,17692.349609375
2014-06-11,17576.166015625
2014-06-12,17548.283203125
2014-06-13,17408.865234375
2014-06-16,17659.818359375
2014-06-17,17780.6484375
2014-06-18,17841.06640625
2014-06-19,17734.17578125
2014-06-20,17538.9921875
2014-06-23,17278.7421875
2014-06-24,17599.40234375
2014-06-25,17455.33984375
2014-06-26,17255.501953125
2014-06-27,17027.779296875
2014-06-30,17301.9765625
2014-07-01,17473.92578125
2014-07-02,17729.53125
2014-07-03,17910.775390625
2014-07-04,17776.00390625
2014-07-07,17855.005859375
2014-07-08,17980.484375
2014-07-09,17841.06640625
2014-07-10,17734.17578125
2014-07-11,17483.22265625
2014-07-14,17617.9921875
2014-07-15,17776.00390625
2014-07-16,17799.23828125
2014-07-17,17975.8359375
2014-07-18,17906.12890625
2014-07-21,17882.892578125
2014-07-22,17929.365234375
2014-07-23,17836.41796875
2014-07-24,17687.705078125
2014-07-25,17622.640625
2014-07-28,17250.857421875
2014-07-29,16925.54296875
2014-07-30,17037.083984375
2014-07-31,16516.580078125
2014-08-01,16567.697265625
2014-08-04,16827.947265625
2014-08-05,16730.35546875
2014-08-06,16316.7431640625
2014-08-07,16288.8583984375
2014-08-08,16079.728515625
2014-08-11,16233.0927734375
2014-08-12,16056.4931640625
2014-08-13,16242.38671875
2014-08-14,16381.8076171875
2014-08-18,16265.625
2014-08-19,16288.8583984375
2014-08-20,16460.80859375
2014-08-21,16544.45703125
2014-08-22,16535.16796875
2014-08-25,16669.94140625
2014-08-26,16525.87109375
2014-08-27,16470.10546875
2014-08-28,16511.9296875
2014-08-29,16600.2265625
2014-09-01,16353.921875
2014-09-02,16186.6171875
2014-09-03,15838.06640625
2014-09-04,15972.8388671875
2014-09-05,16089.021484375
2014-09-11,16228.4443359375
2014-09-12,16200.560546875
2014-09-15,15991.431640625
2014-09-16,16079.728515625
2014-09-17,16163.380859375
2014-09-18,16033.2568359375
2014-09-19,16112.2607421875
2014-09-22,15893.8349609375
2014-09-23,15707.943359375
2014-09-24,15749.76953125
2014-09-25,15819.4833984375
2014-09-26,15865.953125
2014-09-29,15842.71484375
2014-09-30,15791.59375
2014-10-01,15452.33984375
2014-10-02,15624.2919921875
2014-10-06,15605.7041015625
2014-10-07,15689.353515625
2014-10-08,15763.7109375
2014-10-10,15494.166015625
2014-10-13,15010.845703125
2014-10-14,15308.2744140625
2014-10-15,15308.2744140625
2014-10-16,15266.44921875
2014-10-17,14987.611328125
2014-10-20,15261.8037109375
2014-10-21,15285.0380859375
2014-10-22,15652.177734375
2014-10-23,15680.0595703125
2014-10-24,15443.044921875
2014-10-27,15359.3935546875
2014-10-28,15489.5205078125
2014-10-29,15680.0595703125
2014-10-30,15921.720703125
2014-10-31,16260.97265625
2014-11-03,16075.080078125
2014-11-04,15921.720703125
2014-11-05,15847.3662109375
2014-11-06,15800.890625
2014-11-07,16010.0185546875
2014-11-10,16256.3251953125
2014-11-11,16200.560546875
2014-11-12,16312.09375
2014-11-13,16242.38671875
2014-11-14,16195.9140625
2014-11-17,15670.7646484375
2014-11-18,15828.771484375
2014-11-19,16079.728515625
2014-11-20,16065.7890625
2014-11-21,16010.0185546875
2014-11-24,16102.9658203125
2014-11-25,16223.794921875
2014-11-26,16302.7998046875
2014-11-27,16516.580078125
2014-11-28,16590.93359375
2014-12-01,16549.109375
2014-12-02,16516.580078125
2014-12-03,16563.052734375
2014-12-04,16711.763671875
2014-12-05,16730.35546875
2014-12-08,16837.2421875
2014-12-09,16967.369140625
2014-12-10,16683.8828125
2014-12-11,16470.10546875
2014-12-12,16400.39453125
2014-12-15,16395.748046875
2014-12-16,16219.150390625
2014-12-17,16144.7890625
2014-12-18,16233.0927734375
2014-12-19,16716.4140625
2014-12-22,16823.30078125
2014-12-23,17027.779296875
2014-12-24,17018.48828125
2014-12-26,16972.015625
2014-12-29,17394.921875
2014-12-30,17380.984375
2015-01-02,17566.873046875
2015-01-05,17557.578125
2015-01-06,17325.2109375
2015-01-07,17427.447265625
2015-01-08,17752.767578125
2015-01-09,17966.5390625
2015-01-12,17961.896484375
2015-01-13,17757.4140625
2015-01-14,17720.234375
2015-01-15,17720.234375
2015-01-16,17408.865234375
2015-01-19,17576.166015625
2015-01-20,17599.40234375
2015-01-21,17957.248046875
2015-01-22,17845.7109375
2015-01-23,17934.01171875
2015-01-26,17943.302734375
2015-01-27,18054.841796875
2015-01-28,17868.947265625
2015-01-29,17748.119140625
2015-01-30,17766.70703125
2015-02-02,17529.693359375
2015-02-03,17525.044921875
2015-02-04,17585.46484375
2015-02-05,17432.1015625
2015-02-06,17469.27734375
2015-02-09,17455.33984375
2015-02-10,17525.044921875
2015-02-11,17836.41796875
2015-02-12,17799.23828125
2015-02-13,17938.66015625
2015-02-16,17938.66015625
2015-02-17,17882.892578125
2015-02-23,18040.8984375
2015-02-24,18175.673828125
2015-02-25,18031.603515625
2015-02-26,18031.603515625
2015-02-27,18194.2578125
2015-03-02,18421.98046875
2015-03-03,18552.103515625
2015-03-04,18542.80859375
2015-03-05,18603.228515625
2015-03-06,18830.943359375
2015-03-09,18500.982421875
2015-03-10,18254.67578125
2015-03-11,18347.623046875
2015-03-12,18296.498046875
2015-03-13,18435.923828125
2015-03-16,18487.04296875
2015-03-17,18552.103515625
2015-03-18,18570.6953125
2015-03-19,18277.9140625
2015-03-20,18315.09375
2015-03-23,18621.8125
2015-03-24,18645.05078125
2015-03-25,18765.8828125
2015-03-26,18189.61328125
2015-03-27,18147.7890625
2015-03-30,18417.33203125
2015-03-31,18403.392578125
2015-04-01,18133.845703125
2015-04-02,17980.484375
2015-04-03,18040.8984375
2015-04-06,18245.380859375
2015-04-07,18036.251953125
2015-04-08,17850.357421875
2015-04-09,17980.484375
2015-04-10,18296.498046875
2015-04-13,18194.2578125
2015-04-14,17934.01171875
2015-04-15,17938.66015625
2015-04-16,18105.962890625
2015-04-17,18031.603515625
2015-04-20,17868.947265625
2015-04-21,18087.373046875
2015-04-22,17915.423828125
2015-04-23,18459.16015625
2015-04-24,18287.208984375
2015-04-27,18259.326171875
2015-04-28,18310.4453125
2015-04-29,18548.05859375
2015-04-30,18417.6015625
2015-05-04,18105.44140625
2015-05-06,17606.916015625
2015-05-07,17886.462890625
2015-05-08,18026.236328125
2015-05-11,17974.986328125
2015-05-12,17779.30078125
2015-05-13,18114.76171875
2015-05-14,18343.0546875
2015-05-15,18697.15234375
2015-05-18,18627.265625
2015-05-19,18748.40234375
2015-05-20,18785.67578125
2015-05-21,18589.9921875
2015-05-22,18729.765625
2015-05-26,18534.083984375
2015-05-27,18408.287109375
2015-05-28,18562.0390625
2015-05-29,18892.83984375
2015-06-01,18799.65234375
2015-06-02,18692.494140625
2015-06-03,18464.1953125
2015-06-04,18538.7421875
2015-06-05,18822.951171875
2015-06-08,18673.859375
2015-06-09,18603.970703125
2015-06-10,18338.3984375
2015-06-11,18207.9453125
2015-06-12,18156.693359375
2015-06-15,17783.9609375
2015-06-16,17537.025390625
2015-06-17,17811.916015625
2015-06-18,17863.166015625
2015-06-19,17919.076171875
2015-06-22,18114.76171875
2015-06-23,18226.578125
2015-06-24,17951.69140625
2015-06-25,17956.349609375
2015-06-26,17769.984375
2015-06-29,17574.298828125
2015-06-30,17630.2109375
2015-07-01,17760.6640625
2015-07-02,17639.53125
2015-07-03,17872.484375
2015-07-06,17341.341796875
2015-07-07,17420.548828125
2015-07-08,17359.978515625
2015-07-09,17271.453125
2015-07-10,17415.884765625
2015-07-13,17667.482421875
2015-07-14,17350.662109375
2015-07-15,17490.43359375
2015-07-16,18096.125
2015-07-17,18217.263671875
2015-07-20,17970.326171875
2015-07-21,17891.12109375
2015-07-22,17672.140625
2015-07-23,17397.251953125
2015-07-24,17299.41015625
2015-07-27,16977.931640625
2015-07-28,16833.4921875
2015-07-29,16875.427734375
2015-07-30,16251.103515625
2015-07-31,16409.513671875
2015-08-03,16209.1708984375
2015-08-04,16386.21484375
2015-08-05,16479.400390625
2015-08-06,16376.8984375
2015-08-07,16432.806640625
2015-08-10,16255.7607421875
2015-08-11,16358.26171875
2015-08-12,15994.849609375
2015-08-13,16195.19140625
2015-08-17,15887.6904296875
2015-08-18,15817.80078125
2015-08-19,15440.41015625
2015-08-20,15193.474609375
2015-08-21,14564.4892578125
2015-08-24,14047.326171875
2015-08-25,14853.359375
2015-08-26,14997.7919921875
2015-08-27,15235.4091796875
2015-08-28,15514.9560546875
2015-08-31,15445.0703125
2015-09-01,15142.2265625
2015-09-02,15128.2470703125
2015-09-03,15370.525390625
2015-09-04,15114.26953125
2015-09-07,14965.177734375
2015-09-08,14904.6083984375
2015-09-09,15342.5693359375
2015-09-10,15221.4306640625
2015-09-11,15361.2041015625
2015-09-14,15240.0673828125
2015-09-15,15156.201171875
2015-09-16,15487.001953125
2015-09-17,15477.68359375
2015-09-18,15654.732421875
2015-09-21,15323.931640625
2015-09-22,15375.1826171875
2015-09-23,15049.041015625
2015-09-24,14895.2900390625
2015-09-30,14750.8564453125
2015-10-01,14909.26953125
2015-10-02,14797.4482421875
2015-10-05,14979.1533203125
2015-10-06,15202.7939453125
2015-10-07,15747.9130859375
2015-10-08,15692.005859375
2015-10-12,15566.20703125
2015-10-13,15514.9560546875
2015-10-14,15514.9560546875
2015-10-15,15747.9130859375
2015-10-16,15687.3447265625
2015-10-19,15608.138671875
2015-10-20,15626.7744140625
2015-10-21,15389.16015625
2015-10-22,15123.587890625
2015-10-23,15095.634765625
2015-10-26,15142.2265625
2015-10-27,15156.201171875
2015-10-28,15193.474609375
2015-10-29,15365.86328125
2015-10-30,15403.13671875
2015-11-02,15622.119140625
2015-11-03,15594.162109375
2015-11-04,15538.25390625
2015-11-05,15608.138671875
2015-11-06,15333.248046875
2015-11-09,15198.1357421875
2015-11-10,14797.4482421875
2015-11-11,15011.7685546875
2015-11-12,15053.701171875
2015-11-13,14895.2900390625
2015-11-16,14699.607421875
2015-11-17,14951.2001953125
2015-11-18,15007.109375
2015-11-19,15146.8837890625
2015-11-20,15328.5908203125
2015-11-23,15244.7265625
2015-11-24,15188.81640625
2015-11-25,15389.16015625
2015-11-26,15897.0048828125
2015-11-27,15589.5029296875
2015-11-30,15333.248046875
2015-12-01,15421.775390625
2015-12-02,15412.4560546875
2015-12-03,15328.5908203125
2015-12-04,15281.998046875
2015-12-07,15281.998046875
2015-12-08,15132.9072265625
2015-12-09,15128.2470703125
2015-12-10,15179.4970703125
2015-12-11,15016.4287109375
2015-12-14,14694.9462890625
2015-12-15,14820.744140625
2015-12-16,15142.2265625
2015-12-17,15188.81640625
2015-12-18,15375.1826171875
2015-12-21,15533.591796875
2015-12-22,15561.5478515625
2015-12-23,15794.505859375
2015-12-24,15617.45703125
2015-12-28,15528.9345703125
2015-12-29,15864.3935546875
2015-12-30,16041.4404296875
2016-01-04,15459.046875
2016-01-05,15566.20703125
2016-01-06,15510.298828125
2016-01-07,15291.318359375
2016-01-08,15309.9541015625
2016-01-11,14923.24609375
2016-01-12,14732.220703125
2016-01-13,14918.5859375
2016-01-14,14969.8369140625
2016-01-15,14955.859375
2016-01-18,14825.4052734375
2016-01-19,15063.0205078125
2016-01-20,14685.62890625
2016-01-21,14615.7421875
2016-01-22,14722.9013671875
2016-01-25,14988.4736328125
2016-01-26,14783.4716796875
2016-01-27,14909.26953125
2016-01-28,14853.359375
2016-01-29,14816.0859375
2016-02-01,15086.3154296875
2016-02-02,15128.2470703125
2016-02-03,14876.65234375
2016-02-04,14881.3134765625
2016-02-05,14909.26953125
2016-02-11,14131.189453125
2016-02-12,13893.5732421875
2016-02-15,14261.6455078125
2016-02-16,14550.513671875
2016-02-17,14629.71875
2016-02-18,14955.859375
2016-02-19,15053.701171875
2016-02-22,15100.29296875
2016-02-23,15058.361328125
2016-02-24,15328.5908203125
2016-02-25,15431.0908203125
2016-02-26,15445.0703125
2016-02-29,15459.046875
2016-03-02,15827.12109375
2016-03-03,15841.0966796875
2016-03-04,15841.0966796875
2016-03-07,15701.3232421875
2016-03-08,15561.5478515625
2016-03-09,15468.3642578125
2016-03-10,15747.9130859375
2016-03-11,15757.234375
2016-03-14,15654.732421875
2016-03-15,15598.8203125
2016-03-16,15552.228515625
2016-03-17,15757.234375
2016-03-18,15682.6845703125
2016-03-21,15608.138671875
2016-03-22,15701.3232421875
2016-03-23,15738.59765625
2016-03-24,15500.9794921875
2016-03-25,15575.525390625
2016-03-28,15487.001953125
2016-03-29,15552.228515625
2016-03-30,15640.7529296875
2016-03-31,15729.275390625
2016-04-01,15757.234375
2016-04-04,15799.1630859375
2016-04-05,15654.732421875
2016-04-06,15654.732421875
2016-04-07,15654.732421875
2016-04-08,15622.119140625
2016-04-11,15594.162109375
2016-04-12,15687.3447265625
2016-04-14,15785.1845703125
2016-04-15,15799.1630859375
2016-04-18,15799.1630859375
2016-04-19,15789.845703125
2016-04-20,15827.12109375
2016-04-21,15831.7763671875
2016-04-22,15752.5712890625
2016-04-25,15738.59765625
2016-04-26,15934.27734375
2016-04-27,15864.3935546875
2016-04-28,15694.9208984375
2016-04-29,15690.2138671875
2016-05-02,15558.40234375
2016-05-03,15600.7705078125
2016-05-04,15497.205078125
2016-05-09,15271.2431640625
2016-05-10,15370.1005859375
2016-05-11,15280.6572265625
2016-05-12,15153.5546875
2016-05-13,15162.970703125
2016-05-16,15172.38671875
2016-05-17,15162.970703125
2016-05-18,15125.3095703125
2016-05-19,15007.6220703125
2016-05-20,15064.1142578125
2016-05-23,15181.8017578125
2016-05-24,15247.705078125
2016-05-25,15468.9599609375
2016-05-26,15440.7138671875
2016-05-27,15572.5244140625
2016-05-30,15652.552734375
2016-05-31,15760.826171875
2016-06-01,15967.9580078125
2016-06-02,15972.666015625
2016-06-03,16024.4501953125
2016-06-07,16193.919921875
2016-06-08,16151.5498046875
2016-06-09,16118.5986328125
2016-06-10,16113.890625
2016-06-13,15812.607421875
2016-06-14,15963.2490234375
2016-06-15,16419.884765625
2016-06-16,16198.626953125
2016-06-17,16179.794921875
2016-06-20,16401.046875
2016-06-21,16401.046875
2016-06-22,16542.27734375
2016-06-23,16448.126953125
2016-06-24,16099.7685546875
2016-06-27,16090.353515625
2016-06-28,16099.7685546875
2016-06-29,16273.9482421875
2016-06-30,16608.1796875
2016-07-01,16815.314453125
2016-07-04,16909.462890625
2016-07-05,16881.21875
2016-07-06,16476.375
2016-07-07,16834.146484375
2016-07-08,16852.97265625
2016-07-11,17149.55078125
2016-07-12,17027.150390625
2016-07-13,17191.91796875
2016-07-14,17304.8984375
2016-07-15,17323.732421875
2016-07-18,17356.68359375
2016-07-19,17436.708984375
2016-07-20,17474.369140625
2016-07-21,17921.583984375
2016-07-22,17850.970703125
2016-07-25,17723.87109375
2016-07-26,17822.7265625
2016-07-27,17940.416015625
2016-07-28,17912.169921875
2016-07-29,18317.017578125
2016-08-01,18613.59375
2016-08-02,18434.70703125
2016-08-03,18453.537109375
2016-08-04,18368.80078125
2016-08-05,18580.642578125
2016-08-08,18510.025390625
2016-08-09,18519.439453125
2016-08-10,18335.849609375
2016-08-11,18147.546875
2016-08-12,18171.08203125
2016-08-16,18011.029296875
2016-08-17,17775.650390625
2016-08-18,18312.30859375
2016-08-19,18660.669921875
2016-08-22,18575.931640625
2016-08-23,18580.642578125
2016-08-24,18401.751953125
2016-08-25,18382.92578125
2016-08-26,18171.08203125
2016-08-29,18025.150390625
2016-08-30,17992.197265625
2016-08-31,17902.755859375
2016-09-01,17747.408203125
2016-09-02,17888.630859375
2016-09-05,18001.615234375
2016-09-06,18119.30078125
2016-09-07,17926.294921875
2016-09-08,17775.650390625
2016-09-09,17794.484375
2016-09-12,17257.822265625
2016-09-13,17384.9296875
2016-09-19,17916.87890625
2016-09-20,17978.076171875
2016-09-21,18001.615234375
2016-09-22,18453.537109375
2016-09-23,18359.38671875
2016-09-26,18298.185546875
2016-09-27,18453.537109375
2016-09-28,18458.2421875
2016-09-29,18481.78125
2016-09-30,18533.564453125
2016-10-04,18717.162109375
2016-10-05,18858.384765625
2016-10-06,18773.6484375
2016-10-07,18674.79296875
2016-10-10,18359.38671875
2016-10-11,18321.7265625
2016-10-12,18194.623046875
2016-10-13,17902.755859375
2016-10-14,18095.76171875
2016-10-17,18100.47265625
2016-10-18,18034.564453125
2016-10-19,17883.923828125
2016-10-20,17700.33203125
2016-10-21,17620.3046875
2016-10-24,17417.880859375
2016-10-25,17399.048828125
2016-10-26,17469.662109375
2016-10-27,18072.228515625
2016-10-28,18025.150390625
2016-10-31,17676.794921875
2016-11-01,17719.16015625
2016-11-02,17319.021484375
2016-11-03,17295.486328125
2016-11-04,17403.7578125
2016-11-07,17695.625
2016-11-08,17709.74609375
2016-11-09,17168.3828125
2016-11-10,17464.955078125
2016-11-11,17238.994140625
2016-11-14,17182.50390625
2016-11-15,17187.2109375
2016-11-16,17464.955078125
2016-11-17,17563.8125
2016-11-18,17422.583984375
2016-11-21,17116.59765625
2016-11-22,17389.634765625
2016-11-23,17323.732421875
2016-11-24,17281.361328125
2016-11-25,17342.5625
2016-11-28,17253.1171875
2016-11-29,17408.46484375
2016-11-30,17455.54296875
2016-12-01,17446.126953125
2016-12-02,17314.3125
2016-12-05,17210.751953125
2016-12-06,17441.41796875
2016-12-07,17276.654296875
2016-12-08,17705.041015625
2016-12-09,17681.501953125
2016-12-12,17799.189453125
2016-12-13,18227.57421875
2016-12-14,18444.12109375
2016-12-15,18735.990234375
2016-12-16,18853.67578125
2016-12-19,18712.44921875
2016-12-20,18533.564453125
2016-12-21,18792.4765625
2016-12-22,18905.4609375
2016-12-23,19041.9765625
2016-12-26,18787.7734375
2016-12-27,18900.751953125
2016-12-28,19037.2734375
2016-12-29,19258.52734375
2017-01-02,19442.119140625
2017-01-03,19621.00390625
2017-01-04,19300.892578125
2017-01-05,19282.0625
2017-01-06,19451.53125
2017-01-09,19832.84375
2017-01-10,19630.419921875
2017-01-11,19912.873046875
2017-01-12,19733.986328125
2017-01-13,19606.880859375
2017-01-16,19173.787109375
2017-01-17,19173.787109375
2017-01-18,19300.892578125
2017-01-19,19333.84375
2017-01-20,19150.25390625
2017-01-23,19272.650390625
2017-01-24,19333.84375
2017-01-25,19395.046875
2017-01-26,19724.568359375
2017-01-31,19889.33203125
2017-02-01,19861.087890625
2017-02-02,19451.53125
2017-02-03,19578.640625
2017-02-06,19366.798828125
2017-02-07,19079.640625
2017-02-08,19357.3828125
2017-02-09,19202.033203125
2017-02-10,18764.234375
2017-02-13,18924.2890625
2017-02-14,18665.376953125
2017-02-15,18613.59375
2017-02-16,19032.560546875
2017-02-17,19329.138671875
2017-02-20,19442.119140625
2017-02-21,19508.025390625
2017-02-22,19475.072265625
2017-02-23,19286.771484375
2017-02-24,18820.724609375
2017-02-27,18764.234375
2017-02-28,18820.724609375
2017-03-02,18853.67578125
2017-03-03,18684.205078125
2017-03-06,19206.740234375
2017-03-07,19249.107421875
2017-03-08,19169.08203125
2017-03-09,19117.298828125
2017-03-10,19395.046875
2017-03-13,19691.615234375
2017-03-14,19536.26953125
2017-03-15,19296.185546875
2017-03-16,19272.650390625
2017-03-17,18961.951171875
2017-03-20,18966.658203125
2017-03-21,18933.705078125
2017-03-22,19018.44140625
2017-03-23,18961.951171875
2017-03-24,19211.44921875
2017-03-27,19343.263671875
2017-03-28,19446.82421875
2017-03-29,19696.32421875
2017-03-30,19677.49609375
2017-03-31,19677.49609375
2017-04-03,20096.46484375
2017-04-04,20200.033203125
2017-04-05,20077.6328125
2017-04-06,19964.654296875
2017-04-07,20115.298828125
2017-04-10,19771.646484375
2017-04-11,19870.50390625
2017-04-12,19959.947265625
2017-04-13,19992.8984375
2017-04-14,19894.0390625
2017-04-17,20110.587890625
2017-04-18,20586.05078125
2017-04-19,20557.8046875
2017-04-20,20543.685546875
2017-04-21,20586.05078125
2017-04-24,20487.193359375
2017-04-25,20633.126953125
2017-04-26,20986.19140625
2017-04-27,20806.498046875
2017-04-28,20872.701171875
2017-05-02,21090.22265625
2017-05-04,21373.94921875
2017-05-08,21643.486328125
2017-05-10,21449.609375
2017-05-11,21894.111328125
2017-05-12,21714.41796875
2017-05-15,21894.111328125
2017-05-16,21520.5390625
2017-05-17,21506.353515625
2017-05-18,21648.216796875
2017-05-19,21511.083984375
2017-05-22,21752.251953125
2017-05-23,21686.046875
2017-05-24,21704.9609375
2017-05-25,21529.99609375
2017-05-26,21695.50390625
2017-05-29,21913.025390625
2017-05-30,22121.09375
2017-05-31,22102.17578125
2017-06-01,22092.716796875
2017-06-02,22414.2734375
2017-06-05,22206.20703125
2017-06-07,22390.62890625
2017-06-08,22844.587890625
2017-06-09,23218.158203125
2017-06-12,22556.13671875
2017-06-13,22778.38671875
2017-06-14,22906.0625
2017-06-15,22896.607421875
2017-06-16,22924.9765625
2017-06-19,23534.984375
2017-06-20,23317.462890625
2017-06-21,23180.328125
2017-06-22,23213.4296875
2017-06-23,23501.884765625
2017-06-26,24249.02734375
2017-06-27,24565.8515625
2017-06-28,24140.265625
2017-06-29,24334.142578125
2017-06-30,24182.822265625
2017-07-03,23539.7109375
2017-07-04,23279.634765625
2017-07-05,23927.470703125
2017-07-06,24007.861328125
2017-07-07,23866.0
2017-07-10,23913.2890625
2017-07-11,24116.625
2017-07-12,24064.60546875
2017-07-13,24721.90234375
2017-07-14,24854.30859375
2017-07-17,24977.251953125
2017-07-18,25194.77734375
2017-07-19,25662.923828125
2017-07-20,25762.228515625
2017-07-21,25658.197265625
2017-07-24,25951.376953125
2017-07-25,25114.388671875
2017-07-26,24461.822265625
2017-07-27,24769.189453125
2017-07-28,23686.306640625
2017-07-31,23979.490234375
2017-08-01,23761.966796875
2017-08-02,24310.501953125
2017-08-03,23289.095703125
2017-08-04,23109.3984375
2017-08-07,23208.703125
2017-08-08,23709.953125
2017-08-09,23137.76953125
2017-08-10,23043.1953125
2017-08-11,22366.984375
2017-08-14,22953.3515625
2017-08-16,23227.6171875
2017-08-17,23506.61328125
2017-08-18,23691.03515625
2017-08-21,23634.29296875
2017-08-22,23757.236328125
2017-08-23,23927.470703125
2017-08-24,23927.470703125
2017-08-25,23993.67578125
2017-08-28,23776.15234375
2017-08-29,23672.123046875
2017-08-30,23832.8984375
2017-08-31,24026.7734375
2017-09-01,24263.2109375
2017-09-04,23728.8671875
2017-09-05,23813.982421875
2017-09-06,24121.353515625
2017-09-07,24338.873046875
2017-09-08,24395.6171875
2017-09-11,24750.27734375
2017-09-12,25175.861328125
2017-09-13,25412.298828125
2017-09-14,25625.091796875
2017-09-15,25677.109375
2017-09-18,25918.27734375
2017-09-19,25667.65234375
2017-09-20,25535.248046875
2017-09-21,25417.029296875
2017-09-25,25421.755859375
2017-09-26,25156.947265625
2017-09-27,25303.5390625
2017-09-28,25440.673828125
2017-09-29,25511.60546875
2017-10-10,26225.64453125
2017-10-11,26471.54296875
2017-10-12,26424.25
2017-10-13,25837.88671875
2017-10-16,25473.775390625
2017-10-17,25691.294921875
2017-10-18,25421.755859375
2017-10-19,25625.091796875
2017-10-20,25714.943359375
2017-10-23,26008.12109375
2017-10-24,25880.44921875
2017-10-25,26149.986328125
2017-10-26,25440.673828125
2017-10-27,25497.41796875
2017-10-30,25719.669921875
2017-10-31,26239.830078125
2017-11-01,26235.1015625
2017-11-02,25927.734375
2017-11-03,26135.798828125
2017-11-06,26135.798828125
2017-11-07,26216.1875
2017-11-08,26315.490234375
2017-11-09,26083.783203125
2017-11-10,26310.763671875
2017-11-13,26518.828125
2017-11-14,27038.990234375
2017-11-15,26556.658203125
2017-11-16,26968.060546875
2017-11-17,26873.486328125
2017-11-20,26722.162109375
2017-11-21,27001.162109375
2017-11-22,27412.556640625
2017-11-23,27317.986328125
2017-11-24,27526.046875
2017-11-27,27105.19140625
2017-11-28,26793.095703125
2017-11-29,26977.517578125
2017-11-30,25937.19140625
2017-12-01,26069.59765625
2017-12-04,26088.509765625
2017-12-05,25885.17578125
2017-12-06,25360.28515625
2017-12-07,24991.4453125
2017-12-08,25138.03125
2017-12-11,25535.248046875
2017-12-12,25294.083984375
2017-12-13,25398.11328125
2017-12-14,25450.130859375
2017-12-15,25350.828125
2017-12-18,25142.76171875
2017-12-19,25582.533203125
2017-12-21,24702.98828125
2017-12-22,25407.572265625
2017-12-26,25175.861328125
2017-12-27,25733.8515625
2017-12-28,25984.48046875
2018-01-02,25748.04296875
2018-01-03,25908.818359375
2018-01-04,25435.943359375
2018-01-05,25662.923828125
2018-01-08,25109.66015625
2018-01-09,24996.171875
2018-01-10,24457.09375
2018-01-11,24986.7109375
2018-01-12,24835.392578125
2018-01-15,24707.716796875
2018-01-16,25587.26171875
2018-01-17,25606.1796875
2018-01-18,25998.66796875
2018-01-19,25686.568359375
2018-01-22,24967.80078125
2018-01-23,25251.5234375
2018-01-24,25402.84375
2018-01-25,25856.802734375
2018-01-26,25894.6328125
2018-01-29,25941.919921875
2018-01-30,25393.38671875
2018-01-31,25346.095703125
2018-02-01,25648.736328125
2018-02-02,25052.9140625
2018-02-06,24324.6875
2018-02-07,24457.09375
2018-02-08,25341.3671875
2018-02-09,24925.240234375
2018-02-12,25109.66015625
2018-02-13,25119.119140625
2018-02-14,25610.908203125
2018-02-19,25842.6171875
2018-02-20,25402.84375
2018-02-21,25837.88671875
2018-02-22,25577.806640625
2018-02-23,25644.01171875
2018-02-26,25591.994140625
2018-02-27,25729.126953125
2018-02-28,25388.65625
2018-03-06,25563.619140625
2018-03-07,25365.009765625
2018-03-08,25487.962890625
2018-03-09,25823.69921875
2018-03-12,26282.392578125
2018-03-13,26916.04296875
2018-03-14,26807.283203125
2018-03-15,26755.263671875
2018-03-16,26651.23046875
2018-03-19,26674.87890625
2018-03-20,26518.828125
2018-03-21,26324.94921875
2018-03-22,26083.783203125
2018-03-23,24513.837890625
2018-03-26,25218.419921875
2018-03-27,24977.251953125
2018-03-28,24542.21484375
2018-03-29,24788.103515625
2018-03-30,24986.7109375
2018-04-02,24613.140625
2018-04-03,24528.0234375
2018-04-04,24092.978515625
2018-04-05,24575.3125
2018-04-06,24310.501953125
2018-04-09,24414.53125
2018-04-10,24343.603515625
2018-04-11,24773.916015625
2018-04-12,25279.89453125
2018-04-13,25459.5859375
2018-04-16,25483.232421875
2018-04-17,25469.044921875
2018-04-18,25497.41796875
2018-04-19,26008.12109375
2018-04-20,25563.619140625
2018-04-23,25208.966796875
2018-04-24,24622.599609375
2018-04-25,24494.921875
2018-04-26,25000.8984375
2018-04-27,25034.146484375
2018-04-30,24625.697265625
2018-05-02,24426.22265625
2018-05-03,24293.236328125
2018-05-04,24046.263671875
2018-05-08,23742.306640625
2018-05-09,24084.26171875
2018-05-10,24340.734375
2018-05-11,24606.697265625
2018-05-14,24269.490234375
2018-05-15,24321.732421875
2018-05-16,24269.490234375
2018-05-17,24307.48828125
2018-05-18,24630.4453125
2018-05-21,24720.68359375
2018-05-23,25646.818359375
2018-05-24,25570.828125
2018-05-25,25561.328125
2018-05-28,25499.587890625
2018-05-29,25485.341796875
2018-05-30,25518.583984375
2018-05-31,25513.8359375
2018-06-01,25323.857421875
2018-06-04,25114.884765625
2018-06-05,25561.328125
2018-06-07,25798.80078125
2018-06-08,25390.3515625
2018-06-11,25385.6015625
2018-06-12,25409.34765625
2018-06-14,24886.912109375
2018-06-15,24635.1953125
2018-06-18,23675.8125
2018-06-19,23367.099609375
2018-06-20,24084.26171875
2018-06-21,24003.521484375
2018-06-22,24112.759765625
2018-06-25,23775.552734375
2018-06-26,23666.314453125
2018-06-27,23485.8359375
2018-06-28,22930.158203125
2018-06-29,23158.126953125
2018-07-02,22350.728515625
2018-07-03,22820.919921875
2018-07-04,22835.169921875
2018-07-05,22963.40234375
2018-07-06,23267.365234375
2018-07-09,23561.828125
2018-07-10,23723.306640625
2018-07-11,23599.822265625
2018-07-12,23794.546875
2018-07-13,24250.490234375
2018-07-16,24207.74609375
2018-07-17,24221.998046875
2018-07-18,24307.48828125
2018-07-19,24307.48828125
2018-07-20,23856.29296875
2018-07-23,22578.701171875
2018-07-24,22925.40625
2018-07-25,22421.96875
2018-07-26,23086.884765625
2018-07-27,23908.533203125
2018-07-30,23842.04296875
2018-07-31,23889.537109375
2018-08-01,24022.521484375
2018-08-02,23604.5703125
2018-08-03,23652.06640625
2018-08-06,23115.3828125
2018-08-07,23300.609375
2018-08-08,23272.11328125
2018-08-09,23053.642578125
2018-08-10,22535.95703125
2018-08-13,21871.037109375
2018-08-14,21928.033203125
2018-08-16,21852.0390625
2018-08-17,21676.3125
2018-08-20,21486.3359375
2018-08-21,22179.74609375
2018-08-22,22094.259765625
2018-08-23,22080.01171875
2018-08-24,22160.751953125
2018-08-27,22493.2109375
2018-08-28,22440.966796875
2018-08-29,22740.1796875
2018-08-30,22740.1796875
2018-08-31,22977.650390625
2018-09-03,22925.40625
2018-09-04,22958.65234375
2018-09-05,22816.169921875
2018-09-06,22583.44921875
2018-09-07,21994.521484375
2018-09-10,22061.01171875
2018-09-11,22065.763671875
2018-09-12,21875.787109375
2018-09-13,21685.810546875
2018-09-14,21966.02734375
2018-09-17,21681.060546875
2018-09-18,21704.810546875
2018-09-19,21657.314453125
2018-09-20,21567.07421875
2018-09-21,21372.3515625
2018-09-27,21239.3671875
2018-09-28,21044.642578125
2018-10-01,20930.654296875
2018-10-02,20507.953125
2018-10-04,20161.25
2018-10-05,19824.04296875
2018-10-08,19795.544921875
2018-10-10,19330.103515625
2018-10-11,18332.724609375
2018-10-12,18931.15234375
2018-10-15,18541.697265625
2018-10-16,19021.390625
2018-10-17,19377.59765625
2018-10-18,19106.880859375
2018-10-19,19425.08984375
2018-10-22,19268.359375
2018-10-23,18655.6875
2018-10-24,18427.716796875
2018-10-25,18019.263671875
2018-10-26,17938.5234375
2018-10-29,17653.560546875
2018-10-30,18308.978515625
2018-10-31,18351.72265625
2018-11-01,18237.740234375
2018-11-02,19206.6171875
2018-11-05,18731.677734375
2018-11-06,18579.693359375
2018-11-07,18166.49609375
2018-11-08,18551.19921875
2018-11-09,18688.93359375
2018-11-12,18831.41796875
2018-11-13,18313.728515625
2018-11-14,18047.759765625
2018-11-15,18256.736328125
2018-11-16,18237.740234375
2018-11-19,18223.48828125
2018-11-20,17544.322265625
2018-11-21,17715.302734375
2018-11-22,17591.818359375
2018-11-23,17496.828125
2018-11-26,17791.29296875
2018-11-27,17891.029296875
2018-11-28,18114.251953125
2018-11-29,18033.515625
2018-11-30,17881.533203125
2018-12-03,18218.740234375
2018-12-04,17986.021484375
2018-12-05,17743.798828125
2018-12-06,17173.869140625
2018-12-07,17183.37109375
2018-12-10,16561.1953125
2018-12-11,16542.19921875
2018-12-12,16855.66015625
2018-12-13,17064.634765625
2018-12-14,16466.20703125
2018-12-17,16451.9609375
2018-12-18,16110.001953125
2018-12-19,16223.98828125
2018-12-20,15834.53515625
2018-12-21,16072.0068359375
2018-12-24,16209.73828125
2018-12-26,15934.2744140625
2018-12-27,16295.2275390625
2018-12-28,16508.955078125
2019-01-02,16309.478515625
2019-01-03,15658.806640625
2019-01-04,15340.5966796875
2019-01-07,15620.8115234375
2019-01-09,16499.453125
2019-01-10,16765.41796875
2019-01-11,16789.166015625
2019-01-14,16456.708984375
2019-01-15,16713.177734375
2019-01-16,16922.150390625
2019-01-17,17055.1328125
2019-01-18,17140.623046875
2019-01-21,17672.556640625
2019-01-22,17525.328125
2019-01-23,17591.818359375
2019-01-24,18028.765625
2019-01-25,18584.4453125
2019-01-28,18536.94921875
2019-01-29,18874.162109375
2019-01-30,19387.09375
2019-01-31,19116.376953125
2019-02-01,19154.37890625
2019-02-07,19771.798828125
2019-02-08,19268.359375
2019-02-11,19206.6171875
2019-02-12,19515.330078125
2019-02-13,20137.5
2019-02-14,20536.453125
2019-02-15,19890.533203125
2019-02-18,20128.005859375
2019-02-19,20090.01171875
2019-02-20,20479.4609375
2019-02-21,20450.962890625
2019-02-22,20431.96484375
2019-02-25,20906.908203125
2019-02-26,20659.935546875
2019-02-27,20517.458984375
2019-02-28,19866.783203125
2019-03-04,19990.271484375
2019-03-05,19686.30859375
2019-03-06,19543.82421875
2019-03-07,19368.09765625
2019-03-08,19163.873046875
2019-03-11,19548.576171875
2019-03-12,20004.51953125
2019-03-13,20170.75
2019-03-14,20431.96484375
2019-03-15,20265.734375
2019-03-18,20336.978515625
2019-03-19,20218.2421875
2019-03-20,20522.20703125
2019-03-21,20845.1640625
2019-03-22,21049.390625
2019-03-25,20275.236328125
2019-03-26,20422.466796875
2019-03-27,20441.466796875
2019-03-28,20014.01953125
2019-03-29,20327.48046875
2019-04-01,20845.1640625
2019-04-02,20778.671875
2019-04-03,21305.85546875
2019-04-04,21481.5859375
2019-04-05,21704.810546875
2019-04-08,21296.361328125
2019-04-09,21453.091796875
2019-04-10,21514.830078125
2019-04-11,21647.81640625
2019-04-12,21647.81640625
2019-04-15,21723.8046875
2019-04-16,21586.07421875
2019-04-17,21975.525390625
2019-04-18,21605.072265625
2019-04-19,21856.7890625
2019-04-22,21671.560546875
2019-04-23,21790.298828125
2019-04-24,21643.06640625
2019-04-25,21942.27734375
2019-04-26,21320.10546875
2019-04-29,21834.7109375
2019-04-30,21892.423828125
2019-05-02,22099.234375
2019-05-03,22084.8046875
2019-05-07,21690.43359375
2019-05-08,21310.48828125
2019-05-09,20521.744140625
2019-05-10,20555.412109375
2019-05-13,19934.998046875
2019-05-14,20040.8046875
2019-05-15,20430.369140625
2019-05-16,19838.806640625
2019-05-17,19737.8125
2019-05-20,19439.626953125
2019-05-21,19545.43359375
2019-05-22,19372.294921875
2019-05-23,18968.306640625
2019-05-24,18588.361328125
2019-05-27,18559.505859375
2019-05-28,18876.92578125
2019-05-29,18771.119140625
2019-05-30,18934.640625
2019-05-31,18958.685546875
2019-06-03,19054.876953125
2019-06-04,18968.306640625
2019-06-05,19117.396484375
2019-06-07,19247.25
2019-06-10,19511.76953125
2019-06-11,19944.615234375
2019-06-12,19511.76953125
2019-06-13,19266.48828125
2019-06-14,19016.396484375
2019-06-17,18953.87890625
2019-06-18,18910.591796875
2019-06-19,19276.107421875
2019-06-20,19478.103515625
2019-06-21,19194.34765625
2019-06-24,19252.060546875
2019-06-25,18997.16015625
2019-06-26,19203.96484375
2019-06-27,19463.673828125
2019-06-28,19425.19921875
2019-07-01,19559.86328125
2019-07-02,19627.1953125
2019-07-03,19492.53125
2019-07-04,19814.763671875
2019-07-05,19545.43359375
2019-07-08,18477.74609375
2019-07-09,18573.935546875
2019-07-10,19045.2578125
2019-07-11,19603.1484375
2019-07-12,19718.572265625
2019-07-15,19853.23828125
2019-07-16,19910.951171875
2019-07-17,19468.486328125
2019-07-18,19733.001953125
2019-07-19,20007.13671875
2019-07-22,20228.37109375
2019-07-23,20151.419921875
2019-07-24,19925.376953125
2019-07-25,19910.951171875
2019-07-26,19800.33203125
2019-07-29,18939.447265625
2019-07-30,19256.869140625
2019-07-31,19199.15625
2019-08-01,18876.92578125
2019-08-02,18742.263671875
2019-08-05,17924.666015625
2019-08-06,17193.634765625
2019-08-07,17737.09765625
2019-08-08,18117.037109375
2019-08-09,18275.75
2019-08-12,18323.845703125
2019-08-13,18323.845703125
2019-08-14,18674.931640625
2019-08-16,18511.41015625
2019-08-19,18511.41015625
2019-08-20,18910.591796875
2019-08-21,19112.58984375
2019-08-22,18751.880859375
2019-08-23,18775.927734375
2019-08-26,17900.6171875
2019-08-27,18169.94140625
2019-08-28,18468.130859375
2019-08-29,18261.326171875
2019-08-30,18775.927734375
2019-09-02,19083.728515625
2019-09-03,19035.63671875
2019-09-04,19757.048828125
2019-09-05,20420.748046875
2019-09-06,20406.318359375
2019-09-09,20358.224609375
2019-09-10,20276.46484375
2019-09-11,20266.84765625
2019-09-16,20209.13671875
2019-09-17,20185.0859375
2019-09-18,20372.654296875
2019-09-19,20670.8359375
2019-09-20,20762.216796875
2019-09-23,20584.267578125
2019-09-24,20632.361328125
2019-09-25,20430.369140625
2019-09-26,20555.412109375
2019-09-27,20502.505859375
2019-09-30,20579.45703125
2019-10-01,20641.98046875
2019-10-02,20141.802734375
2019-10-04,20194.703125
2019-10-07,20141.802734375
2019-10-08,20502.505859375
2019-10-10,20358.224609375
2019-10-11,20531.361328125
2019-10-14,20863.212890625
2019-10-15,21329.724609375
2019-10-16,21618.2890625
2019-10-17,21445.150390625
2019-10-18,21074.82421875
2019-10-21,21228.728515625
2019-10-22,21257.583984375
2019-10-23,21209.490234375
2019-10-24,21406.67578125
2019-10-25,21661.572265625
2019-10-28,21772.19140625
2019-10-29,21752.953125
2019-10-30,21373.009765625
2019-10-31,21748.146484375
2019-11-01,21786.6171875
2019-11-04,22094.421875
2019-11-05,22200.2265625
2019-11-06,21786.6171875
2019-11-07,21632.71875
2019-11-08,21344.154296875
2019-11-11,21122.921875
2019-11-12,21459.580078125
2019-11-13,21363.388671875
2019-11-14,21550.95703125
2019-11-15,22070.37109375
2019-11-18,22132.89453125
2019-11-19,22128.083984375
2019-11-20,21536.529296875
2019-11-21,21113.302734375
2019-11-22,21324.916015625
2019-11-25,21651.955078125
2019-11-26,21714.4765625
2019-11-27,21570.1953125
2019-11-28,21632.71875
2019-11-29,21358.58203125
2019-12-02,21300.869140625
2019-12-03,21055.591796875
2019-12-04,20829.546875
2019-12-05,21339.341796875
2019-12-06,22286.794921875
2019-12-09,22209.845703125
2019-12-10,21897.236328125
2019-12-11,21993.421875
2019-12-12,22575.359375
2019-12-13,23229.443359375
2019-12-16,23455.482421875
2019-12-17,24239.419921875
2019-12-18,24191.322265625
2019-12-19,23998.9453125
2019-12-20,24229.796875
2019-12-23,23989.328125
2019-12-24,23912.37890625
2019-12-26,24672.265625
2019-12-27,25393.67578125
2019-12-30,25509.1015625
2020-01-02,25653.3828125
2020-01-03,25432.150390625
2020-01-06,25321.533203125
2020-01-07,25278.248046875
2020-01-08,25191.6796875
2020-01-09,26119.89453125
2020-01-10,26100.658203125
2020-01-13,25990.04296875
2020-01-14,26066.990234375
2020-01-15,25634.14453125
2020-01-16,26115.0859375
2020-01-17,26365.173828125
2020-01-20,26480.6015625
2020-01-21,26206.466796875
2020-01-22,26677.787109375
2020-01-23,26485.412109375
2020-01-28,25730.33203125
2020-01-29,25783.236328125
2020-01-30,25148.396484375
2020-01-31,24537.6015625
2020-02-03,24984.873046875
2020-02-04,25403.29296875
2020-02-05,25403.29296875
2020-02-06,25701.482421875
2020-02-07,25461.005859375
2020-02-10,25528.337890625
2020-02-11,25739.953125
2020-02-12,26293.03125
2020-02-13,26634.501953125
2020-02-14,27115.44140625
2020-02-17,27230.869140625
2020-02-18,26350.744140625
2020-02-19,26567.169921875
2020-02-20,26581.599609375
2020-02-21,26201.65625
2020-02-24,25220.53515625
2020-02-25,25763.99609375
2020-02-26,25254.201171875
2020-02-27,24210.55859375
2020-02-28,23089.96875
2020-03-02,24220.1796875
2020-03-03,24037.421875
2020-03-04,24667.455078125
2020-03-05,25008.923828125
2020-03-06,24465.4609375
2020-03-09,23219.82421875
2020-03-10,23825.810546875
2020-03-11,22849.498046875
2020-03-12,21858.759765625
2020-03-13,20997.87890625
2020-03-16,19814.763671875
2020-03-17,20127.373046875
2020-03-18,18674.931640625
2020-03-19,16972.400390625
2020-03-20,18506.6015625
2020-03-23,17193.634765625
2020-03-24,19256.869140625
2020-03-25,20276.46484375
2020-03-26,19776.28515625
2020-03-27,19862.857421875
2020-03-30,20007.13671875
2020-03-31,20050.421875
2020-04-01,19430.005859375
2020-04-02,20136.99609375
2020-04-03,20122.5625
2020-04-06,21262.392578125
2020-04-07,21882.8046875
2020-04-08,21849.140625
2020-04-09,21873.1875
2020-04-10,21498.056640625
2020-04-13,20617.931640625
2020-04-14,21065.208984375
2020-04-16,21440.341796875
2020-04-17,21959.7578125
2020-04-20,21651.955078125
2020-04-21,21421.103515625
2020-04-22,21815.4765625
2020-04-23,21887.6171875
2020-04-24,21406.67578125
2020-04-27,21820.28515625
2020-04-28,21931.369140625
2020-04-29,22071.42578125
2020-05-04,21622.26953125
2020-05-06,22274.26953125
2020-05-07,22868.31640625
2020-05-08,23491.33984375
2020-05-11,23360.939453125
2020-05-12,23259.51171875
2020-05-13,23129.115234375
2020-05-14,22733.083984375
2020-05-15,23278.833984375
2020-05-18,23201.55859375
2020-05-19,23616.90625
2020-05-20,24437.943359375
2020-05-21,24611.810546875
2020-05-22,24235.1015625
2020-05-25,24756.703125
2020-05-26,25017.50390625
2020-05-27,24476.58203125
2020-05-28,23998.447265625
2020-05-29,23882.53515625
2020-06-01,24819.484375
2020-06-02,24882.271484375
2020-06-03,25365.234375
2020-06-04,25205.859375
2020-06-05,25485.9765625
2020-06-08,25374.892578125
2020-06-09,25186.537109375
2020-06-10,25302.451171875
2020-06-11,24848.46484375
2020-06-12,24157.828125
2020-06-15,22496.4296875
2020-06-16,23684.521484375
2020-06-17,23926.005859375
2020-06-18,23872.87890625
2020-06-22,24114.361328125
2020-06-23,24061.232421875
2020-06-24,24703.576171875
2020-06-25,24012.939453125
2020-06-26,24408.96875
2020-06-29,23863.220703125
2020-06-30,24379.990234375
2020-07-01,24326.86328125
2020-07-02,24404.138671875
2020-07-06,25244.494140625
2020-07-07,25056.13671875
2020-07-08,24969.203125
2020-07-09,25157.560546875
2020-07-10,25230.00390625
2020-07-13,25307.28125
2020-07-14,25239.666015625
2020-07-15,25553.587890625
2020-07-16,24988.525390625
2020-07-17,25379.724609375
2020-07-20,25234.8359375
2020-07-21,25664.67578125
2020-07-22,25683.9921875
2020-07-23,25828.880859375
2020-07-24,25650.18359375
2020-07-27,26263.546875
2020-07-28,26920.376953125
2020-07-29,27036.2890625
2020-07-30,27635.162109375
2020-07-31,27045.94921875
2020-08-03,27224.646484375
2020-08-04,27157.029296875
2020-08-05,27427.490234375
2020-08-06,27355.044921875
2020-08-07,27239.1328125
2020-08-10,27142.5390625
2020-08-11,26930.03515625
2020-08-12,26606.451171875
2020-08-13,26852.76171875
2020-08-14,26524.34765625
2020-08-18,25485.9765625
2020-08-19,25954.451171875
2020-08-20,24437.943359375
2020-08-21,24780.8515625
2020-08-24,25215.517578125
2020-08-25,25659.84375
2020-08-26,25529.44140625
2020-08-27,25128.58203125
2020-08-28,25220.345703125
2020-08-31,25307.28125
2020-09-01,25485.9765625
2020-09-02,25795.072265625
2020-09-03,26466.390625
2020-09-04,25843.37109375
2020-09-07,26065.53125
2020-09-08,26476.048828125
2020-09-09,26360.140625
2020-09-10,26712.703125
2020-09-11,26688.5546875
2020-09-14,26987.9921875
2020-09-15,27089.412109375
2020-09-16,26659.578125
2020-09-17,26403.60546875
2020-09-18,26818.953125
2020-09-21,26147.634765625
2020-09-22,25307.28125
2020-09-23,25973.76953125
2020-09-24,25181.70703125
2020-09-25,25031.9921875
2020-09-28,25790.2421875
2020-09-29,26084.849609375
2020-10-05,26075.19140625
2020-10-06,26108.99609375
2020-10-07,26137.9765625
2020-10-08,26051.04296875
2020-10-12,26220.080078125
2020-10-13,26456.732421875
2020-10-14,25949.623046875
2020-10-15,25606.716796875
2020-10-16,25350.744140625
2020-10-19,25114.09375
2020-10-20,25118.92578125
2020-10-21,25157.560546875
2020-10-22,24631.130859375
2020-10-23,24365.501953125
2020-10-26,23534.8046875
2020-10-27,23578.2734375
2020-10-28,24341.353515625
2020-10-29,24669.767578125
2020-10-30,24056.40234375
2020-11-02,24143.337890625
2020-11-03,24698.744140625
2020-11-04,25399.044921875
2020-11-05,25804.73046875
2020-11-06,25558.419921875
2020-11-09,25732.28515625
2020-11-10,25539.1015625
2020-11-11,25510.123046875
2020-11-12,25558.419921875
2020-11-13,25935.130859375
2020-11-16,27239.1328125
2020-11-17,27036.2890625
2020-11-18,27074.92578125
2020-11-19,27437.146484375
2020-11-20,27577.205078125
2020-11-23,27847.666015625
2020-11-24,27813.857421875
2020-11-25,27340.556640625
2020-11-26,27876.64453125
2020-11-27,28031.19140625
2020-11-30,27765.560546875
2020-12-01,27741.4140625
2020-12-02,28625.240234375
2020-12-03,28552.79296875
2020-12-04,28794.2734375
2020-12-07,29064.736328125
2020-12-08,28905.35546875
2020-12-09,29359.341796875
2020-12-10,29388.3203125
2020-12-11,29344.853515625
2020-12-14,29127.521484375
2020-12-15,29513.892578125
2020-12-16,29958.21484375
2020-12-17,30610.21484375
2020-12-18,30301.119140625
2020-12-21,30161.0625
2020-12-22,29397.978515625
2020-12-23,29900.259765625
2020-12-24,30513.625
2020-12-28,30851.697265625
2020-12-29,31489.208984375
2020-12-30,32464.794921875
2021-01-04,33184.4140625
2021-01-05,33527.3203125
2021-01-06,33488.67578125
2021-01-07,34024.76953125
2021-01-08,34271.08203125
2021-01-11,34164.83203125
2021-01-12,34097.21875
2021-01-13,34285.56640625
2021-01-14,34135.8515625
2021-01-15,34140.6796875
2021-01-18,34150.3359375
2021-01-19,34826.48828125
2021-01-20,36222.25
2021-01-21,36217.421875
2021-01-22,35676.49609375
2021-01-25,36429.92578125
2021-01-26,36154.63671875
2021-01-27,35599.23046875
2021-01-28,34609.15625
2021-01-29,33382.42578125
2021-02-01,34333.86328125
2021-02-02,34744.3828125
2021-02-03,34836.1484375
2021-02-04,34300.0546875
2021-02-05,34372.5
2021-02-08,34169.65625
2021-02-09,34222.78125
2021-02-10,34358.01171875
2021-02-15,36067.6953125
2021-02-16,36420.265625
2021-02-17,36222.25
2021-02-18,35285.30078125
2021-02-19,35816.55859375
2021-02-22,35401.21484375
2021-02-23,35043.8203125
2021-02-24,34063.40625
2021-02-25,35623.37890625
2021-02-26,34575.34375
2021-03-02,35043.8203125
2021-03-03,35381.8984375
2021-03-04,34662.28515625
2021-03-05,34367.66796875
2021-03-08,33469.359375
2021-03-09,33136.1171875
2021-03-10,32648.318359375
2021-03-11,33522.484375
2021-03-12,34271.08203125
2021-03-15,34005.44921875
2021-03-16,35193.5390625
2021-03-17,35299.7890625
2021-03-18,35613.71484375
2021-03-19,35435.0234375
2021-03-22,35681.328125
2021-03-23,35111.4375
2021-03-24,35512.296875
2021-03-25,35261.15625
2021-03-26,35304.6171875
2021-03-29,34927.9140625
2021-03-30,35237.00390625
2021-03-31,35063.13671875
2021-04-01,36285.0390625
2021-04-02,36801.80859375
2021-04-05,37555.23046875
2021-04-06,37458.640625
2021-04-07,37178.5234375
2021-04-08,37304.08984375
2021-04-09,37139.87890625
2021-04-12,37009.48046875
2021-04-13,37371.70703125
2021-04-14,37178.5234375
2021-04-15,37250.96484375
2021-04-16,37589.0390625
2021-04-19,38955.8203125
2021-04-20,39100.71875
2021-04-21,38434.21875
2021-04-22,38762.6328125
2021-04-23,38854.40625
2021-04-26,38917.1875
2021-04-27,38878.55078125
2021-04-28,37265.453125
2021-04-29,36781.234375
2021-04-30,36442.28125
2021-05-03,36263.12109375
2021-05-04,36495.546875
2021-05-06,36103.328125
2021-05-07,36209.8515625
2021-05-10,36553.6484375
2021-05-11,35246.2578125
2021-05-12,34921.83203125
2021-05-13,33996.98046875
2021-05-14,35130.046875
2021-05-17,34684.5703125
2021-05-18,35255.9453125
2021-05-20,35764.37109375
2021-05-21,35759.53515625
2021-05-24,34844.359375
2021-05-25,35202.68359375
2021-05-26,35130.046875
2021-05-27,35580.37109375
2021-05-28,35633.63671875
2021-05-31,35580.37109375
2021-06-01,35904.796875
2021-06-02,35807.95703125
2021-06-03,36742.4921875
2021-06-04,36427.75390625
2021-06-07,36384.17578125
2021-06-08,35982.2734375
2021-06-09,35309.20703125
2021-06-10,35483.52734375
2021-06-11,35832.16796875
2021-06-14,35657.84765625
2021-06-15,35812.796875
2021-06-16,35996.796875
2021-06-17,36185.64453125
2021-06-18,36340.59375
2021-06-21,35803.11328125
2021-06-22,35841.84765625
2021-06-23,36059.75
2021-06-24,36209.8515625
2021-06-25,36635.96875
2021-06-28,36577.86328125
2021-06-29,36786.07421875
2021-06-30,37309.02734375
2021-07-01,37013.66015625
2021-07-02,36660.17578125
2021-07-05,37003.97265625
2021-07-06,37168.609375
2021-07-07,36999.1328125
2021-07-08,36418.06640625
2021-07-09,36025.85546875
2021-07-12,36238.91015625
2021-07-13,36626.28125
2021-07-14,36606.9140625
2021-07-15,37207.3515625
2021-07-16,36679.546875
2021-07-19,36645.65234375
2021-07-20,36510.07421875
2021-07-21,36389.015625
2021-07-22,37313.875
2021-07-23,37241.23828125
2021-07-26,37042.7109375
2021-07-27,36994.2890625
2021-07-28,36413.22265625
2021-07-29,36408.3828125
2021-07-30,35967.74609375
2021-08-02,36742.4921875
2021-08-03,37444.61328125
2021-08-04,37541.45703125
2021-08-05,37773.87890625
2021-08-06,37623.7734375
2021-08-09,37822.3046875
2021-08-10,37202.50390625
2021-08-11,35822.48046875
2021-08-12,35193.0
2021-08-13,34592.5625
2021-08-17,34316.5625
2021-08-18,34766.88671875
2021-08-19,33711.28515625
2021-08-20,33314.23046875
2021-08-23,33677.39453125
2021-08-24,34616.7734375
2021-08-25,34548.984375
2021-08-26,34573.1953125
2021-08-27,34500.56640625
2021-08-30,34573.1953125
2021-08-31,34960.57421875
2021-09-01,35091.30859375
2021-09-02,34834.67578125
2021-09-03,35033.203125
2021-09-06,34921.83203125
2021-09-07,34607.08984375
2021-09-08,34471.51171875
2021-09-09,33856.5546875
2021-09-10,34118.03515625
2021-09-13,33817.81640625
2021-09-14,34171.296875
2021-09-15,34098.66015625
2021-09-16,33648.3359375
2021-09-17,34180.984375
2021-09-23,33575.70703125
2021-09-24,33391.69921875
2021-09-27,33231.9140625
2021-09-28,32374.84375
2021-09-29,31740.521484375
2021-09-30,31861.57421875
2021-10-01,31183.66796875
2021-10-05,30660.712890625
2021-10-06,29900.48828125
2021-10-07,30573.552734375
2021-10-08,30065.125
2021-10-12,29624.484375
2021-10-13,29721.328125
2021-10-14,30525.130859375
2021-10-15,31338.619140625
2021-10-18,31343.458984375
2021-10-19,31430.619140625
2021-10-20,31309.564453125
2021-10-21,30941.560546875
2021-10-22,31154.6171875
2021-10-25,31420.935546875
2021-10-26,31982.626953125
2021-10-27,31876.1015625
2021-10-28,32994.640625
2021-10-29,32476.533203125
2021-11-01,32636.32421875
2021-11-02,32951.06640625
2021-11-03,32539.482421875
2021-11-04,32597.5859375
2021-11-05,32791.26953125
2021-11-08,32747.69140625
2021-11-09,32718.640625
2021-11-10,32142.419921875
2021-11-11,32050.419921875
2021-11-12,32752.53125
2021-11-15,33943.71484375
2021-11-16,33934.02734375
2021-11-17,33842.0234375
2021-11-18,33846.8671875
2021-11-19,35028.36328125
2021-11-22,36592.38671875
2021-11-23,36272.8046875
2021-11-24,35682.05859375
2021-11-25,35125.20703125
2021-11-26,34665.19921875
2021-11-29,34224.5625
2021-11-30,33391.69921875
2021-12-01,34408.5625
2021-12-02,35570.6875
2021-12-03,35696.58203125
2021-12-06,36166.2734375
2021-12-07,36694.0703125
2021-12-08,36219.5390625
2021-12-09,36359.9609375
2021-12-10,35745.00390625
2021-12-13,36117.859375
2021-12-14,35914.484375
2021-12-15,36108.17578125
2021-12-16,36471.3359375
2021-12-17,35967.74609375
2021-12-20,35682.05859375
2021-12-21,36592.38671875
2021-12-22,36868.38671875
2021-12-23,37536.6171875
2021-12-24,37478.5078125
2021-12-27,37357.453125
2021-12-28,37885.25390625
2021-12-29,37836.82421875
2021-12-30,38451.7890625
2022-01-04,38446.9453125
2022-01-05,37362.296875
2022-01-06,36476.17578125
2022-01-07,37284.8203125
2022-01-10,36481.01953125
2022-01-11,36597.23046875
2022-01-12,37367.1328125
2022-01-13,37430.08984375
2022-01-14,37618.9296875
2022-01-17,37672.19921875
2022-01-18,37401.0390625
2022-01-19,36868.38671875
2022-01-20,37289.6640625
2022-01-21,35745.00390625
2022-01-24,35638.4765625
2022-01-25,35323.73828125
2022-01-26,34689.4140625
2022-01-27,33701.6015625
2022-01-28,35168.7890625
2022-02-03,35226.89453125
2022-02-04,35531.94921875
2022-02-07,34757.203125
2022-02-08,34364.984375
2022-02-09,34858.8828125
2022-02-10,35178.46875
2022-02-11,34592.5625
2022-02-15,33304.55078125
2022-02-16,34621.6171875
2022-02-17,34660.359375
2022-02-18,34786.25390625
2022-02-21,34515.09375
2022-02-22,33919.50390625
2022-02-23,34335.93359375
2022-02-24,33275.4921875
2022-02-25,34021.1875
2022-02-28,34200.34765625
2022-03-02,34534.4609375
2022-03-03,35280.15625
2022-03-04,34723.3046875
2022-03-07,33691.91796875
2022-03-08,33076.96484375
2022-03-10,33919.50390625
2022-03-11,33609.6015625
2022-03-14,32805.80078125
2022-03-15,32505.5859375
2022-03-16,33527.2890625
2022-03-17,34534.4609375
2022-03-18,34916.9921875
2022-03-21,34844.359375
2022-03-22,35289.83984375
2022-03-23,35406.0546875
2022-03-24,35546.4765625
2022-03-25,35599.7421875
2022-03-28,35623.94921875
2022-03-29,35895.11328125
2022-03-30,35977.43359375
2022-03-31,35749.84765625
2022-04-01,35222.05078125
2022-04-04,35314.046875
2022-04-05,35449.62890625
2022-04-06,34553.828125
2022-04-07,34539.30078125
2022-04-08,34626.4609375
2022-04-11,34195.51171875
2022-04-12,34214.875
2022-04-13,34781.41015625
2022-04-14,34631.30078125
2022-04-15,34331.0859375
2022-04-18,34510.25390625
2022-04-19,35672.375
2022-04-20,35662.6875
2022-04-21,35958.0625
2022-04-22,35551.31640625
2022-04-25,34713.62109375
2022-04-26,35004.1484375
2022-04-27,34486.03515625
2022-04-28,34217.609375
2022-04-29,34671.5
2022-05-03,34749.58984375
2022-05-04,34471.3984375
2022-05-06,33724.671875
2022-05-10,33461.125
2022-05-11,34207.84765625
2022-05-12,33251.25390625
2022-05-13,34188.328125
2022-05-16,34027.265625
2022-05-17,34422.58984375
2022-05-18,34632.45703125
2022-05-19,34246.89453125
2022-05-20,34456.7578125
2022-05-23,34612.9375
2022-05-24,33339.10546875
2022-05-25,33597.77734375
2022-05-26,32973.06640625
2022-05-27,33124.359375
2022-05-30,33548.97265625
2022-05-31,33656.34375
2022-06-02,33524.5703125
2022-06-03,33451.359375
2022-06-07,32655.830078125
2022-06-08,32714.3984375
2022-06-09,32582.62109375
2022-06-10,32045.759765625
2022-06-13,30518.146484375
2022-06-14,30401.009765625
2022-06-15,29771.41796875
2022-06-16,29537.15234375
2022-06-17,29088.140625
2022-06-20,28102.265625
2022-06-21,28248.68359375
2022-06-22,28238.921875
2022-06-23,26257.416015625
2022-06-24,27096.87109375
2022-06-27,27828.955078125
2022-06-28,27755.748046875
2022-06-29,27487.31640625
2022-06-30,26579.533203125
2022-07-01,25798.640625
2022-07-04,25549.734375
2022-07-05,26398.94921875
2022-07-06,25940.177734375
2022-07-07,26633.216796875
2022-07-08,26730.830078125
2022-07-11,26701.544921875
2022-07-12,25432.599609375
2022-07-13,25866.96875
2022-07-14,25920.654296875
2022-07-15,26452.63671875
2022-07-18,27204.240234375
2022-07-19,26984.62109375
2022-07-20,27360.421875
2022-07-21,27736.224609375
2022-07-22,27399.466796875
2022-07-25,27282.33203125
2022-07-26,27443.390625
2022-07-27,27462.9140625
2022-07-28,27472.67578125
2022-07-29,27667.89453125
2022-08-01,27536.123046875
2022-08-02,27150.55859375
2022-08-03,27189.599609375
2022-08-04,27370.185546875
2022-08-05,27506.83984375
2022-08-08,27170.078125
2022-08-09,26755.23046875
2022-08-10,25823.044921875
2022-08-11,26462.3984375
2022-08-12,26887.0078125
2022-08-16,27487.31640625
2022-08-17,27267.689453125
2022-08-18,27409.2265625
2022-08-19,27160.318359375
2022-08-22,26452.63671875
2022-08-23,26076.83203125
2022-08-24,26091.4765625
2022-08-25,26682.0234375
2022-08-26,26911.41015625
2022-08-29,25842.56640625
2022-08-30,26379.4296875
2022-08-31,26891.888671875
2022-09-01,26189.087890625
2022-09-02,25847.447265625
2022-09-05,25491.1640625
2022-09-06,25622.94140625
2022-09-07,25164.169921875
2022-09-08,25056.794921875
2022-09-13,25901.1328125
2022-09-14,25320.345703125
2022-09-15,25252.01953125
2022-09-16,24959.185546875
2022-09-19,24773.724609375
2022-09-20,24695.63671875
2022-09-21,24432.083984375
2022-09-22,24017.23828125
2022-09-23,23416.9296875
2022-09-26,22440.818359375
2022-09-27,22421.294921875
2022-09-28,21884.43359375
2022-09-29,21503.748046875
2022-09-30,21640.404296875
2022-10-04,22938.634765625
2022-10-05,22963.037109375
2022-10-06,23739.044921875
2022-10-07,23685.359375
2022-10-11,23026.484375
2022-10-12,23436.44921875
2022-10-13,23065.52734375
2022-10-14,23724.40234375
2022-10-17,23656.07421875
2022-10-18,23792.73046875
2022-10-19,23260.75
2022-10-20,22831.259765625
2022-10-21,22811.740234375
2022-10-24,23480.376953125
2022-10-25,23924.505859375
2022-10-26,23865.94140625
2022-10-27,23675.59765625
2022-10-28,22557.951171875
2022-10-31,22865.423828125
2022-11-01,22963.037109375
2022-11-02,22816.619140625
2022-11-03,22640.919921875
2022-11-04,22514.025390625
2022-11-07,23231.46875
2022-11-08,23831.77734375
2022-11-09,24041.638671875
2022-11-10,23758.568359375
2022-11-11,25105.6015625
2022-11-14,24627.306640625
2022-11-15,25383.794921875
2022-11-16,25574.13671875
2022-11-17,25071.435546875
2022-11-18,25012.87109375
2022-11-21,24412.5625
2022-11-22,23978.19140625
2022-11-23,24393.041015625
2022-11-24,24768.84375
2022-11-25,24422.32421875
2022-11-28,23924.505859375
2022-11-29,24109.966796875
2022-11-30,24178.29296875
2022-12-01,24485.76953125
2022-12-02,23963.55078125
2022-12-05,23904.986328125
2022-12-06,23460.853515625
2022-12-07,23124.095703125
2022-12-08,23041.125
2022-12-09,23485.255859375
2022-12-12,23094.8125
2022-12-13,23231.46875
2022-12-14,23621.91015625
2022-12-15,23285.150390625
2022-12-16,22831.259765625
2022-12-19,22914.23046875
2022-12-20,22548.189453125
2022-12-21,22489.623046875
2022-12-22,22919.111328125
2022-12-23,22206.548828125
2022-12-26,22445.697265625
2022-12-27,22616.517578125
2022-12-28,22191.90625
2022-12-29,21620.8828125
2023-01-02,21347.572265625
2023-01-03,21513.509765625
2023-01-04,22611.634765625
2023-01-05,22450.578125
2023-01-06,23089.931640625
2023-01-09,23465.736328125
2023-01-10,23538.94140625
2023-01-11,23768.330078125
2023-01-12,23763.44921875
2023-01-13,23631.673828125
2023-01-16,23700.0
2023-01-17,23577.986328125
2023-01-18,23573.107421875
2023-01-19,23680.478515625
2023-01-20,23826.896484375
2023-01-25,24749.3203125
2023-01-26,24929.90234375
2023-01-27,24871.333984375
2023-01-30,24729.80078125
2023-01-31,24485.76953125
2023-02-01,24812.76953125
2023-02-02,25276.421875
2023-02-03,25017.75
2023-02-06,24627.306640625
2023-02-07,25222.736328125
2023-02-08,25827.923828125
2023-02-09,25896.251953125
2023-02-10,25569.255859375
2023-02-13,25325.2265625
2023-02-14,25891.373046875
2023-02-15,25491.1640625
2023-02-16,26150.04296875
2023-02-17,25637.5859375
2023-02-20,25915.775390625
2023-02-21,25671.75
2023-02-22,24993.349609375
2023-02-23,25574.13671875
2023-02-24,25427.71875
2023-02-27,25115.365234375
2023-02-28,25173.931640625
2023-03-02,25051.9140625
2023-03-03,25125.125
2023-03-06,25637.5859375
2023-03-07,25461.8828125
2023-03-08,25193.453125
2023-03-09,25061.67578125
2023-03-10,24231.982421875
2023-03-13,24329.59375
2023-03-14,23275.392578125
2023-03-15,23275.392578125
2023-03-16,23758.568359375
2023-03-17,25047.03515625
2023-03-20,25130.0078125
2023-03-21,24856.693359375
2023-03-22,25359.390625
2023-03-23,25471.64453125
2023-03-24,26579.533203125
2023-03-27,26569.76953125
2023-03-28,27428.75
2023-03-29,27682.537109375
2023-03-30,28258.4453125
2023-03-31,28434.14453125
2023-04-03,28204.7578125
2023-04-04,27555.64453125
2023-04-05,27589.806640625
2023-04-06,27038.302734375
2023-04-07,28248.68359375
2023-04-10,28146.19140625
2023-04-11,28736.73828125
2023-04-12,28492.7109375
2023-04-13,28131.546875
2023-04-14,28053.458984375
2023-04-17,27916.8046875
2023-04-18,27501.95703125
2023-04-19,27575.1640625
2023-04-20,27038.302734375
2023-04-21,27506.83984375
2023-04-24,26867.486328125
2023-04-25,26486.80078125
2023-04-26,26789.39453125
2023-04-27,27099.2421875
2023-04-28,27059.896484375
2023-05-02,27104.16015625
2023-05-03,27487.779296875
2023-05-04,27020.55078125
2023-05-08,27143.505859375
2023-05-09,26799.232421875
2023-05-10,26612.33984375
2023-05-11,26371.349609375
2023-05-12,26543.486328125
2023-05-15,26140.1953125
2023-05-16,26454.958984375
2023-05-17,26922.1875
2023-05-19,28918.974609375
2023-05-22,28884.546875
2023-05-23,28796.01953125
2023-05-25,29115.701171875
2023-05-26,29671.45703125
2023-05-30,30232.1328125
2023-05-31,30045.23828125
2023-06-01,30276.39453125
2023-06-02,30114.09375
2023-06-05,29784.576171875
2023-06-07,29981.302734375
2023-06-08,30119.013671875
2023-06-09,31014.123046875
2023-06-12,30817.39453125
2023-06-13,31599.388671875
2023-06-14,31166.587890625
2023-06-15,31928.908203125
2023-06-16,31938.744140625
2023-06-19,31579.71484375
2023-06-20,31894.48046875
2023-06-21,31235.44140625
2023-06-22,31073.140625
2023-06-23,31132.16015625
2023-06-26,31584.6328125
2023-06-27,31422.333984375
2023-06-28,31697.75390625
2023-06-29,32017.43359375
2023-06-30,31742.015625
2023-07-07,30591.158203125
2023-07-10,30010.8125
2023-07-14,33360.10546875
2023-07-17,33743.72265625
2023-07-19,33419.12109375
2023-07-20,33719.12890625
2023-07-21,32976.484375
2023-07-24,32740.41015625
2023-07-26,31909.236328125
2023-07-28,34658.50390625
2023-08-03,33546.99609375
2023-08-04,33394.52734375
2023-08-07,33374.85546875
2023-08-08,32656.80078125
2023-08-09,32760.083984375
2023-08-10,32243.671875
2023-08-11,32160.0625
2023-08-14,31663.32421875
2023-08-16,31855.134765625
2023-08-17,32046.943359375
2023-08-18,32735.48828125
2023-08-21,32676.474609375
2023-08-22,32174.81640625
2023-08-23,32184.654296875
2023-08-24,32976.484375
2023-08-25,31884.642578125
2023-08-28,31889.5625
2023-08-29,32366.626953125
2023-08-30,32942.05859375
2023-08-31,33232.23046875
2023-09-01,33945.3671875
2023-09-04,33822.41015625
2023-09-05,33832.25
2023-09-06,33325.67578125
2023-09-07,33330.58984375
2023-09-08,32410.890625
2023-09-11,32066.6171875
2023-09-12,32214.1640625
2023-09-13,32007.59765625
2023-09-14,33060.09375
2023-09-15,33045.3359375
2023-09-18,32002.6796875
2023-09-19,31668.244140625
2023-09-20,31422.333984375
2023-09-21,30635.423828125
2023-09-22,30935.43359375
2023-09-25,30827.232421875
2023-09-26,30419.0234375
2023-09-27,30684.60546875
2023-10-04,30325.576171875
2023-10-05,30591.158203125
2023-10-06,30802.640625
2023-10-10,30340.33203125
2023-10-11,31132.16015625
2023-10-12,31894.48046875
2023-10-13,31894.48046875
2023-10-16,31491.1875
2023-10-17,32509.25390625
2023-10-18,32455.15625
2023-10-19,31491.1875
2023-10-20,31063.306640625
2023-10-23,30728.869140625
2023-10-24,31643.65234375
2023-10-25,31722.345703125
2023-10-26,30492.79296875
2023-10-27,30197.705078125
2023-10-30,30192.78515625
2023-10-31,29135.373046875
2023-11-01,29725.556640625
2023-11-02,31466.599609375
2023-11-03,31525.615234375
2023-11-06,32883.03515625
2023-11-07,32883.03515625
2023-11-08,32460.072265625
2023-11-09,32597.78125
2023-11-10,32951.890625
2023-11-13,32381.380859375
2023-11-14,32622.373046875
2023-11-15,33369.9375
2023-11-16,33610.9296875
2023-11-17,33517.48828125
2023-11-20,33679.78515625
2023-11-21,33645.35546875
2023-11-22,33787.984375
2023-11-23,33232.23046875
2023-11-24,33153.53515625
2023-11-27,33640.4375
2023-11-28,34063.40625
2023-11-29,33969.95703125
2023-11-30,34427.34765625
2023-12-01,34230.62109375
2023-12-04,33738.8046875
2023-12-05,32666.63671875
2023-12-06,33030.5859375
2023-12-07,32853.52734375
2023-12-08,33487.9765625
2023-12-11,33601.08984375
2023-12-12,34151.9296875
2023-12-13,34151.9296875
2023-12-14,34737.19140625
2023-12-15,34540.47265625
2023-12-18,34791.296875
2023-12-19,34761.7890625
2023-12-20,34978.1875
2023-12-21,34978.1875
2023-12-22,35086.38671875
2023-12-26,35061.796875
2023-12-27,35622.46875
2023-12-28,35681.48828125
2024-01-02,36237.24609375
2024-01-03,35327.37890625
2024-01-04,35229.015625
2024-01-05,35169.99609375
2024-01-08,35101.140625
2024-01-09,34992.94140625
2024-01-10,34496.20703125
2024-01-11,34692.9296875
2024-01-12,34142.09375
2024-01-15,33866.67578125
2024-01-16,33389.61328125
2024-01-17,33104.35546875
2024-01-19,35051.96484375
2024-01-22,35804.44140625
2024-01-23,35637.22265625
2024-01-24,35568.37109375
2024-01-25,35396.234375
2024-01-26,34855.234375
2024-01-29,34604.40234375
2024-01-30,34530.6328125
2024-01-31,33714.20703125
2024-02-01,33251.90234375
2024-02-02,34038.8125
2024-02-05,33379.7734375
2024-02-06,34004.3828125
2024-02-07,33728.96484375
2024-02-08,34761.7890625
2024-02-13,36040.51953125
2024-02-14,36119.20703125
2024-02-15,35966.74609375
2024-02-16,35504.43359375
2024-02-19,35661.81640625
2024-02-20,35637.22265625
2024-02-21,35578.20703125
2024-02-22,36404.4609375
2024-02-23,36389.7109375
2024-02-26,36370.03515625
2024-02-27,35853.62890625
2024-02-28,36694.6328125
2024-02-29,36473.31640625
2024-03-04,38052.05859375
2024-03-05,37771.72265625
2024-03-06,37968.44921875
2024-03-07,37707.78515625
2024-03-08,38455.3515625
2024-03-11,37909.4296875
2024-03-12,38243.8671875
2024-03-13,38096.31640625
2024-03-14,37624.171875
2024-03-15,37461.875
2024-03-18,37889.7578125
2024-03-19,37373.34765625
2024-03-20,37747.12890625
2024-03-21,39050.453125
2024-03-22,38824.21484375
2024-03-25,38676.6640625
2024-03-26,39532.43359375
2024-03-27,40206.22265625
2024-03-28,41130.84375
2024-03-29,41706.2734375
2024-04-01,42143.9921875
2024-04-02,42689.9140625
2024-04-03,41770.2109375
2024-04-04,42906.31640625
2024-04-05,42237.44140625
2024-04-08,41494.79296875
2024-04-09,41568.5625
2024-04-11,42237.44140625
2024-04-12,42503.0234375
2024-04-15,42547.28515625
2024-04-16,40899.69140625
2024-04-17,40830.8359375
2024-04-18,41706.2734375
2024-04-19,40191.47265625
2024-04-22,39119.30078125
2024-04-23,38814.37890625
2024-04-24,40525.91015625
2024-04-25,39473.4140625
2024-04-26,40152.125
2024-04-29,40230.94140625
2024-04-30,39999.41796875
2024-05-02,40117.640625
2024-05-03,39895.96875
2024-05-07,41216.1484375
2024-05-08,41373.78515625
2024-05-09,40841.76953125
2024-05-10,40294.98046875
2024-05-13,40324.5390625
2024-05-14,40570.83984375
2024-05-16,41280.1875
2024-05-17,40738.32421875
2024-05-20,40905.80859375
2024-05-21,41157.03515625
2024-05-22,41452.59765625
2024-05-23,41698.8984375
2024-05-24,40748.17578125
2024-05-27,41516.63671875
2024-05-28,42206.28125
2024-05-29,41876.23828125
2024-05-30,41152.11328125
2024-05-31,40541.28125
2024-06-03,40679.2109375
2024-06-04,40427.98046875
2024-06-05,40979.69921875
2024-06-07,41935.3515625
2024-06-10,41915.64453125
2024-06-11,41876.23828125
2024-06-12,42723.515625
2024-06-13,43546.1640625
2024-06-14,43363.90234375
2024-06-17,43329.421875
2024-06-18,44225.95703125
2024-06-19,44294.921875
2024-06-20,44659.44921875
2024-06-21,43886.0625
2024-06-24,43053.55859375
2024-06-25,43019.08203125
2024-06-26,44088.03125
2024-06-27,43782.61328125
2024-06-28,44053.546875
2024-07-01,43984.58203125
2024-07-02,43299.86328125
2024-07-03,43132.37890625
2024-07-04,43565.8671875
2024-07-05,44107.73046875
2024-07-08,44117.5859375
2024-07-09,44585.55859375
2024-07-10,44334.33203125
2024-07-11,44531.37109375
2024-07-12,43526.45703125
2024-07-15,43659.4609375
2024-07-16,44235.80859375
2024-07-17,42344.2109375
2024-07-18,41595.453125
2024-07-19,41147.1875
2024-07-22,39871.33984375
2024-07-23,39743.265625
2024-07-24,39777.74609375
2024-07-25,37841.8125
2024-07-26,38102.89453125
2024-07-29,38260.52734375
2024-07-30,37290.09765625
2024-07-31,38521.609375
2024-08-01,38403.37890625
2024-08-02,35408.3515625
2024-08-05,31378.853515625
2024-08-06,32866.515625
2024-08-07,33531.53125
2024-08-08,33038.9296875
2024-08-09,33989.65234375
2024-08-12,34866.48828125
2024-08-13,35142.34375
2024-08-14,36068.44140625
2024-08-16,37684.1796875
2024-08-19,36767.9375
2024-08-20,37442.8046875
2024-08-21,36915.71875
2024-08-22,36383.70703125
2024-08-23,35891.10546875
2024-08-26,35033.97265625
2024-08-28,35378.796875
2024-08-29,33841.875
2024-08-30,34418.21875
2024-09-02,34063.546875
2024-09-03,33250.74609375
2024-09-04,31236.0
2024-09-05,31176.884765625
2024-09-06,30526.650390625
2024-09-09,30575.908203125
2024-09-10,30167.048828125
2024-09-11,30024.193359375
2024-09-12,31644.859375
2024-09-13,30856.6953125
2024-09-19,30142.41796875
2024-09-20,30388.720703125
2024-09-23,30881.32421875
2024-09-24,31541.412109375
2024-09-25,31526.634765625
2024-09-26,33300.0078125
2024-09-27,33132.5234375
2024-09-30,32211.353515625
2024-10-02,31846.826171875
2024-10-04,32137.46484375
2024-10-07,33073.41015625
2024-10-08,32428.099609375
2024-10-10,32472.435546875
2024-10-11,32713.80859375
2024-10-14,33304.93359375
2024-10-15,33575.8671875
2024-10-16,32654.697265625
2024-10-17,33221.19140625
2024-10-18,31910.865234375
2024-10-21,32088.203125
2024-10-22,31270.482421875
2024-10-23,32413.3203125
2024-10-24,31841.900390625
2024-10-25,31841.900390625
2024-10-28,32048.794921875
2024-10-29,31876.3828125
2024-10-31,31861.60546875
2024-11-01,31531.560546875
2024-11-04,32334.50390625
2024-11-06,31684.267578125
2024-11-07,31630.08203125
2024-11-08,31699.044921875
2024-11-11,30226.162109375
2024-11-12,29073.46875
2024-11-13,28300.080078125
2024-11-14,27600.583984375
2024-11-15,28580.865234375
2024-11-18,28176.9296875
2024-11-19,28112.890625
2024-11-20,28034.07421875
2024-11-21,28063.630859375
2024-11-22,28541.45703125
2024-11-25,29019.283203125
2024-11-26,28950.31640625
2024-11-27,27871.515625
2024-11-28,27423.24609375
2024-11-29,26925.716796875
2024-12-02,26467.595703125
2024-12-03,27043.94140625
2024-12-04,26940.494140625
2024-12-05,27649.84375
2024-12-06,27152.314453125
2024-12-09,26300.111328125
2024-12-10,26743.453125
2024-12-11,27452.802734375
2024-12-12,28324.7109375
2024-12-13,28369.044921875
2024-12-16,28639.978515625
2024-12-17,29127.654296875
2024-12-18,29418.291015625
2024-12-19,28497.123046875
2024-12-20,27728.66015625
2024-12-23,28502.048828125
2024-12-24,28516.828125
2024-12-26,28206.486328125
2024-12-27,28497.123046875
2024-12-30,28506.974609375
2025-01-02,28679.384765625
2025-01-03,30048.82421875
2025-01-06,31625.15625
2025-01-07,31245.849609375
2025-01-08,32349.283203125
2025-01-09,32526.619140625
2025-01-10,32334.50390625
2025-01-13,31304.962890625
2025-01-14,31452.744140625
2025-01-15,31575.89453125
2025-01-16,32275.392578125
2025-01-17,33029.07421875
2025-01-20,32866.515625
2025-01-21,33541.3828125
2025-01-22,34506.890625
2025-01-23,33767.98046875
2025-01-24,33896.05859375
2025-01-31,32014.3125
2025-02-03,30378.869140625
2025-02-04,30689.208984375
2025-02-05,31369.001953125
2025-02-06,32304.94921875
2025-02-07,32777.84765625
2025-02-10,33231.04296875
2025-02-11,33255.671875
2025-02-12,33122.66796875
2025-02-13,33664.53515625
2025-02-14,33994.58203125
2025-02-17,34334.4765625
2025-02-18,34477.328125
2025-02-19,35669.43359375
2025-02-20,34940.37890625
2025-02-21,34866.48828125
2025-02-24,34098.0234375
2025-02-25,33782.7578125
2025-02-26,33713.796875
2025-02-27,33132.5234375
2025-02-28,31728.603515625
2025-03-04,31349.298828125
2025-03-05,31659.638671875
2025-03-06,30920.732421875
2025-03-07,31053.734375
2025-03-10,30945.36328125
2025-03-11,30787.728515625
2025-03-12,32152.2421875
2025-03-13,31846.826171875
2025-03-14,32639.919921875
2025-03-17,33304.93359375
2025-03-18,33048.78125
2025-03-19,33428.0859375
2025-03-20,33945.31640625
2025-03-21,34462.5546875
2025-03-24,34043.83984375
2025-03-25,33048.78125
2025-03-26,33526.60546875
2025-03-27,32861.59375
2025-03-28,31866.53125
2025-03-31,30442.90625
2025-04-01,31132.55078125
2025-04-02,30994.623046875
2025-04-03,30433.056640625
2025-04-04,29359.177734375
2025-04-07,27196.6484375
2025-04-08,27467.580078125
2025-04-09,26930.642578125
2025-04-10,28807.462890625
2025-04-11,28920.76171875
2025-04-14,29162.13671875
2025-04-15,29354.25390625
2025-04-16,28305.0078125
2025-04-17,28837.017578125
2025-04-18,29009.4296875
2025-04-21,29231.1015625
2025-04-22,28896.1328125
2025-04-23,30191.6796875
2025-04-24,29807.447265625
2025-04-25,30319.755859375
2025-04-28,29506.958984375
2025-04-29,29652.826171875
2025-04-30,29238.205078125
2025-05-02,29672.806640625
2025-05-07,30042.46875
2025-05-08,30302.23046875
2025-05-09,29907.591796875
2025-05-12,31141.4609375
2025-05-13,31456.171875
2025-05-14,32080.599609375
2025-05-15,31436.19140625
2025-05-16,31850.810546875
2025-05-19,30906.67578125
2025-05-20,30936.6484375
2025-05-21,30906.67578125
2025-05-22,30172.349609375
2025-05-23,29997.509765625
2025-05-26,30671.890625
2025-05-27,30502.046875
2025-05-28,31146.45703125
2025-05-29,31521.11328125
2025-05-30,30906.67578125
2025-06-02,31191.416015625
2025-06-04,32165.5234375
2025-06-05,33039.72265625
2025-06-09,33399.390625
2025-06-10,33264.515625
2025-06-11,34473.40625
2025-06-12,34363.5078125
2025-06-13,33749.0703125
2025-06-16,34153.69921875
2025-06-17,34468.4140625
2025-06-18,34853.05859375
2025-06-19,34803.10546875
2025-06-20,35332.62109375
2025-06-23,34833.078125
2025-06-24,36396.64453125
2025-06-25,37300.81640625
2025-06-26,37565.57421875
2025-06-27,37046.05078125
2025-06-30,37170.9375
2025-07-01,36786.2890625
2025-07-02,36171.8515625
2025-07-03,37310.80859375
2025-07-04,36576.48046875
2025-07-07,36381.66015625
2025-07-08,36781.29296875
2025-07-09,36416.625
2025-07-10,37091.0078125
2025-07-11,37410.71484375
2025-07-14,37355.765625
2025-07-15,37810.3515625
2025-07-16,37980.1953125
2025-07-17,37110.9921875
2025-07-18,36966.125
2025-07-21,37120.98046875
2025-07-22,36411.6328125
2025-07-23,36251.77734375
2025-07-24,36016.9921875
2025-07-25,35762.2265625
2025-07-28,36751.3203125
2025-07-29,36691.375
2025-07-30,37170.9375
2025-07-31,37560.578125
2025-08-01,35747.2421875
2025-08-04,35927.07421875
2025-08-05,36386.65625
2025-08-06,36201.82421875
2025-08-07,36686.37890625
2025-08-08,36996.09765625
2025-08-11,37495.63671875
2025-08-12,37470.66015625
2025-08-13,38494.72265625
2025-08-14,38344.859375
2025-08-18,37205.90234375
2025-08-19,36851.23046875
2025-08-20,36181.84375
2025-08-21,35717.26953125
2025-08-22,36021.98828125
2025-08-25,36881.19921875
2025-08-26,37086.01171875
2025-08-27,37150.953125
2025-08-28,37415.7109375
2025-08-29,37500.6328125
2025-09-01,36261.76953125
2025-09-02,36521.53125
2025-09-03,36841.23828125
2025-09-04,37210.8984375
2025-09-05,37585.5546875
2025-09-08,38145.04296875
2025-09-09,39254.02734375
2025-09-10,40457.921875
2025-09-11,40777.62890625
2025-09-12,42001.5078125
2025-09-15,42765.80859375
2025-09-16,43989.6875
2025-09-17,43230.3828125
2025-09-18,44908.84375
2025-09-19,45108.66015625
2025-09-22,46222.640625
2025-09-23,46887.03125
2025-09-24,47106.828125
2025-09-25,46557.33203125
2025-09-26,45048.71484375
2025-09-29,45977.86328125
2025-09-30,45922.9140625
2025-10-01,47096.83984375
2025-10-02,49349.7734375
2025-10-10,51947.39453125
2025-10-13,52192.16796875
2025-10-14,50833.4140625
2025-10-15,52901.51953125
2025-10-16,53990.5234375
2025-10-17,53840.66015625
2025-10-20,55094.51171875
2025-10-21,54500.0546875
2025-10-22,54994.6015625
2025-10-23,54634.9296875
2025-10-24,56308.3984375
2025-10-27,57577.234375
2025-10-28,56323.3828125
2025-10-29,57836.99609375
2025-10-30,58426.45703125
2025-10-31,58686.21875
2025-11-03,60994.1015625
2025-11-04,60039.9765625
2025-11-05,58116.7421875
2025-11-06,58856.0625
2025-11-07,57297.4921875
2025-11-10,58766.14453125
2025-11-11,59730.26171875
2025-11-12,59640.34375
2025-11-13,59515.45703125
2025-11-14,56048.63671875
2025-11-17,58641.2578125
2025-11-18,55978.69921875
2025-11-19,55114.4921875
2025-11-20,56263.4375
2025-11-21,52307.0625
2025-11-24,52821.59375
2025-11-25,53685.80078125
2025-11-26,54714.859375
2025-11-27,55663.98828125
2025-11-28,55609.0390625
2025-12-01,56093.59375
2025-12-02,56997.765625
2025-12-03,57477.328125
2025-12-04,56333.375
2025-12-05,57242.54296875
2025-12-08,58256.61328125
2025-12-09,57547.26171875
2025-12-10,57966.87890625
2025-12-11,57382.4140625
2025-12-12,57322.46875
2025-12-15,56043.640625
2025-12-16,54155.37109375
2025-12-17,56153.5390625
2025-12-18,55539.1015625
2025-12-19,55249.3671875
2025-12-22,57936.90625
2025-12-23,58241.625
2025-12-24,57747.078125
2025-12-26,59470.5
2025-12-29,60699.375
2025-12-30,61243.875
2026-01-02,65420.046875
2026-01-05,68537.1875
2026-01-06,70720.1875
2026-01-07,70235.6328125
2026-01-08,70095.765625
2026-01-09,69241.546875
2026-01-12,69056.7109375
2026-01-13,69336.4609375
2026-01-14,70485.40625
2026-01-15,71084.859375
2026-01-16,71609.375
2026-01-19,72243.796875
2026-01-20,70435.453125
2026-01-21,70640.265625
2026-01-22,71959.0546875
2026-01-23,72133.8984375
2026-01-26,73377.7578125
2026-01-27,78033.484375
2026-01-28,82874.0546875
2026-01-29,84767.3203125
2026-01-30,88119.2421875
2026-02-02,81175.609375
2026-02-03,88698.7109375
2026-02-04,88718.6953125
2026-02-05,83923.09375
2026-02-06,84342.703125
2026-02-09,88488.90625
2026-02-10,86625.6171875
2026-02-11,85746.421875
2026-02-12,89318.1484375
2026-02-13,88663.75
2026-02-19,91501.1484375
2026-02-20,92859.8984375
2026-02-23,92300.4140625
2026-02-24,95607.3828125
2026-02-25,96126.90625
2026-02-26,105088.6953125
2026-02-27,105303.5
2026-03-03,97625.53125
2026-03-04,84822.265625
2026-03-05,100492.90625
2026-03-06,102241.3046875
2026-03-09,93164.625
2026-03-10,99129.15625
2026-03-11,98309.90625
2026-03-12,98010.1796875
2026-03-13,96846.25
2026-03-16,99378.9296875
2026-03-17,99378.9296875
2026-03-18,105003.7734375
2026-03-19,103325.3125
2026-03-20,103769.90625
2026-03-23,97415.7265625
2026-03-24,100033.328125
2026-03-25,101596.890625
2026-03-26,95902.109375
2026-03-27,95362.609375
2026-03-30,91356.28125
2026-03-31,86820.4375
2026-04-01,95837.171875
2026-04-02,90022.5
2026-04-03,93074.703125
2026-04-06,93244.546875
2026-04-07,94843.0859375
2026-04-08,104254.4609375
2026-04-09,101631.859375
2026-04-10,102905.6953125
2026-04-13,102960.640625
2026-04-14,105508.3125
2026-04-15,108550.5234375
2026-04-16,110518.71875
2026-04-17,110298.921875
2026-04-20,112297.0859375
2026-04-21,115559.1015625
2026-04-22,116857.90625
2026-04-23,117437.375
2026-04-24,119485.5
2026-04-27,125245.21875
2026-04-28,125485.0
2026-04-29,124750.0
2026-04-30,123850.0
2026-05-04,130460.0
2026-05-06,140020.0
2026-05-07,142100.0
2026-05-08,143715.0
2026-05-11,153085.0
2026-05-12,147995.0
2026-05-13,155855.0
2026-05-14,157200.0
2026-05-15,145885.0
2026-05-18,146250.0
2026-05-19,140375.0
2026-05-20,140995.0
2026-05-21,154805.0
2026-05-22,155500.0
2026-05-26,162660.0
2026-05-27,163570.0
2026-05-28,160810.0
2026-05-29,160980.0
2026-06-01,165410.0
2026-06-02,163875.0
2026-06-04,168300.0
2026-06-05,157180.0
2026-06-08,141910.0
2026-06-09,158600.0
2026-06-10,151495.0
2026-06-11,158000.0
2026-06-12,168740.0
2026-06-15,173050.0
2026-06-16,171815.0
2026-06-17,175955.0
2026-06-18,182500.0
2026-06-19,181015.0
2026-06-22,188345.0
2026-06-23,166780.0
2026-06-24,171440.0
2026-06-25,182185.0
2026-06-26,171695.0
2026-06-29,169105.0
2026-06-30,173450.0
2026-07-01,169545.0
2026-07-02,149255.0
2026-07-03,157225.0
2026-07-06,153510.0
2026-07-07,143560.0
2026-07-08,135380.0
2026-07-09,140600.0
2026-07-10,146380.0
2026-07-13,130340.0
2026-07-14,133200.0
2026-07-15,146100.0
2026-07-16,132230.0
2026-07-20,124505.0
2026-07-21,128025.0
2026-07-22,126930.0
2026-07-23,132000.0
2026-07-24,120755.0
2026-07-27,124470.0
2026-07-28,107230.0
2026-07-29,98335.0
2026-07-30,93675.0
2026-07-31,120830.0
2026-08-03,111905.0
2026-08-04,114485.0
2026-08-05,119410.0
2026-08-06,111045.0
2026-08-07,107750.0
2026-08-10,111600.0
2026-08-11,114160.0
2026-08-12,118955.0
2026-08-13,123575.0
2026-08-14,126250.0
2026-08-18,125405.0
2026-08-19,118120.0
2026-08-20,127070.0
2026-08-21,127065.0
2026-08-24,122235.0
2026-08-25,124915.0
2026-08-26,124700.0
2026-08-27,127200.0
2026-08-28,124255.0
2026-08-31,124680.0
2026-09-01,124720.0
2026-09-02,121100.0
2026-09-03,119330.0
2026-09-04,123750.0
2026-09-07,131200.0
2026-09-08,131535.0
2026-09-09,135600.0
2026-09-10,136920.0
2026-09-11,128900.0
2026-09-14,123500.0
2026-09-15,122695.0
2026-09-16,127700.0
2026-09-17,127655.0
2026-09-18,130545.0
2026-09-21,135250.0
2026-09-22,136695.0
