date,value
2011-04-06,6378.71630859375
2011-04-07,6343.14599609375
2011-04-08,6303.62451171875
2011-04-11,6228.5341796875
2011-04-12,6185.06201171875
2011-04-13,6232.4873046875
2011-04-14,6236.4384765625
2011-04-15,6244.34375
2011-04-18,6212.7265625
2011-04-19,6165.3017578125
2011-04-20,6240.3916015625
2011-04-21,6402.4287109375
2011-04-22,6335.24267578125
2011-04-25,6347.09765625
2011-04-26,6339.19384765625
2011-04-27,6362.90673828125
2011-04-28,6394.5244140625
2011-04-29,6418.23681640625
2011-05-02,6540.751953125
2011-05-03,6548.6572265625
2011-05-04,6623.74755859375
2011-05-06,6683.029296875
2011-05-09,6552.60791015625
2011-05-11,6532.84765625
2011-05-12,6465.66259765625
2011-05-13,6469.61279296875
2011-05-16,6489.37451171875
2011-05-17,6481.47021484375
2011-05-18,6497.2783203125
2011-05-19,6485.421875
2011-05-20,6580.27294921875
2011-05-23,6564.46484375
2011-05-24,6584.2255859375
2011-05-25,6517.0390625
2011-05-26,6513.08740234375
2011-05-27,6481.47021484375
2011-05-30,6493.3271484375
2011-05-31,6580.27294921875
2011-06-01,6603.98583984375
2011-06-02,6493.3271484375
2011-06-03,6560.51318359375
2011-06-07,6592.1298828125
2011-06-08,6524.943359375
2011-06-09,6445.90185546875
2011-06-10,6489.37451171875
2011-06-13,6406.38037109375
2011-06-14,6414.28515625
2011-06-15,6445.90185546875
2011-06-16,6398.47705078125
2011-06-17,6457.75732421875
2011-06-20,6430.091796875
2011-06-21,6501.23193359375
2011-06-22,6520.99267578125
2011-06-23,6520.99267578125
2011-06-24,6623.74755859375
2011-06-27,6568.41748046875
2011-06-28,6600.03466796875
2011-06-29,6607.93798828125
2011-06-30,6686.97998046875
2011-07-01,6651.41162109375
2011-07-04,6643.5068359375
2011-07-05,6738.35791015625
2011-07-06,6746.26318359375
2011-07-07,6730.4541015625
2011-07-08,6627.69873046875
2011-07-11,6675.1240234375
2011-07-12,6592.1298828125
2011-07-13,6572.36962890625
2011-07-14,6528.896484375
2011-07-15,6603.98583984375
2011-07-18,6588.17919921875
2011-07-19,6572.36962890625
2011-07-20,6647.45849609375
2011-07-21,6643.5068359375
2011-07-22,6659.31591796875
2011-07-25,6659.31591796875
2011-07-26,6726.50146484375
2011-07-27,6718.59765625
2011-07-28,6667.22216796875
2011-07-29,6686.97998046875
2011-08-01,6750.21533203125
2011-08-02,6675.1240234375
2011-08-03,6596.0830078125
2011-08-04,6631.65087890625
2011-08-05,6441.9501953125
2011-08-08,6323.3857421875
2011-08-09,5967.6962890625
2011-08-10,5971.64794921875
2011-08-11,6011.1689453125
2011-08-12,6125.77978515625
2011-08-16,6196.91796875
2011-08-17,6378.71630859375
2011-08-18,6568.41748046875
2011-08-19,6520.99267578125
2011-08-22,6517.0390625
2011-08-23,6457.75732421875
2011-08-24,6355.00341796875
2011-08-25,6343.14599609375
2011-08-26,6204.82177734375
2011-08-29,6260.15234375
2011-08-30,6323.3857421875
2011-08-31,6390.572265625
2011-09-01,6355.00341796875
2011-09-02,6355.00341796875
2011-09-05,6307.5771484375
2011-09-06,6260.15234375
2011-09-07,6315.48095703125
2011-09-08,6374.763671875
2011-09-09,6374.763671875
2011-09-14,6268.05615234375
2011-09-15,6323.3857421875
2011-09-16,6497.2783203125
2011-09-19,6358.955078125
2011-09-20,6382.66748046875
2011-09-21,6410.3330078125
2011-09-22,6327.33837890625
2011-09-23,6228.5341796875
2011-09-26,6200.8701171875
2011-09-27,6248.29638671875
2011-09-28,6272.00830078125
2011-09-29,6248.29638671875
2011-09-30,6272.00830078125
2011-10-04,6303.62451171875
2011-10-05,6378.71630859375
2011-10-06,6461.71044921875
2011-10-07,6406.38037109375
2011-10-10,6394.5244140625
2011-10-11,6358.955078125
2011-10-12,6291.76806640625
2011-10-13,6358.955078125
2011-10-14,6469.61279296875
2011-10-17,6631.65087890625
2011-10-18,6623.74755859375
2011-10-19,6706.7412109375
2011-10-20,6659.31591796875
2011-10-21,6552.60791015625
2011-10-24,6671.1728515625
2011-10-25,6722.5498046875
2011-10-26,6797.638671875
2011-10-27,6801.59228515625
2011-10-28,6671.1728515625
2011-10-31,6564.46484375
2011-11-01,6588.17919921875
2011-11-02,6572.36962890625
2011-11-03,6528.896484375
2011-11-04,6552.60791015625
2011-11-07,6572.36962890625
2011-11-08,6568.41748046875
2011-11-09,6576.32177734375
2011-11-10,6453.8056640625
2011-11-11,6445.90185546875
2011-11-14,6548.6572265625
2011-11-15,6513.08740234375
2011-11-16,6524.943359375
2011-11-17,6572.36962890625
2011-11-18,6532.84765625
2011-11-21,6532.84765625
2011-11-22,6513.08740234375
2011-11-23,6453.8056640625
2011-11-24,6520.99267578125
2011-11-28,6615.841796875
2011-11-29,6611.890625
2011-11-30,6607.93798828125
2011-12-01,6635.60205078125
2011-12-02,6615.841796875
2011-12-05,6663.2685546875
2011-12-06,6619.794921875
2011-12-07,6738.35791015625
2011-12-08,6809.49658203125
2011-12-09,6722.5498046875
2011-12-12,6766.0244140625
2011-12-13,6730.4541015625
2011-12-14,6742.3115234375
2011-12-15,6726.50146484375
2011-12-16,6750.21533203125
2011-12-19,6615.841796875
2011-12-20,6639.55517578125
2011-12-21,6746.26318359375
2011-12-22,6762.07080078125
2011-12-23,6837.16064453125
2011-12-26,6849.01806640625
2011-12-27,6766.0244140625
2011-12-28,6837.16064453125
2011-12-29,6805.54248046875
2012-01-02,6710.69287109375
2012-01-03,6809.49658203125
2012-01-04,6821.35302734375
2012-01-05,6833.20947265625
2012-01-06,6754.16650390625
2012-01-09,6679.0771484375
2012-01-10,6722.5498046875
2012-01-11,6600.03466796875
2012-01-12,6603.98583984375
2012-01-13,6600.03466796875
2012-01-16,6560.51318359375
2012-01-17,6588.17919921875
2012-01-18,6560.51318359375
2012-01-19,6592.1298828125
2012-01-20,6615.841796875
2012-01-25,6663.2685546875
2012-01-26,6698.83642578125
2012-01-27,6698.83642578125
2012-01-30,6675.1240234375
2012-01-31,6730.4541015625
2012-02-01,6671.1728515625
2012-02-02,6686.97998046875
2012-02-03,6584.2255859375
2012-02-06,6584.2255859375
2012-02-07,6596.0830078125
2012-02-08,6576.32177734375
2012-02-09,6461.71044921875
2012-02-10,6418.23681640625
2012-02-13,6449.853515625
2012-02-14,6414.28515625
2012-02-15,6418.23681640625
2012-02-16,6422.1884765625
2012-02-17,6465.66259765625
2012-02-20,6489.37451171875
2012-02-21,6493.3271484375
2012-02-22,6536.80078125
2012-02-23,6596.0830078125
2012-02-24,6615.841796875
2012-02-27,6600.03466796875
2012-02-28,6548.6572265625
2012-02-29,6556.56005859375
2012-03-02,6580.27294921875
2012-03-05,6544.70458984375
2012-03-06,6520.99267578125
2012-03-07,6501.23193359375
2012-03-08,6410.3330078125
2012-03-09,6473.56591796875
2012-03-12,6528.896484375
2012-03-13,6548.6572265625
2012-03-14,6552.60791015625
2012-03-15,6603.98583984375
2012-03-16,6611.890625
2012-03-19,6643.5068359375
2012-03-20,6607.93798828125
2012-03-21,6611.890625
2012-03-22,6639.55517578125
2012-03-23,6635.60205078125
2012-03-26,6631.65087890625
2012-03-27,6631.65087890625
2012-03-28,6655.36328125
2012-03-29,6647.45849609375
2012-03-30,6706.7412109375
2012-04-02,6643.5068359375
2012-04-03,6568.41748046875
2012-04-04,6568.41748046875
2012-04-05,6592.1298828125
2012-04-06,6576.32177734375
2012-04-09,6607.93798828125
2012-04-10,6615.841796875
2012-04-12,6552.60791015625
2012-04-13,6524.943359375
2012-04-16,6509.134765625
2012-04-17,6536.80078125
2012-04-18,6532.84765625
2012-04-19,6493.3271484375
2012-04-20,6532.84765625
2012-04-23,6548.6572265625
2012-04-24,6552.60791015625
2012-04-25,6576.32177734375
2012-04-26,6568.41748046875
2012-04-27,6536.02099609375
2012-04-30,6544.12060546875
2012-05-02,6548.16943359375
2012-05-03,6596.763671875
2012-05-04,6673.7060546875
2012-05-07,6681.80615234375
2012-05-08,6689.90380859375
2012-05-09,6714.201171875
2012-05-10,6677.75537109375
2012-05-11,6580.5654296875
2012-05-14,6536.02099609375
2012-05-16,6491.4755859375
2012-05-17,6463.1279296875
2012-05-18,6288.99755859375
2012-05-21,6337.59228515625
2012-05-22,6325.4423828125
2012-05-23,6353.7890625
2012-05-24,6288.99755859375
2012-05-25,6313.29345703125
2012-05-29,6345.6904296875
2012-05-30,6297.09619140625
2012-05-31,6394.28515625
2012-06-01,6410.48388671875
2012-06-04,6503.62353515625
2012-06-05,6536.02099609375
2012-06-07,6536.02099609375
2012-06-11,6515.77294921875
2012-06-12,6446.9296875
2012-06-13,6442.88037109375
2012-06-14,6523.87158203125
2012-06-15,6560.318359375
2012-06-18,6560.318359375
2012-06-19,6604.86328125
2012-06-20,6625.111328125
2012-06-21,6677.75537109375
2012-06-22,6645.359375
2012-06-25,6612.962890625
2012-06-26,6608.91357421875
2012-06-27,6617.0126953125
2012-06-28,6592.7138671875
2012-06-29,6681.80615234375
2012-07-02,6710.15234375
2012-07-03,6762.796875
2012-07-04,6738.49951171875
2012-07-05,6673.7060546875
2012-07-06,6702.05322265625
2012-07-09,6746.59912109375
2012-07-10,6819.49072265625
2012-07-11,6876.18505859375
2012-07-12,6851.88720703125
2012-07-13,6823.541015625
2012-07-16,6774.9453125
2012-07-17,6766.84619140625
2012-07-18,6795.19384765625
2012-07-19,6823.541015625
2012-07-20,6807.341796875
2012-07-23,6783.046875
2012-07-24,6876.18505859375
2012-07-25,6787.09423828125
2012-07-26,6774.9453125
2012-07-27,6783.046875
2012-07-30,6726.3515625
2012-07-31,6803.29248046875
2012-08-01,6859.98681640625
2012-08-02,6908.58203125
2012-08-03,6843.78857421875
2012-08-06,6851.88720703125
2012-08-07,6754.69775390625
2012-08-08,6803.29248046875
2012-08-09,6888.33349609375
2012-08-10,6884.28515625
2012-08-13,6924.77978515625
2012-08-14,7062.46484375
2012-08-16,7082.71484375
2012-08-17,7038.16845703125
2012-08-20,7127.25830078125
2012-08-21,7147.5068359375
2012-08-22,7131.30908203125
2012-08-23,7167.7548828125
2012-08-24,7192.05224609375
2012-08-27,7313.54052734375
2012-08-28,7289.240234375
2012-08-29,7236.59716796875
2012-08-30,7204.20068359375
2012-08-31,7236.59716796875
2012-09-03,7232.54931640625
2012-09-04,7192.05224609375
2012-09-05,7151.5556640625
2012-09-06,7171.80322265625
2012-09-07,7188.0029296875
2012-09-10,7143.4580078125
2012-09-11,7107.01025390625
2012-09-12,7240.64697265625
2012-09-13,7301.390625
2012-09-14,7285.19140625
2012-09-17,7244.69677734375
2012-09-18,7256.84765625
2012-09-19,7321.6376953125
2012-09-20,7321.6376953125
2012-09-21,7536.2666015625
2012-09-24,7548.4150390625
2012-09-25,7511.97021484375
2012-09-26,7503.86962890625
2012-09-27,7511.97021484375
2012-09-28,7560.5625
2012-10-02,7568.66259765625
2012-10-04,7576.7626953125
2012-10-05,7653.70361328125
2012-10-08,7653.70361328125
2012-10-09,7734.697265625
2012-10-10,7645.607421875
2012-10-11,7540.31689453125
2012-10-12,7702.298828125
2012-10-15,7831.88720703125
2012-10-16,7746.8447265625
2012-10-17,7783.2900390625
2012-10-18,7645.607421875
2012-10-19,7661.80322265625
2012-10-22,7746.8447265625
2012-10-23,7799.48779296875
2012-10-24,7965.5224609375
2012-10-25,7989.81982421875
2012-10-26,7864.28125
2012-10-29,7839.9853515625
2012-10-30,7807.5888671875
2012-10-31,7888.58154296875
2012-11-01,8018.1669921875
2012-11-02,7937.1767578125
2012-11-05,7973.62109375
2012-11-06,7945.27294921875
2012-11-07,7856.18115234375
2012-11-08,7860.23583984375
2012-11-09,7819.73876953125
2012-11-12,7908.830078125
2012-11-13,7892.630859375
2012-11-14,7949.32470703125
2012-11-15,7888.58154296875
2012-11-16,7888.58154296875
2012-11-19,7965.5224609375
2012-11-20,7937.1767578125
2012-11-21,7969.5712890625
2012-11-22,7969.5712890625
2012-11-23,7945.27294921875
2012-11-26,7937.1767578125
2012-11-27,7758.9921875
2012-11-28,7754.9443359375
2012-11-29,7722.546875
2012-11-30,7807.5888671875
2012-12-03,7835.9345703125
2012-12-04,7872.38134765625
2012-12-05,7868.33203125
2012-12-06,7742.79736328125
2012-12-07,7763.04345703125
2012-12-10,7771.14306640625
2012-12-11,7694.19970703125
2012-12-12,7690.1513671875
2012-12-13,7750.89306640625
2012-12-14,7767.091796875
2012-12-17,7844.03564453125
2012-12-18,7852.13427734375
2012-12-20,7916.92626953125
2012-12-21,7985.77099609375
2012-12-24,7872.38134765625
2012-12-26,7933.125
2012-12-27,7981.72119140625
2012-12-28,8087.0087890625
2013-01-02,8038.4169921875
2013-01-03,8030.3134765625
2013-01-04,8103.2060546875
2013-01-07,8168.00146484375
2013-01-08,8253.0439453125
2013-01-09,8220.6455078125
2013-01-10,8305.6865234375
2013-01-11,8297.5888671875
2013-01-14,8467.669921875
2013-01-15,8443.3720703125
2013-01-16,8358.33203125
2013-01-17,8325.93359375
2013-01-18,8415.025390625
2013-01-21,8410.9755859375
2013-01-22,8463.6220703125
2013-01-23,8309.7373046875
2013-01-24,8269.2412109375
2013-01-25,8293.537109375
2013-01-28,8261.1416015625
2013-01-29,8176.1005859375
2013-01-30,8163.95263671875
2013-01-31,8159.90087890625
2013-02-01,8155.853515625
2013-02-04,8204.44921875
2013-02-05,8236.8447265625
2013-02-06,8232.7939453125
2013-02-07,8248.9912109375
2013-02-08,8111.30517578125
2013-02-12,7977.67138671875
2013-02-13,8034.3642578125
2013-02-14,7993.86865234375
2013-02-15,8014.115234375
2013-02-18,8095.10791015625
2013-02-19,8163.95263671875
2013-02-20,8163.95263671875
2013-02-21,8119.40673828125
2013-02-22,8119.40673828125
2013-02-25,8123.45703125
2013-02-26,8095.10791015625
2013-02-27,8236.8447265625
2013-02-28,8277.337890625
2013-03-04,8329.984375
2013-03-05,8358.33203125
2013-03-06,8378.578125
2013-03-07,8362.380859375
2013-03-08,8378.578125
2013-03-11,8451.470703125
2013-03-12,8398.8271484375
2013-03-13,8390.7275390625
2013-03-14,8358.33203125
2013-03-18,8325.93359375
2013-03-19,8342.1328125
2013-03-20,8248.9912109375
2013-03-21,8082.96044921875
2013-03-22,8074.8603515625
2013-03-25,8095.10791015625
2013-03-26,8099.158203125
2013-03-27,8172.048828125
2013-03-28,8163.95263671875
2013-03-29,8329.984375
2013-04-01,8248.9912109375
2013-04-02,8289.48828125
2013-04-03,8354.283203125
2013-04-04,8313.787109375
2013-04-05,8240.8935546875
2013-04-08,8038.4169921875
2013-04-09,8082.96044921875
2013-04-10,8038.4169921875
2013-04-11,8188.2490234375
2013-04-12,8180.14697265625
2013-04-15,8220.6455078125
2013-04-16,8435.2734375
2013-04-17,8504.115234375
2013-04-18,8467.669921875
2013-04-19,8479.8173828125
2013-04-22,8560.8115234375
2013-04-23,8483.869140625
2013-04-24,8524.3642578125
2013-04-25,8406.9248046875
2013-04-26,8540.5625
2013-04-29,8627.4150390625
2013-04-30,8639.82421875
2013-05-02,8718.4072265625
2013-05-03,8776.3056640625
2013-05-06,8664.638671875
2013-05-07,8664.638671875
2013-05-08,8722.541015625
2013-05-09,8627.4150390625
2013-05-10,8552.970703125
2013-05-13,8598.46484375
2013-05-14,8610.8720703125
2013-05-15,8569.513671875
2013-05-16,8623.279296875
2013-05-20,8561.240234375
2013-05-21,8565.3798828125
2013-05-22,8544.69921875
2013-05-23,8573.6484375
2013-05-24,8495.06640625
2013-05-27,8540.5625
2013-05-28,8532.2919921875
2013-05-29,8424.7578125
2013-05-30,8321.3623046875
2013-05-31,8313.0908203125
2013-06-03,8143.51904296875
2013-06-04,8064.93701171875
2013-06-05,8007.03564453125
2013-06-07,8007.03564453125
2013-06-10,8189.013671875
2013-06-11,8255.1884765625
2013-06-12,8205.556640625
2013-06-13,8131.111328125
2013-06-14,8155.92822265625
2013-06-17,8147.65576171875
2013-06-18,8147.65576171875
2013-06-19,8052.53076171875
2013-06-20,7969.8134765625
2013-06-21,7746.47607421875
2013-06-24,7680.302734375
2013-06-25,7456.96484375
2013-06-26,7547.95556640625
2013-06-27,7692.7099609375
2013-06-28,7882.95947265625
2013-07-01,7820.92236328125
2013-07-02,7882.95947265625
2013-07-03,7887.09521484375
2013-07-04,7982.2197265625
2013-07-05,8077.34765625
2013-07-08,7973.94970703125
2013-07-09,7965.67529296875
2013-07-10,7969.8134765625
2013-07-11,8093.888671875
2013-07-12,8110.43408203125
2013-07-15,8098.0234375
2013-07-16,8056.66748046875
2013-07-17,8122.8388671875
2013-07-18,8151.7919921875
2013-07-19,8151.7919921875
2013-07-22,8155.92822265625
2013-07-23,8184.8759765625
2013-07-24,8184.8759765625
2013-07-25,8184.8759765625
2013-07-26,8201.419921875
2013-07-29,8246.9150390625
2013-07-30,8296.5478515625
2013-07-31,8350.3115234375
2013-08-01,8308.9541015625
2013-08-02,8321.3623046875
2013-08-05,8325.498046875
2013-08-06,8246.9150390625
2013-08-07,8180.744140625
2013-08-08,8180.744140625
2013-08-09,8176.6044921875
2013-08-12,8114.56689453125
2013-08-13,8110.43408203125
2013-08-14,8122.8388671875
2013-08-16,8114.56689453125
2013-08-19,8135.24755859375
2013-08-20,8023.5771484375
2013-08-21,7874.6884765625
2013-08-22,7791.97216796875
2013-08-23,7771.29052734375
2013-08-26,7837.46533203125
2013-08-27,7849.873046875
2013-08-28,7767.15478515625
2013-08-29,7916.0458984375
2013-08-30,7998.765625
2013-09-02,8002.8994140625
2013-09-03,8085.6162109375
2013-09-04,8027.7177734375
2013-09-05,8081.48046875
2013-09-06,8052.53076171875
2013-09-09,8081.48046875
2013-09-10,8064.93701171875
2013-09-11,8151.7919921875
2013-09-12,8259.322265625
2013-09-13,8226.23828125
2013-09-16,8131.111328125
2013-09-17,8135.24755859375
2013-09-23,8189.013671875
2013-09-24,8180.744140625
2013-09-25,8180.744140625
2013-09-26,8246.9150390625
2013-09-27,8217.96484375
2013-09-30,8296.5478515625
2013-10-01,8284.1376953125
2013-10-02,8251.05078125
2013-10-04,8226.23828125
2013-10-07,8246.9150390625
2013-10-08,8172.47119140625
2013-10-10,8114.56689453125
2013-10-11,8147.65576171875
2013-10-14,8160.06298828125
2013-10-15,8143.51904296875
2013-10-16,8135.24755859375
2013-10-17,8060.80322265625
2013-10-18,8098.0234375
2013-10-21,8209.6953125
2013-10-22,8271.73046875
2013-10-23,8267.5947265625
2013-10-24,8267.5947265625
2013-10-25,8313.0908203125
2013-10-28,8304.8193359375
2013-10-29,8259.322265625
2013-10-30,8267.5947265625
2013-10-31,8300.681640625
2013-11-01,8255.1884765625
2013-11-04,8230.37109375
2013-11-05,8147.65576171875
2013-11-06,8135.24755859375
2013-11-07,8052.53076171875
2013-11-08,8019.443359375
2013-11-11,8007.03564453125
2013-11-12,7998.765625
2013-11-13,8031.85009765625
2013-11-14,8064.93701171875
2013-11-15,8069.072265625
2013-11-18,8064.93701171875
2013-11-19,8114.56689453125
2013-11-20,8118.70556640625
2013-11-21,8031.85009765625
2013-11-22,8143.51904296875
2013-11-25,8230.37109375
2013-11-26,8151.7919921875
2013-11-27,8222.1015625
2013-11-28,8284.1376953125
2013-11-29,8300.681640625
2013-12-02,8304.8193359375
2013-12-03,8251.05078125
2013-12-04,8193.1484375
2013-12-05,8126.97802734375
2013-12-06,8085.6162109375
2013-12-09,8172.47119140625
2013-12-10,8160.06298828125
2013-12-11,8143.51904296875
2013-12-12,8151.7919921875
2013-12-13,8073.2109375
2013-12-16,8102.16015625
2013-12-17,8089.75439453125
2013-12-18,8168.33349609375
2013-12-19,8189.013671875
2013-12-20,8263.4619140625
2013-12-23,8280.00390625
2013-12-24,8412.3505859375
2013-12-26,8350.3115234375
2013-12-27,8437.1650390625
2013-12-30,8519.8818359375
2014-01-02,8453.708984375
2014-01-03,8350.3115234375
2014-01-06,8424.7578125
2014-01-07,8470.2529296875
2014-01-08,8524.015625
2014-01-09,8536.4287109375
2014-01-10,8478.5244140625
2014-01-13,8486.7978515625
2014-01-14,8428.8955078125
2014-01-15,8461.9814453125
2014-01-16,8552.970703125
2014-01-17,8478.5244140625
2014-01-20,8387.53515625
2014-01-21,8387.53515625
2014-01-22,8395.8076171875
2014-01-23,8358.583984375
2014-01-24,8242.779296875
2014-01-27,8155.92822265625
2014-01-28,8242.779296875
2014-01-29,8399.9423828125
2014-02-03,8354.4453125
2014-02-04,8255.1884765625
2014-02-05,8189.013671875
2014-02-06,8238.6455078125
2014-02-07,8329.6337890625
2014-02-10,8383.3994140625
2014-02-11,8321.3623046875
2014-02-12,8387.53515625
2014-02-13,8354.4453125
2014-02-14,8366.85546875
2014-02-17,8321.3623046875
2014-02-18,8329.6337890625
2014-02-19,8321.3623046875
2014-02-20,8325.498046875
2014-02-21,8366.85546875
2014-02-24,8275.8662109375
2014-02-25,8379.2666015625
2014-02-26,8408.21484375
2014-02-27,8486.7978515625
2014-02-28,8499.203125
2014-03-03,8453.708984375
2014-03-04,8424.7578125
2014-03-05,8395.8076171875
2014-03-06,8466.1181640625
2014-03-10,8416.486328125
2014-03-11,8486.7978515625
2014-03-12,8387.53515625
2014-03-13,8490.9326171875
2014-03-14,8437.1650390625
2014-03-17,8433.0302734375
2014-03-18,8561.240234375
2014-03-19,8478.5244140625
2014-03-20,8420.6201171875
2014-03-21,8391.671875
2014-03-24,8399.9423828125
2014-03-25,8420.6201171875
2014-03-26,8474.390625
2014-03-27,8515.748046875
2014-03-28,8486.7978515625
2014-03-31,8478.5244140625
2014-04-01,8453.708984375
2014-04-02,8424.7578125
2014-04-03,8354.4453125
2014-04-04,8350.3115234375
2014-04-07,8342.0400390625
2014-04-08,8375.12890625
2014-04-09,8581.921875
2014-04-10,8565.3798828125
2014-04-11,8577.78515625
2014-04-14,8598.46484375
2014-04-15,8635.6875
2014-04-16,8581.921875
2014-04-17,8602.599609375
2014-04-18,8590.1923828125
2014-04-21,8602.599609375
2014-04-22,8623.279296875
2014-04-23,8648.0947265625
2014-04-24,8615.0087890625
2014-04-25,8528.154296875
2014-04-28,8524.015625
2014-04-29,8557.6611328125
2014-04-30,8641.765625
2014-05-02,8755.306640625
2014-05-07,8755.306640625
2014-05-08,8683.8173828125
2014-05-09,8818.384765625
2014-05-12,8822.591796875
2014-05-13,8772.126953125
2014-05-14,8894.08203125
2014-05-15,8906.697265625
2014-05-16,8860.439453125
2014-05-19,8940.3388671875
2014-05-20,8919.310546875
2014-05-21,8902.48828125
2014-05-22,8940.3388671875
2014-05-23,8902.48828125
2014-05-26,8944.54296875
2014-05-27,8923.515625
2014-05-28,8915.1064453125
2014-05-29,8772.126953125
2014-05-30,8772.126953125
2014-06-02,8814.181640625
2014-06-03,8730.076171875
2014-06-05,8709.048828125
2014-06-09,8730.076171875
2014-06-10,8683.8173828125
2014-06-11,8725.8720703125
2014-06-12,8826.7958984375
2014-06-13,8776.33203125
2014-06-16,8734.28125
2014-06-17,8700.638671875
2014-06-18,8713.251953125
2014-06-19,8944.54296875
2014-06-20,8885.66796875
2014-06-23,8856.232421875
2014-06-24,8906.697265625
2014-06-25,8902.48828125
2014-06-26,8847.8212890625
2014-06-27,8847.8212890625
2014-06-30,8919.310546875
2014-07-01,8999.2109375
2014-07-02,9041.265625
2014-07-03,9032.8544921875
2014-07-04,9083.3154296875
2014-07-07,9070.7001953125
2014-07-08,9062.2880859375
2014-07-09,9049.6728515625
2014-07-10,9104.3427734375
2014-07-11,9083.3154296875
2014-07-14,9112.751953125
2014-07-15,9116.9580078125
2014-07-16,9041.265625
2014-07-17,9049.6728515625
2014-07-18,9070.7001953125
2014-07-21,9133.7802734375
2014-07-22,9167.419921875
2014-07-23,9180.0361328125
2014-07-24,9074.9033203125
2014-07-25,9091.7255859375
2014-07-28,9268.34765625
2014-07-29,9285.1669921875
2014-07-30,9550.0966796875
2014-07-31,9604.765625
2014-08-01,9718.306640625
2014-08-04,9722.5126953125
2014-08-05,9709.89453125
2014-08-06,9802.4111328125
2014-08-07,9802.4111328125
2014-08-08,9781.3857421875
2014-08-11,9735.1279296875
2014-08-12,9638.4052734375
2014-08-13,9882.3115234375
2014-08-14,9819.2314453125
2014-08-18,9878.10546875
2014-08-19,10021.0849609375
2014-08-20,9958.005859375
2014-08-21,9865.490234375
2014-08-22,9915.953125
2014-08-25,10092.5712890625
2014-08-26,10100.9833984375
2014-08-27,10096.7783203125
2014-08-28,10105.189453125
2014-08-29,10008.466796875
2014-09-01,10029.4951171875
2014-09-02,10109.392578125
2014-09-03,10239.7548828125
2014-09-04,10239.7548828125
2014-09-05,10155.650390625
2014-09-11,10016.87890625
2014-09-12,10063.13671875
2014-09-15,10138.8310546875
2014-09-16,10172.4697265625
2014-09-17,10222.9365234375
2014-09-18,10323.8603515625
2014-09-19,10399.556640625
2014-09-22,10399.556640625
2014-09-23,10433.1982421875
2014-09-24,10496.2763671875
2014-09-25,10475.2490234375
2014-09-26,10437.4033203125
2014-09-29,10508.892578125
2014-09-30,10475.2490234375
2014-10-01,10508.892578125
2014-10-02,10483.6611328125
2014-10-06,10210.3212890625
2014-10-07,10227.138671875
2014-10-08,10311.2470703125
2014-10-10,10218.728515625
2014-10-13,10113.6005859375
2014-10-14,9953.8017578125
2014-10-15,10008.466796875
2014-10-16,10168.2666015625
2014-10-17,9941.1865234375
2014-10-20,10025.2919921875
2014-10-21,10201.908203125
2014-10-22,10248.1689453125
2014-10-23,10277.6025390625
2014-10-24,10176.6767578125
2014-10-27,10239.7548828125
2014-10-28,10277.6025390625
2014-10-29,10193.4990234375
2014-10-30,10172.4697265625
2014-10-31,10122.0107421875
2014-11-03,10239.7548828125
2014-11-04,10248.1689453125
2014-11-05,10357.5009765625
2014-11-06,10113.6005859375
2014-11-07,10130.423828125
2014-11-10,9949.595703125
2014-11-11,10122.0107421875
2014-11-12,9962.2099609375
2014-11-13,9941.1865234375
2014-11-14,9928.568359375
2014-11-17,9789.7958984375
2014-11-18,10088.3671875
2014-11-19,10189.29296875
2014-11-20,10147.2392578125
2014-11-21,10180.8818359375
2014-11-24,10021.0849609375
2014-11-25,10168.2666015625
2014-11-26,10210.3212890625
2014-11-27,10134.6240234375
2014-11-28,10260.783203125
2014-12-01,10193.4990234375
2014-12-02,10138.8310546875
2014-12-03,10147.2392578125
2014-12-04,10180.8818359375
2014-12-05,10117.8046875
2014-12-08,9974.826171875
2014-12-09,9974.826171875
2014-12-10,9932.775390625
2014-12-11,9722.5126953125
2014-12-12,9836.0546875
2014-12-15,9638.4052734375
2014-12-16,9629.9951171875
2014-12-17,9705.6923828125
2014-12-18,9638.4052734375
2014-12-19,9777.1796875
2014-12-22,9848.6728515625
2014-12-23,9865.490234375
2014-12-24,9806.6171875
2014-12-26,9772.9736328125
2014-12-29,9785.59375
2014-12-30,9714.1025390625
2015-01-02,9810.8203125
2015-01-05,9819.2314453125
2015-01-06,9718.306640625
2015-01-07,9667.845703125
2015-01-08,9642.6123046875
2015-01-09,9663.63671875
2015-01-12,9743.5390625
2015-01-13,9751.9501953125
2015-01-14,9646.8193359375
2015-01-15,9756.1533203125
2015-01-16,9705.6923828125
2015-01-19,9701.486328125
2015-01-20,9911.7451171875
2015-01-21,9928.568359375
2015-01-22,10033.7001953125
2015-01-23,10134.6240234375
2015-01-26,10197.7060546875
2015-01-27,10197.7060546875
2015-01-28,10235.5517578125
2015-01-29,10218.728515625
2015-01-30,10319.6552734375
2015-02-02,10252.3720703125
2015-02-03,10243.9619140625
2015-02-04,10277.6025390625
2015-02-05,10264.986328125
2015-02-06,10294.42578125
2015-02-09,10286.0126953125
2015-02-10,10260.783203125
2015-02-11,10349.0927734375
2015-02-12,10454.2236328125
2015-02-13,10622.4345703125
2015-02-16,10550.943359375
2015-02-17,10521.505859375
2015-02-23,10618.2275390625
2015-02-24,10656.07421875
2015-02-25,10601.40625
2015-02-26,10487.8662109375
2015-02-27,10458.427734375
2015-03-02,10349.0927734375
2015-03-03,10357.5009765625
2015-03-04,10370.1181640625
2015-03-05,10361.7099609375
2015-03-06,10428.9912109375
2015-03-09,10332.2705078125
2015-03-10,10197.7060546875
2015-03-11,10164.0625
2015-03-12,10122.0107421875
2015-03-13,10370.1181640625
2015-03-16,10504.685546875
2015-03-17,10681.3046875
2015-03-18,10727.564453125
2015-03-19,10958.8525390625
2015-03-20,10933.619140625
2015-03-23,10836.8974609375
2015-03-24,10988.2900390625
2015-03-25,11173.3203125
2015-03-26,11101.8291015625
2015-03-27,11089.2138671875
2015-03-30,11160.7041015625
2015-03-31,11181.728515625
2015-04-01,11215.3720703125
2015-04-02,11202.7548828125
2015-04-03,11190.142578125
2015-04-06,11143.880859375
2015-04-07,11127.0634765625
2015-04-08,11101.8291015625
2015-04-09,11059.77734375
2015-04-10,11341.529296875
2015-04-13,11324.7099609375
2015-04-14,11244.8076171875
2015-04-15,11396.1953125
2015-04-16,11656.923828125
2015-04-17,11926.056640625
2015-04-20,11892.416015625
2015-04-21,11875.595703125
2015-04-22,11812.5166015625
2015-04-23,11926.056640625
2015-04-24,11959.6982421875
2015-04-27,12077.4453125
2015-04-28,12035.39453125
2015-04-29,11971.7138671875
2015-04-30,11895.2958984375
2015-05-04,11963.22265625
2015-05-06,11806.1484375
2015-05-07,11725.4873046875
2015-05-08,11678.7890625
2015-05-11,11848.6015625
2015-05-12,11852.8486328125
2015-05-13,11958.9765625
2015-05-14,12031.1494140625
2015-05-15,12086.3388671875
2015-05-18,12391.99609375
2015-05-19,12336.8095703125
2015-05-20,12532.0927734375
2015-05-21,12549.072265625
2015-05-22,12468.4130859375
2015-05-26,12349.5439453125
2015-05-27,12111.80859375
2015-05-28,12103.318359375
2015-05-29,12022.658203125
2015-06-01,11980.205078125
2015-06-02,11797.65625
2015-06-03,11759.44921875
2015-06-04,11746.7138671875
2015-06-05,11733.9765625
2015-06-08,11784.9208984375
2015-06-09,11899.546875
2015-06-10,11755.205078125
2015-06-11,11759.44921875
2015-06-12,11767.94140625
2015-06-15,11733.9765625
2015-06-16,11827.376953125
2015-06-17,11767.94140625
2015-06-18,11992.9404296875
2015-06-19,12031.1494140625
2015-06-22,11937.7509765625
2015-06-23,12005.6767578125
2015-06-24,12137.279296875
2015-06-25,12268.88671875
2015-06-26,12251.904296875
2015-06-29,12196.71484375
2015-06-30,12277.3740234375
2015-07-01,12362.2802734375
2015-07-02,12523.6015625
2015-07-03,12625.48828125
2015-07-06,12438.6962890625
2015-07-07,12043.8857421875
2015-07-08,11988.6953125
2015-07-09,12175.486328125
2015-07-10,12209.44921875
2015-07-13,12451.431640625
2015-07-14,12600.017578125
2015-07-15,12633.9775390625
2015-07-16,12515.1103515625
2015-07-17,12532.0927734375
2015-07-20,12689.16796875
2015-07-21,12574.5458984375
2015-07-22,12400.4892578125
2015-07-23,12625.48828125
2015-07-24,12489.6396484375
2015-07-27,12472.6572265625
2015-07-28,12663.6982421875
2015-07-29,12519.357421875
2015-07-30,12417.46875
2015-07-31,12638.22265625
2015-08-03,12714.640625
2015-08-04,12718.8857421875
2015-08-05,12799.544921875
2015-08-06,12727.375
2015-08-07,12846.2431640625
2015-08-10,12948.1318359375
2015-08-11,12646.712890625
2015-08-12,12442.9404296875
2015-08-13,12400.4892578125
2015-08-17,12421.7138671875
2015-08-18,12192.4677734375
2015-08-19,12073.6025390625
2015-08-20,12124.544921875
2015-08-21,11984.4501953125
2015-08-24,11585.3935546875
2015-08-25,11555.6767578125
2015-08-26,11984.4501953125
2015-08-27,12183.9775390625
2015-08-28,12183.9775390625
2015-08-31,12137.279296875
2015-09-01,11950.48828125
2015-09-02,11954.732421875
2015-09-03,11861.3369140625
2015-09-04,11551.4287109375
2015-09-07,11589.640625
2015-09-08,11445.2978515625
2015-09-09,11793.412109375
2015-09-10,12060.8671875
2015-09-11,11844.3544921875
2015-09-14,11844.3544921875
2015-09-15,11912.279296875
2015-09-16,11958.9765625
2015-09-17,11920.7705078125
2015-09-18,12141.5263671875
2015-09-21,12065.111328125
2015-09-22,12290.111328125
2015-09-23,12103.318359375
2015-09-24,12133.03515625
2015-09-30,12243.4140625
2015-10-01,12294.3564453125
2015-10-02,12277.3740234375
2015-10-05,12387.751953125
2015-10-06,12468.4130859375
2015-10-07,12162.7509765625
2015-10-08,12150.0166015625
2015-10-12,12056.6201171875
2015-10-13,11984.4501953125
2015-10-14,12043.8857421875
2015-10-15,12124.544921875
2015-10-16,12251.904296875
2015-10-19,12268.88671875
2015-10-20,12307.0927734375
2015-10-21,12285.8642578125
2015-10-22,12150.0166015625
2015-10-23,12285.8642578125
2015-10-26,12413.2236328125
2015-10-27,12366.5263671875
2015-10-28,12421.7138671875
2015-10-29,12273.12890625
2015-10-30,12179.7314453125
2015-11-02,12133.03515625
2015-11-03,12226.431640625
2015-11-04,12294.3564453125
2015-11-05,12273.12890625
2015-11-06,12353.79296875
2015-11-09,12260.3935546875
2015-11-10,12026.904296875
2015-11-11,12103.318359375
2015-11-12,12060.8671875
2015-11-13,12018.412109375
2015-11-16,12039.640625
2015-11-17,12179.7314453125
2015-11-18,12060.8671875
2015-11-19,12260.3935546875
2015-11-20,12256.150390625
2015-11-23,12438.6962890625
2015-11-24,12472.6572265625
2015-11-25,12391.99609375
2015-11-26,12464.16796875
2015-11-27,12523.6015625
2015-11-30,12387.751953125
2015-12-01,12515.1103515625
2015-12-02,12476.904296875
2015-12-03,12375.0166015625
2015-12-04,12213.6953125
2015-12-07,12192.4677734375
2015-12-08,12128.787109375
2015-12-09,12150.0166015625
2015-12-10,12069.357421875
2015-12-11,12073.6025390625
2015-12-14,12014.16796875
2015-12-15,11954.732421875
2015-12-16,12141.5263671875
2015-12-17,12243.4140625
2015-12-18,12256.150390625
2015-12-21,12324.0732421875
2015-12-22,12341.052734375
2015-12-23,12413.2236328125
2015-12-24,12353.79296875
2015-12-28,12273.12890625
2015-12-29,12464.16796875
2015-12-30,12464.16796875
2016-01-04,12332.564453125
2016-01-05,12408.978515625
2016-01-06,12595.7724609375
2016-01-07,12532.0927734375
2016-01-08,12667.9423828125
2016-01-11,12498.1298828125
2016-01-12,12519.357421875
2016-01-13,12693.4150390625
2016-01-14,12527.8486328125
2016-01-15,12396.2412109375
2016-01-18,12379.259765625
2016-01-19,12430.2041015625
2016-01-20,12383.5078125
2016-01-21,12260.3935546875
2016-01-22,12260.3935546875
2016-01-25,12341.052734375
2016-01-26,12396.2412109375
2016-01-27,12387.751953125
2016-01-28,12519.357421875
2016-01-29,12642.46875
2016-02-01,12820.7734375
2016-02-02,12646.712890625
2016-02-03,12642.46875
2016-02-04,12663.6982421875
2016-02-05,12489.6396484375
2016-02-11,12290.111328125
2016-02-12,11895.2958984375
2016-02-15,11925.015625
2016-02-16,11980.205078125
2016-02-17,11700.015625
2016-02-18,11988.6953125
2016-02-19,12103.318359375
2016-02-22,12192.4677734375
2016-02-23,12039.640625
2016-02-24,11992.9404296875
2016-02-25,12256.150390625
2016-02-26,12302.8486328125
2016-02-29,12260.3935546875
2016-03-02,12442.9404296875
2016-03-03,12358.0341796875
2016-03-04,12264.6396484375
2016-03-07,12124.544921875
2016-03-08,11992.9404296875
2016-03-09,12217.9404296875
2016-03-10,12264.6396484375
2016-03-11,12256.150390625
2016-03-14,12294.3564453125
2016-03-15,12345.2998046875
2016-03-16,12544.8291015625
2016-03-17,12544.8291015625
2016-03-18,12519.357421875
2016-03-21,12442.9404296875
2016-03-22,12349.5439453125
2016-03-23,12345.2998046875
2016-03-24,12404.732421875
2016-03-25,12447.185546875
2016-03-28,12396.2412109375
2016-03-29,12430.2041015625
2016-03-30,12442.9404296875
2016-03-31,12379.259765625
2016-04-01,12455.677734375
2016-04-04,12459.9208984375
2016-04-05,12430.2041015625
2016-04-06,12489.6396484375
2016-04-07,12485.39453125
2016-04-08,12578.791015625
2016-04-11,12408.978515625
2016-04-12,12404.732421875
2016-04-14,12472.6572265625
2016-04-15,12536.337890625
2016-04-18,12638.22265625
2016-04-19,12570.3017578125
2016-04-20,12566.0546875
2016-04-21,12680.6787109375
2016-04-22,12778.318359375
2016-04-25,12740.1123046875
2016-04-26,12825.0166015625
2016-04-27,12871.71484375
2016-04-28,12828.4638671875
2016-04-29,12785.2109375
2016-05-02,12824.1396484375
2016-05-03,12953.8935546875
2016-05-04,12932.2685546875
2016-05-09,13174.4755859375
2016-05-10,13217.728515625
2016-05-11,13087.9736328125
2016-05-12,13122.5751953125
2016-05-13,13170.1513671875
2016-05-16,13183.1279296875
2016-05-17,13191.7783203125
2016-05-18,13074.9990234375
2016-05-19,12958.21875
2016-05-20,12971.193359375
2016-05-23,13036.072265625
2016-05-24,13005.7978515625
2016-05-25,13118.25
2016-05-26,13001.4677734375
2016-05-27,13066.34765625
2016-05-30,13161.501953125
2016-05-31,13200.427734375
2016-06-01,13122.5751953125
2016-06-02,13135.5478515625
2016-06-03,13170.1513671875
2016-06-07,13209.0791015625
2016-06-08,13334.509765625
2016-06-09,13338.833984375
2016-06-10,13230.703125
2016-06-13,13023.09765625
2016-06-14,13023.09765625
2016-06-15,12906.31640625
2016-06-16,12759.2607421875
2016-06-17,12720.3349609375
2016-06-20,12871.7138671875
2016-06-21,12945.2421875
2016-06-22,12936.591796875
2016-06-23,12863.064453125
2016-06-24,12586.2568359375
2016-06-27,12685.732421875
2016-06-28,12966.8681640625
2016-06-29,13144.2021484375
2016-06-30,13152.849609375
2016-07-01,13165.826171875
2016-07-04,13178.8017578125
2016-07-05,13139.8740234375
2016-07-06,13113.923828125
2016-07-07,13183.1279296875
2016-07-08,13057.6962890625
2016-07-11,13027.4208984375
2016-07-12,13014.4443359375
2016-07-13,12975.5185546875
2016-07-14,12949.5673828125
2016-07-15,12997.146484375
2016-07-18,13031.748046875
2016-07-19,12988.494140625
2016-07-20,12975.5185546875
2016-07-21,12863.064453125
2016-07-22,12914.96484375
2016-07-25,12819.814453125
2016-07-26,12958.21875
2016-07-27,12754.9365234375
2016-07-28,12741.9599609375
2016-07-29,12607.8798828125
2016-08-01,12452.1708984375
2016-08-02,12504.07421875
2016-08-03,12456.4970703125
2016-08-04,12439.197265625
2016-08-05,12261.8662109375
2016-08-08,12452.1708984375
2016-08-09,12482.4501953125
2016-08-10,12707.357421875
2016-08-11,12603.5556640625
2016-08-12,12564.62890625
2016-08-16,12633.8310546875
2016-08-17,12478.125
2016-08-18,12352.6943359375
2016-08-19,12214.2890625
2016-08-22,12062.9072265625
2016-08-23,12235.9150390625
2016-08-24,12192.662109375
2016-08-25,12171.03515625
2016-08-26,12244.5654296875
2016-08-29,12196.9873046875
2016-08-30,12175.36328125
2016-08-31,12093.1845703125
2016-09-01,12106.158203125
2016-09-02,12192.662109375
2016-09-05,12274.83984375
2016-09-06,12201.3154296875
2016-09-07,12149.4111328125
2016-09-08,12235.9150390625
2016-09-09,12153.736328125
2016-09-12,12093.1845703125
2016-09-13,11998.0302734375
2016-09-19,12058.5830078125
2016-09-20,12158.060546875
2016-09-21,12188.3369140625
2016-09-22,12348.369140625
2016-09-23,12426.2236328125
2016-09-26,12439.197265625
2016-09-27,12547.328125
2016-09-28,12508.3994140625
2016-09-29,12452.1708984375
2016-09-30,12222.939453125
2016-10-04,12188.3369140625
2016-10-05,12041.28125
2016-10-06,11872.599609375
2016-10-07,11556.8603515625
2016-10-10,11682.2939453125
2016-10-11,11647.6923828125
2016-10-12,11751.49609375
2016-10-13,11621.7392578125
2016-10-14,11600.115234375
2016-10-17,11574.1630859375
2016-10-18,11647.6923828125
2016-10-19,11565.5146484375
2016-10-20,11509.28515625
2016-10-21,11461.7080078125
2016-10-24,11561.189453125
2016-10-25,11280.0517578125
2016-10-26,11297.3525390625
2016-10-27,11427.109375
2016-10-28,11228.1494140625
2016-10-31,11089.7451171875
2016-11-01,11120.0205078125
2016-11-02,10959.9873046875
2016-11-03,11102.720703125
2016-11-04,11085.419921875
2016-11-07,11050.81640625
2016-11-08,11102.720703125
2016-11-09,10990.2646484375
2016-11-10,11245.4501953125
2016-11-11,11046.4912109375
2016-11-14,10977.2900390625
2016-11-15,10994.58984375
2016-11-16,10985.9384765625
2016-11-17,10899.435546875
2016-11-18,10873.484375
2016-11-21,10704.802734375
2016-11-22,10700.4794921875
2016-11-23,10626.9521484375
2016-11-24,10531.7978515625
2016-11-25,10588.0234375
2016-11-28,10583.697265625
2016-11-29,10782.658203125
2016-11-30,10726.427734375
2016-12-01,10613.9736328125
2016-12-02,10475.5693359375
2016-12-05,10445.2919921875
2016-12-06,10536.1201171875
2016-12-07,10462.59375
2016-12-08,10540.447265625
2016-12-09,10683.177734375
2016-12-12,10691.8271484375
2016-12-13,10791.306640625
2016-12-14,10843.208984375
2016-12-15,10899.435546875
2016-12-16,10834.55859375
2016-12-19,10786.9833984375
2016-12-20,10774.0048828125
2016-12-21,10726.427734375
2016-12-22,10709.12890625
2016-12-23,10799.955078125
2016-12-26,10851.859375
2016-12-27,10834.55859375
2016-12-28,10925.388671875
2016-12-29,10851.859375
2017-01-02,10683.177734375
2017-01-03,10665.8779296875
2017-01-04,10665.8779296875
2017-01-05,10774.0048828125
2017-01-06,10791.306640625
2017-01-09,10596.67578125
2017-01-10,10557.7451171875
2017-01-11,10618.298828125
2017-01-12,10670.2001953125
2017-01-13,10825.908203125
2017-01-16,10856.18359375
2017-01-17,10821.583984375
2017-01-18,10756.7060546875
2017-01-19,10748.0537109375
2017-01-20,10830.2333984375
2017-01-23,10808.609375
2017-01-24,10834.55859375
2017-01-25,10713.455078125
2017-01-26,10713.455078125
2017-01-31,10730.7548828125
2017-02-01,10726.427734375
2017-02-02,10557.7451171875
2017-02-03,10644.251953125
2017-02-06,10722.103515625
2017-02-07,10791.306640625
2017-02-08,10683.177734375
2017-02-09,10618.298828125
2017-02-10,10674.5263671875
2017-02-13,10799.955078125
2017-02-14,10795.630859375
2017-02-15,10869.16015625
2017-02-16,10825.908203125
2017-02-17,10821.583984375
2017-02-20,10860.5087890625
2017-02-21,10882.1357421875
2017-02-22,10925.388671875
2017-02-23,10955.6630859375
2017-02-24,11163.2705078125
2017-02-27,11167.59765625
2017-02-28,11128.6708984375
2017-03-02,10947.0126953125
2017-03-03,10700.4794921875
2017-03-06,10665.8779296875
2017-03-07,10691.8271484375
2017-03-08,10769.6806640625
2017-03-09,10847.533203125
2017-03-10,10851.859375
2017-03-13,10925.388671875
2017-03-14,10912.41015625
2017-03-15,10964.3134765625
2017-03-16,10895.1103515625
2017-03-17,10968.638671875
2017-03-20,10951.3388671875
2017-03-21,10951.3388671875
2017-03-22,11037.841796875
2017-03-23,11089.7451171875
2017-03-24,11180.5712890625
2017-03-27,11236.7978515625
2017-03-28,11236.7978515625
2017-03-29,11150.2939453125
2017-03-30,11094.0673828125
2017-03-31,11059.466796875
2017-04-03,11202.197265625
2017-04-04,11202.197265625
2017-04-05,11120.0205078125
2017-04-06,11137.3203125
2017-04-07,11128.6708984375
2017-04-10,11033.515625
2017-04-11,10955.6630859375
2017-04-12,10869.16015625
2017-04-13,11029.1943359375
2017-04-14,10972.9638671875
2017-04-17,11132.9951171875
2017-04-18,11167.59765625
2017-04-19,11258.42578125
2017-04-20,11431.4326171875
2017-04-21,11496.30859375
2017-04-24,11470.357421875
2017-04-25,11349.25390625
2017-04-26,11318.978515625
2017-04-27,11296.9580078125
2017-04-28,11310.1708984375
2017-05-02,11261.720703125
2017-05-04,11420.275390625
2017-05-08,11737.3828125
2017-05-10,11768.212890625
2017-05-11,11882.724609375
2017-05-12,11737.3828125
2017-05-15,11750.59765625
2017-05-16,11715.361328125
2017-05-17,11816.6611328125
2017-05-18,11737.3828125
2017-05-19,11838.6826171875
2017-05-22,11873.9150390625
2017-05-23,11882.724609375
2017-05-24,12019.2568359375
2017-05-25,12050.0869140625
2017-05-26,12116.1513671875
2017-05-29,12058.8935546875
2017-05-30,12089.7255859375
2017-05-31,12239.4697265625
2017-06-01,12217.451171875
2017-06-02,12265.8955078125
2017-06-05,12239.4697265625
2017-06-07,12164.59765625
2017-06-08,12318.7451171875
2017-06-09,12164.59765625
2017-06-12,12072.107421875
2017-06-13,12142.5771484375
2017-06-14,12102.9365234375
2017-06-15,12054.490234375
2017-06-16,12028.06640625
2017-06-19,11961.9990234375
2017-06-20,11865.107421875
2017-06-21,11904.74609375
2017-06-22,11997.2353515625
2017-06-23,11966.40625
2017-06-26,11970.8115234375
2017-06-27,12019.2568359375
2017-06-28,11944.384765625
2017-06-29,11865.107421875
2017-06-30,11900.3408203125
2017-07-03,11957.59765625
2017-07-04,11878.3212890625
2017-07-05,11843.0849609375
2017-07-06,11772.619140625
2017-07-07,11688.9365234375
2017-07-10,11592.04296875
2017-07-11,11614.0625
2017-07-12,11543.5966796875
2017-07-13,11530.3818359375
2017-07-14,11578.83203125
2017-07-17,11609.658203125
2017-07-18,11622.8720703125
2017-07-19,11759.404296875
2017-07-20,11759.404296875
2017-07-21,11799.044921875
2017-07-24,11957.59765625
2017-07-25,11975.2138671875
2017-07-26,12032.46875
2017-07-27,12076.51171875
2017-07-28,12063.3017578125
2017-07-31,11900.3408203125
2017-08-01,11895.9365234375
2017-08-02,11948.7880859375
2017-08-03,11816.6611328125
2017-08-04,11737.3828125
2017-08-07,11763.8095703125
2017-08-08,11688.9365234375
2017-08-09,11671.3173828125
2017-08-10,11680.126953125
2017-08-11,11578.83203125
2017-08-14,11561.212890625
2017-08-16,11600.8515625
2017-08-17,11570.021484375
2017-08-18,11578.83203125
2017-08-21,11495.1494140625
2017-08-22,11503.9580078125
2017-08-23,11490.7431640625
2017-08-24,11622.8720703125
2017-08-25,11600.8515625
2017-08-28,11684.53125
2017-08-29,11609.658203125
2017-08-30,11644.8955078125
2017-08-31,11517.1708984375
2017-09-01,11477.5302734375
2017-09-04,11314.5732421875
2017-09-05,11217.6806640625
2017-09-06,11129.5927734375
2017-09-07,11230.8935546875
2017-09-08,11081.1474609375
2017-09-11,11045.9130859375
2017-09-12,11085.5517578125
2017-09-13,10993.060546875
2017-09-14,11028.2958984375
2017-09-15,11138.40234375
2017-09-18,11045.9130859375
2017-09-19,11037.10546875
2017-09-20,11054.720703125
2017-09-21,11059.126953125
2017-09-25,10733.208984375
2017-09-26,10830.1025390625
2017-09-27,10869.7431640625
2017-09-28,10944.61328125
2017-09-29,11072.33984375
2017-10-10,11164.8251953125
2017-10-11,11085.5517578125
2017-10-12,11213.2744140625
2017-10-13,11464.318359375
2017-10-16,11644.8955078125
2017-10-17,11649.2978515625
2017-10-18,11636.0859375
2017-10-19,11684.53125
2017-10-20,11675.7236328125
2017-10-23,11592.04296875
2017-10-24,11741.7900390625
2017-10-25,11728.57421875
2017-10-26,11825.470703125
2017-10-27,11781.4267578125
2017-10-30,11799.044921875
2017-10-31,11803.447265625
2017-11-01,11781.4267578125
2017-11-02,11746.193359375
2017-11-03,11975.2138671875
2017-11-06,12028.06640625
2017-11-07,11992.8330078125
2017-11-08,12102.9365234375
2017-11-09,12116.1513671875
2017-11-10,12041.2783203125
2017-11-13,12107.341796875
2017-11-14,12102.9365234375
2017-11-15,12208.6416015625
2017-11-16,12199.83203125
2017-11-17,12182.21484375
2017-11-20,12287.91796875
2017-11-21,12301.1298828125
2017-11-22,12204.2353515625
2017-11-23,12265.8955078125
2017-11-24,12279.1083984375
2017-11-27,12389.21484375
2017-11-28,12376.0029296875
2017-11-29,12402.4287109375
2017-11-30,12296.7265625
2017-12-01,12358.3857421875
2017-12-04,12490.513671875
2017-12-05,12600.62109375
2017-12-06,12420.0458984375
2017-12-07,12270.3017578125
2017-12-08,12076.51171875
2017-12-11,12327.5546875
2017-12-12,12146.978515625
2017-12-13,12398.0234375
2017-12-14,12411.2373046875
2017-12-15,12486.109375
2017-12-18,12472.8955078125
2017-12-19,12353.9814453125
2017-12-21,12208.6416015625
2017-12-22,12279.1083984375
2017-12-26,12314.3427734375
2017-12-27,12415.6396484375
2017-12-28,12468.4912109375
2018-01-02,12530.154296875
2018-01-03,12446.46875
2018-01-04,12261.4931640625
2018-01-05,12287.91796875
2018-01-08,12345.171875
2018-01-09,12424.44921875
2018-01-10,12556.578125
2018-01-11,12596.216796875
2018-01-12,12578.59765625
2018-01-15,12605.025390625
2018-01-16,12596.216796875
2018-01-17,12547.76953125
2018-01-18,12609.427734375
2018-01-19,12622.6416015625
2018-01-22,12587.40625
2018-01-23,12640.2578125
2018-01-24,12587.40625
2018-01-25,12565.3857421875
2018-01-26,12737.15234375
2018-01-29,12803.2158203125
2018-01-30,12763.5791015625
2018-01-31,12644.6630859375
2018-02-01,12609.427734375
2018-02-02,12486.109375
2018-02-06,12151.3857421875
2018-02-07,11865.107421875
2018-02-08,11869.5107421875
2018-02-09,11719.7666015625
2018-02-12,11710.9560546875
2018-02-13,11653.703125
2018-02-14,11653.703125
2018-02-19,11728.57421875
2018-02-20,11715.361328125
2018-02-21,11843.0849609375
2018-02-22,11807.853515625
2018-02-23,11922.3623046875
2018-02-26,11953.1904296875
2018-02-27,11869.5107421875
2018-02-28,11693.3427734375
2018-03-06,11499.552734375
2018-03-07,11429.083984375
2018-03-08,11534.787109375
2018-03-09,11552.404296875
2018-03-12,11627.2763671875
2018-03-13,11503.9580078125
2018-03-14,11393.8505859375
2018-03-15,11600.8515625
2018-03-16,11631.6806640625
2018-03-19,11517.1708984375
2018-03-20,11530.3818359375
2018-03-21,11477.5302734375
2018-03-22,11433.4873046875
2018-03-23,11182.4462890625
2018-03-26,11244.1044921875
2018-03-27,11323.3837890625
2018-03-28,11230.8935546875
2018-03-29,11517.1708984375
2018-03-30,11561.212890625
2018-04-02,11684.53125
2018-04-03,11829.8740234375
2018-04-04,11755.001953125
2018-04-05,11702.150390625
2018-04-06,11680.126953125
2018-04-09,11917.958984375
2018-04-10,12010.4501953125
2018-04-11,11913.5556640625
2018-04-12,11746.193359375
2018-04-13,11724.171875
2018-04-16,11732.98046875
2018-04-17,11702.150390625
2018-04-18,11662.5087890625
2018-04-19,11402.658203125
2018-04-20,11464.318359375
2018-04-23,11283.7431640625
2018-04-24,11314.5732421875
2018-04-25,11248.509765625
2018-04-26,11296.9580078125
2018-04-27,11516.1845703125
2018-04-30,11610.140625
2018-05-02,11498.2890625
2018-05-03,11350.646484375
2018-05-04,11220.8974609375
2018-05-08,11082.2001953125
2018-05-09,11270.1123046875
2018-05-10,11301.431640625
2018-05-11,11328.2744140625
2018-05-14,11252.21484375
2018-05-15,11288.0087890625
2018-05-16,11337.22265625
2018-05-17,11252.21484375
2018-05-18,11328.2744140625
2018-05-21,11364.0654296875
2018-05-23,11203.001953125
2018-05-24,11296.9580078125
2018-05-25,11377.48828125
2018-05-28,11368.5380859375
2018-05-29,11337.22265625
2018-05-30,11220.8974609375
2018-05-31,11203.001953125
2018-06-01,11346.1708984375
2018-06-04,11238.7939453125
2018-06-05,11270.1123046875
2018-06-07,11453.548828125
2018-06-08,11453.548828125
2018-06-11,11525.1337890625
2018-06-12,11636.9833984375
2018-06-14,11601.19140625
2018-06-15,11623.5625
2018-06-18,11699.6201171875
2018-06-19,11346.1708984375
2018-06-20,11578.822265625
2018-06-21,11444.5986328125
2018-06-22,11641.45703125
2018-06-25,11578.822265625
2018-06-26,11587.767578125
2018-06-27,11556.451171875
2018-06-28,11538.552734375
2018-06-29,11578.822265625
2018-07-02,11449.0751953125
2018-07-03,11337.22265625
2018-07-04,11229.8447265625
2018-07-05,11091.1494140625
2018-07-06,11216.423828125
2018-07-09,11180.6318359375
2018-07-10,11153.787109375
2018-07-11,11091.1494140625
2018-07-12,11243.2666015625
2018-07-13,11283.5341796875
2018-07-16,11279.05859375
2018-07-17,11243.2666015625
2018-07-18,11091.1494140625
2018-07-19,10965.8779296875
2018-07-20,10992.720703125
2018-07-23,10894.29296875
2018-07-24,10956.9296875
2018-07-25,10777.96875
2018-07-26,10719.8056640625
2018-07-27,10728.751953125
2018-07-30,10751.1240234375
2018-07-31,10885.3447265625
2018-08-01,11015.0927734375
2018-08-02,10961.404296875
2018-08-03,11037.462890625
2018-08-06,11019.56640625
2018-08-07,10961.404296875
2018-08-08,10974.82421875
2018-08-09,11037.462890625
2018-08-10,11015.0927734375
2018-08-13,10804.8115234375
2018-08-14,10800.3359375
2018-08-16,10733.2265625
2018-08-17,10791.3896484375
2018-08-20,10760.072265625
2018-08-21,10845.0771484375
2018-08-22,10791.3896484375
2018-08-23,10912.1875
2018-08-24,11019.56640625
2018-08-27,11055.3583984375
2018-08-28,10965.8779296875
2018-08-29,10943.5087890625
2018-08-30,10898.765625
2018-08-31,10947.9814453125
2018-09-03,10912.1875
2018-09-04,11019.56640625
2018-09-05,10947.9814453125
2018-09-06,10952.4541015625
2018-09-07,11006.142578125
2018-09-10,10912.1875
2018-09-11,10979.2998046875
2018-09-12,11109.0478515625
2018-09-13,11207.4755859375
2018-09-14,11256.6884765625
2018-09-17,11341.697265625
2018-09-18,11346.1708984375
2018-09-19,11319.328125
2018-09-20,11243.2666015625
2018-09-21,11314.8525390625
2018-09-27,11440.125
2018-09-28,11480.392578125
2018-10-01,11390.9111328125
2018-10-02,11194.0537109375
2018-10-04,11028.5146484375
2018-10-05,10979.2998046875
2018-10-08,10921.13671875
2018-10-10,10795.86328125
2018-10-11,10285.82421875
2018-10-12,10397.6748046875
2018-10-15,10245.5576171875
2018-10-16,10263.451171875
2018-10-17,10348.4580078125
2018-10-18,10312.66796875
2018-10-19,10473.732421875
2018-10-22,10558.73828125
2018-10-23,10142.6533203125
2018-10-24,10017.37890625
2018-10-25,10102.38671875
2018-10-26,9784.73046875
2018-10-29,9529.7099609375
2018-10-30,9565.5029296875
2018-10-31,9476.01953125
2018-11-01,9605.7685546875
2018-11-02,9748.9375
2018-11-05,9775.783203125
2018-11-06,9901.056640625
2018-11-07,9833.9462890625
2018-11-08,9914.4755859375
2018-11-09,9731.0419921875
2018-11-12,9413.3837890625
2018-11-13,9391.013671875
2018-11-14,9520.7607421875
2018-11-15,9744.4619140625
2018-11-16,9820.521484375
2018-11-19,9927.8994140625
2018-11-20,9923.4248046875
2018-11-21,9959.21875
2018-11-22,9995.009765625
2018-11-23,9860.7880859375
2018-11-26,10120.2822265625
2018-11-27,10178.447265625
2018-11-28,10272.400390625
2018-11-29,10227.6611328125
2018-11-30,10285.82421875
2018-12-03,10317.1416015625
2018-12-04,10330.5615234375
2018-12-05,10366.3564453125
2018-12-06,10254.505859375
2018-12-07,10330.5615234375
2018-12-10,10402.146484375
2018-12-11,10294.7705078125
2018-12-12,10388.7275390625
2018-12-13,10393.201171875
2018-12-14,10258.9775390625
2018-12-17,10294.7705078125
2018-12-18,10267.9248046875
2018-12-19,10424.5185546875
2018-12-20,10343.9833984375
2018-12-21,10303.720703125
2018-12-24,10178.447265625
2018-12-26,10209.763671875
2018-12-27,10335.0380859375
2018-12-28,10446.888671875
2019-01-02,10263.451171875
2019-01-03,10285.82421875
2019-01-04,10464.78515625
2019-01-07,10415.568359375
2019-01-09,10370.830078125
2019-01-10,10348.4580078125
2019-01-11,10317.1416015625
2019-01-14,10326.0888671875
2019-01-15,10343.9833984375
2019-01-16,10254.505859375
2019-01-17,10124.7568359375
2019-01-18,10209.763671875
2019-01-21,10084.4931640625
2019-01-22,10133.7060546875
2019-01-23,10182.919921875
2019-01-24,10209.763671875
2019-01-25,10290.2958984375
2019-01-28,10294.7705078125
2019-01-29,10232.1357421875
2019-01-30,10254.505859375
2019-01-31,10375.302734375
2019-02-01,10276.8740234375
2019-02-07,10218.7119140625
2019-02-08,10245.5576171875
2019-02-11,10276.8740234375
2019-02-12,10191.8671875
2019-02-13,10223.1875
2019-02-14,10294.7705078125
2019-02-15,10250.0302734375
2019-02-18,10321.6162109375
2019-02-19,10330.5615234375
2019-02-20,10455.8359375
2019-02-21,10406.6201171875
2019-02-22,10460.3095703125
2019-02-25,10437.9384765625
2019-02-26,10406.6201171875
2019-02-27,10469.2587890625
2019-02-28,10446.888671875
2019-03-04,10540.8447265625
2019-03-05,10549.7890625
2019-03-06,10491.6279296875
2019-03-07,10424.5185546875
2019-03-08,10384.2509765625
2019-03-11,10361.8818359375
2019-03-12,10361.8818359375
2019-03-13,10411.095703125
2019-03-14,10406.6201171875
2019-03-15,10478.20703125
2019-03-18,10491.6279296875
2019-03-19,10469.2587890625
2019-03-20,10428.9921875
2019-03-21,10272.400390625
2019-03-22,10258.9775390625
2019-03-25,10169.4990234375
2019-03-26,10209.763671875
2019-03-27,10093.4384765625
2019-03-28,9999.484375
2019-03-29,10008.4326171875
2019-04-01,10088.962890625
2019-04-02,10124.7568359375
2019-04-03,10115.8095703125
2019-04-04,10106.8603515625
2019-04-05,10035.2763671875
2019-04-08,10097.9130859375
2019-04-09,10191.8671875
2019-04-10,10254.505859375
2019-04-11,10232.1357421875
2019-04-12,10299.2431640625
2019-04-15,10330.5615234375
2019-04-16,10366.3564453125
2019-04-17,10352.9326171875
2019-04-18,10200.8154296875
2019-04-19,10348.4580078125
2019-04-22,10406.6201171875
2019-04-23,10402.146484375
2019-04-24,10339.5126953125
2019-04-25,10196.3427734375
2019-04-26,10191.8671875
2019-04-29,10278.0478515625
2019-04-30,10178.26171875
2019-05-02,10137.4384765625
2019-05-03,10119.2978515625
2019-05-07,10064.8642578125
2019-05-08,10046.7236328125
2019-05-09,9883.435546875
2019-05-10,9865.2919921875
2019-05-13,9670.25390625
2019-05-14,9688.3994140625
2019-05-15,9724.68359375
2019-05-16,9670.25390625
2019-05-17,9575.005859375
2019-05-20,9520.5732421875
2019-05-21,9434.39453125
2019-05-22,9425.32421875
2019-05-23,9352.751953125
2019-05-24,9320.9990234375
2019-05-27,9271.1083984375
2019-05-28,9339.142578125
2019-05-29,9289.2509765625
2019-05-30,9284.7138671875
2019-05-31,9389.037109375
2019-06-03,9443.4658203125
2019-06-04,9470.6806640625
2019-06-05,9470.6806640625
2019-06-07,9475.216796875
2019-06-10,9529.6455078125
2019-06-11,9588.6123046875
2019-06-12,9638.5048828125
2019-06-13,9697.4697265625
2019-06-14,9556.8603515625
2019-06-17,9611.291015625
2019-06-18,9661.18359375
2019-06-19,9738.2919921875
2019-06-20,9765.5068359375
2019-06-21,9702.005859375
2019-06-24,9638.5048828125
2019-06-25,9611.291015625
2019-06-26,9606.75390625
2019-06-27,9565.93359375
2019-06-28,9561.3974609375
2019-07-01,9597.68359375
2019-07-02,9543.2548828125
2019-07-03,9493.3603515625
2019-07-04,9411.7177734375
2019-07-05,9516.0390625
2019-07-08,9398.109375
2019-07-09,9148.638671875
2019-07-10,9116.8935546875
2019-07-11,9203.0703125
2019-07-12,9212.142578125
2019-07-15,9135.0322265625
2019-07-16,9221.2138671875
2019-07-17,9112.35546875
2019-07-18,9089.67578125
2019-07-19,9189.4638671875
2019-07-22,9148.638671875
2019-07-23,9175.857421875
2019-07-24,9071.5341796875
2019-07-25,8998.962890625
2019-07-26,8953.603515625
2019-07-29,8862.8876953125
2019-07-30,8862.8876953125
2019-07-31,8803.9248046875
2019-08-01,8731.3525390625
2019-08-02,8654.2421875
2019-08-05,8354.8818359375
2019-08-06,8273.23828125
2019-08-07,8227.8798828125
2019-08-08,8277.775390625
2019-08-09,8341.2744140625
2019-08-12,8332.205078125
2019-08-13,8323.1318359375
2019-08-14,8304.990234375
2019-08-16,8236.9521484375
2019-08-19,8282.3115234375
2019-08-20,8341.2744140625
2019-08-21,8386.6318359375
2019-08-22,8341.2744140625
2019-08-23,8300.4541015625
2019-08-26,8119.02294921875
2019-08-27,8168.916015625
2019-08-28,8314.060546875
2019-08-29,8363.955078125
2019-08-30,8409.3115234375
2019-09-02,8431.990234375
2019-09-03,8518.1708984375
2019-09-04,8631.564453125
2019-09-05,8572.599609375
2019-09-06,8554.45703125
2019-09-09,8586.2080078125
2019-09-10,8622.4921875
2019-09-11,8713.20703125
2019-09-16,8758.5654296875
2019-09-17,8835.6748046875
2019-09-18,8831.13671875
2019-09-19,8776.7109375
2019-09-20,8867.4248046875
2019-09-23,8826.603515625
2019-09-24,8849.279296875
2019-09-25,8794.8505859375
2019-09-26,8776.7109375
2019-09-27,8763.1025390625
2019-09-30,8749.4931640625
2019-10-01,8885.5673828125
2019-10-02,8744.9599609375
2019-10-04,8695.0634765625
2019-10-07,8781.244140625
2019-10-08,8885.5673828125
2019-10-10,8803.9248046875
2019-10-11,8812.9951171875
2019-10-14,8871.9609375
2019-10-15,8939.99609375
2019-10-16,9003.5
2019-10-17,9030.7119140625
2019-10-18,8953.603515625
2019-10-21,8944.5322265625
2019-10-22,9062.462890625
2019-10-23,9139.5703125
2019-10-24,9139.5703125
2019-10-25,9135.0322265625
2019-10-28,9135.0322265625
2019-10-29,9148.638671875
2019-10-30,9243.94140625
2019-10-31,9257.5537109375
2019-11-01,9257.5537109375
2019-11-04,9321.0849609375
2019-11-05,9325.6240234375
2019-11-06,9357.390625
2019-11-07,9371.0048828125
2019-11-08,9266.6298828125
2019-11-11,9234.8623046875
2019-11-12,9257.5537109375
2019-11-13,9135.025390625
2019-11-14,9216.7109375
2019-11-15,9280.2451171875
2019-11-18,9253.015625
2019-11-19,9221.25
2019-11-20,9198.5615234375
2019-11-21,9098.7236328125
2019-11-22,9121.4130859375
2019-11-25,9212.17578125
2019-11-26,9175.8720703125
2019-11-27,9225.7900390625
2019-11-28,9230.3271484375
2019-11-29,9135.025390625
2019-12-02,9139.56640625
2019-12-03,9144.103515625
2019-12-04,9094.185546875
2019-12-05,9007.9638671875
2019-12-06,9057.8818359375
2019-12-09,8998.88671875
2019-12-10,9017.0400390625
2019-12-11,9012.5009765625
2019-12-12,9080.5703125
2019-12-13,9076.0341796875
2019-12-16,9094.185546875
2019-12-17,9180.4072265625
2019-12-18,9189.4853515625
2019-12-19,9239.400390625
2019-12-20,9271.1669921875
2019-12-23,9339.2373046875
2019-12-24,9289.3203125
2019-12-26,9330.1630859375
2019-12-27,9457.2265625
2019-12-30,9479.916015625
2020-01-02,9452.689453125
2020-01-03,9366.466796875
2020-01-06,9243.94140625
2020-01-07,9443.61328125
2020-01-08,9234.8623046875
2020-01-09,9316.548828125
2020-01-10,9389.15625
2020-01-13,9543.4501953125
2020-01-14,9534.373046875
2020-01-15,9543.4501953125
2020-01-16,9570.6787109375
2020-01-17,9534.373046875
2020-01-20,9457.2265625
2020-01-21,9380.0830078125
2020-01-22,9488.994140625
2020-01-23,9429.9990234375
2020-01-28,9180.4072265625
2020-01-29,9234.8623046875
2020-01-30,9085.109375
2020-01-31,8985.2734375
2020-02-03,8958.044921875
2020-02-04,9012.5009765625
2020-02-05,8976.197265625
2020-02-06,9216.7109375
2020-02-07,9180.4072265625
2020-02-10,9194.021484375
2020-02-11,9243.94140625
2020-02-12,9334.69921875
2020-02-13,9361.9296875
2020-02-14,9316.548828125
2020-02-17,9398.2353515625
2020-02-18,9312.0107421875
2020-02-19,9275.70703125
2020-02-20,9144.103515625
2020-02-21,9030.6533203125
2020-02-24,8708.453125
2020-02-25,8771.986328125
2020-02-26,8731.14453125
2020-02-27,8690.302734375
2020-02-28,8413.4833984375
2020-03-02,8486.091796875
2020-03-03,8522.3955078125
2020-03-04,8667.6123046875
2020-03-05,8858.2080078125
2020-03-06,8753.833984375
2020-03-09,8640.384765625
2020-03-10,8703.916015625
2020-03-11,8477.015625
2020-03-12,8218.34765625
2020-03-13,7950.60546875
2020-03-16,7796.31201171875
2020-03-17,7755.47021484375
2020-03-18,7492.26611328125
2020-03-19,6979.46875
2020-03-20,7315.2841796875
2020-03-23,7251.7509765625
2020-03-24,7619.32958984375
2020-03-25,7850.76904296875
2020-03-26,7809.927734375
2020-03-27,7896.14892578125
2020-03-30,7941.52978515625
2020-03-31,8486.091796875
2020-04-01,8014.138671875
2020-04-02,8159.3544921875
2020-04-03,8245.578125
2020-04-06,8617.6943359375
2020-04-07,8658.537109375
2020-04-08,8640.384765625
2020-04-09,8726.6064453125
2020-04-10,8794.6767578125
2020-04-13,8758.373046875
2020-04-14,8880.8994140625
2020-04-16,8844.595703125
2020-04-17,8948.96875
2020-04-20,9012.5009765625
2020-04-21,9012.5009765625
2020-04-22,9157.7197265625
2020-04-23,9357.390625
2020-04-24,9221.25
2020-04-27,9352.8525390625
2020-04-28,9329.8408203125
2020-04-29,9375.8671875
2020-05-04,9131.9208984375
2020-05-06,9233.181640625
2020-05-07,9233.181640625
2020-05-08,9339.0458984375
2020-05-11,9320.6328125
2020-05-12,9334.4423828125
2020-05-13,9463.3193359375
2020-05-14,9477.1279296875
2020-05-15,9523.1552734375
2020-05-18,9444.9091796875
2020-05-19,9454.11328125
2020-05-20,9500.1416015625
2020-05-21,9518.552734375
2020-05-22,9449.5107421875
2020-05-25,9532.36328125
2020-05-26,9555.375
2020-05-27,9500.1416015625
2020-05-28,9389.6748046875
2020-05-29,9463.3193359375
2020-06-01,9684.25390625
2020-06-02,9721.076171875
2020-06-03,9813.130859375
2020-06-04,9965.0224609375
2020-06-05,10144.5322265625
2020-06-08,10158.3408203125
2020-06-09,10231.9833984375
2020-06-10,10328.642578125
2020-06-11,10439.1083984375
2020-06-12,10466.7275390625
2020-06-15,9918.99609375
2020-06-16,10397.6826171875
2020-06-17,10365.4658203125
2020-06-18,10291.8203125
2020-06-22,10245.7919921875
2020-06-23,10480.53515625
2020-06-24,10535.767578125
2020-06-25,10342.451171875
2020-06-26,10402.287109375
2020-06-29,10250.39453125
2020-06-30,10310.2314453125
2020-07-01,10222.77734375
2020-07-02,10485.1357421875
2020-07-06,10462.123046875
2020-07-07,10379.2724609375
2020-07-08,10370.068359375
2020-07-09,10480.53515625
2020-07-10,10411.4931640625
2020-07-13,10544.9755859375
2020-07-14,10567.986328125
2020-07-15,10512.75390625
2020-07-16,10503.548828125
2020-07-17,10623.21875
2020-07-20,10577.193359375
2020-07-21,10696.8662109375
2020-07-22,10710.673828125
2020-07-23,10637.0283203125
2020-07-24,10526.5615234375
2020-07-27,10544.9755859375
2020-07-28,10627.822265625
2020-07-29,10494.34375
2020-07-30,10471.330078125
2020-07-31,10429.9033203125
2020-08-03,10434.5068359375
2020-08-04,10577.193359375
2020-08-05,10927.0029296875
2020-08-06,10927.0029296875
2020-08-07,11023.6611328125
2020-08-10,11101.91015625
2020-08-11,11286.0205078125
2020-08-12,11313.6376953125
2020-08-13,11368.8720703125
2020-08-14,11327.4453125
2020-08-18,10996.0478515625
2020-08-19,11115.7177734375
2020-08-20,10917.798828125
2020-08-21,10986.83984375
2020-08-24,11120.3212890625
2020-08-25,11212.375
2020-08-26,11175.5537109375
2020-08-27,11042.0732421875
2020-08-28,11000.6484375
2020-08-31,10890.18359375
2020-09-01,10950.0166015625
2020-09-02,10959.2236328125
2020-09-03,10991.4423828125
2020-09-04,10834.947265625
2020-09-07,10977.634765625
2020-09-08,11129.525390625
2020-09-09,10871.7724609375
2020-09-10,10913.1962890625
2020-09-11,10936.2099609375
2020-09-14,10950.0166015625
2020-09-15,10977.634765625
2020-09-16,10954.62109375
2020-09-17,10848.75390625
2020-09-18,10880.9775390625
2020-09-21,10715.2783203125
2020-09-22,10416.095703125
2020-09-23,10324.0390625
2020-09-24,9983.435546875
2020-09-25,10052.474609375
2020-09-28,10176.751953125
2020-09-29,10268.8076171875
2020-10-05,10328.642578125
2020-10-06,10402.287109375
2020-10-07,10462.123046875
2020-10-08,10498.9453125
2020-10-12,10650.8359375
2020-10-13,10558.7822265625
2020-10-14,10388.478515625
2020-10-15,10328.642578125
2020-10-16,10356.259765625
2020-10-19,10360.861328125
2020-10-20,10236.5869140625
2020-10-21,10301.0263671875
2020-10-22,10185.9560546875
2020-10-23,10176.751953125
2020-10-26,10020.2568359375
2020-10-27,9974.2294921875
2020-10-28,10006.4482421875
2020-10-29,10098.501953125
2020-10-30,9822.3359375
2020-11-02,9955.818359375
2020-11-03,10208.9697265625
2020-11-04,10402.287109375
2020-11-05,10577.193359375
2020-11-06,10595.6025390625
2020-11-09,10683.0556640625
2020-11-10,10627.822265625
2020-11-11,10913.1962890625
2020-11-12,10867.1689453125
2020-11-13,10793.5224609375
2020-11-16,10770.509765625
2020-11-17,10807.33203125
2020-11-18,10940.8125
2020-11-19,10954.62109375
2020-11-20,11046.6767578125
2020-11-23,11106.51171875
2020-11-24,11083.5
2020-11-25,11263.0068359375
2020-11-26,11258.4052734375
2020-11-27,11350.4599609375
2020-11-30,11332.05078125
2020-12-01,11442.5166015625
2020-12-02,11506.953125
2020-12-03,11552.9814453125
2020-12-04,11815.3408203125
2020-12-07,12109.91796875
2020-12-08,11534.572265625
2020-12-09,11654.2421875
2020-12-10,11741.697265625
2020-12-11,11819.943359375
2020-12-14,11824.546875
2020-12-15,11755.5048828125
2020-12-16,11769.3134765625
2020-12-17,11829.1484375
2020-12-18,12017.86328125
2020-12-21,12174.3583984375
2020-12-22,11893.58984375
2020-12-23,11737.0927734375
2020-12-24,11732.490234375
2020-12-28,11580.59765625
2020-12-29,12004.0556640625
2020-12-30,12091.509765625
2021-01-04,12004.0556640625
2021-01-05,12165.1513671875
2021-01-06,12137.53515625
2021-01-07,12289.4287109375
2021-01-08,12441.3203125
2021-01-11,12298.634765625
2021-01-12,12317.044921875
2021-01-13,12372.2783203125
2021-01-14,12183.5625
2021-01-15,11944.21875
2021-01-18,11714.080078125
2021-01-19,11594.4072265625
2021-01-20,11635.8330078125
2021-01-21,11714.080078125
2021-01-22,11700.2724609375
2021-01-25,12045.4814453125
2021-01-26,11907.396484375
2021-01-27,11944.21875
2021-01-28,11838.35546875
2021-01-29,11488.54296875
2021-02-01,11944.21875
2021-02-02,11925.80859375
2021-02-03,11875.177734375
2021-02-04,11783.12109375
2021-02-05,11852.1640625
2021-02-08,11815.3408203125
2021-02-09,11727.890625
2021-02-10,11773.916015625
2021-02-15,11824.546875
2021-02-16,11727.890625
2021-02-17,11700.2724609375
2021-02-18,11589.8046875
2021-02-19,11645.0390625
2021-02-22,11465.529296875
2021-02-23,11336.65234375
2021-02-24,11009.8544921875
2021-02-25,11419.5009765625
2021-02-26,11147.9384765625
2021-03-02,11111.115234375
2021-03-03,11336.65234375
2021-03-04,11281.4169921875
2021-03-05,11152.5390625
2021-03-08,10991.4423828125
2021-03-09,10945.416015625
2021-03-10,10922.4013671875
2021-03-11,11060.4853515625
2021-03-12,11212.375
2021-03-15,11175.5537109375
2021-03-16,11368.8720703125
2021-03-17,11322.84375
2021-03-18,11318.2421875
2021-03-19,11226.1845703125
2021-03-22,11207.7734375
2021-03-23,11166.3486328125
2021-03-24,11198.5673828125
2021-03-25,11322.84375
2021-03-26,11470.134765625
2021-03-29,11599.009765625
2021-03-30,11622.025390625
2021-03-31,11589.8046875
2021-04-01,11608.2158203125
2021-04-02,11552.9814453125
2021-04-05,11451.720703125
2021-04-06,11414.8984375
2021-04-07,11419.5009765625
2021-04-08,11525.3662109375
2021-04-09,11493.1474609375
2021-04-12,11599.009765625
2021-04-13,11755.5048828125
2021-04-14,11773.916015625
2021-04-15,11824.546875
2021-04-16,11833.7529296875
2021-04-19,11888.9853515625
2021-04-20,11907.396484375
2021-04-21,11750.9013671875
2021-04-22,11695.6689453125
2021-04-23,11792.3271484375
2021-04-26,11769.3134765625
2021-04-27,11608.2158203125
2021-04-28,11511.5576171875
2021-04-29,11404.5810546875
2021-04-30,11344.115234375
2021-05-03,11097.60546875
2021-05-04,11209.234375
2021-05-06,11269.6982421875
2021-05-07,11488.3017578125
2021-05-10,11753.4169921875
2021-05-11,11739.4638671875
2021-05-12,11609.23046875
2021-05-13,11627.8349609375
2021-05-14,11730.1611328125
2021-05-17,11623.1845703125
2021-05-18,11748.765625
2021-05-20,11665.0458984375
2021-05-21,11553.41796875
2021-05-24,11562.7216796875
2021-05-25,11697.6025390625
2021-05-26,11799.927734375
2021-05-27,11767.37109375
2021-05-28,11781.3232421875
2021-05-31,11888.298828125
2021-06-01,11906.9033203125
2021-06-02,11813.880859375
2021-06-03,11776.6708984375
2021-06-04,11720.8583984375
2021-06-07,11795.27734375
2021-06-08,11837.13671875
2021-06-09,11739.4638671875
2021-06-10,11832.4853515625
2021-06-11,11865.0439453125
2021-06-14,11999.9267578125
2021-06-15,11953.4140625
2021-06-16,11990.6240234375
2021-06-17,11972.0205078125
2021-06-18,11990.6240234375
2021-06-21,11944.1142578125
2021-06-22,11902.251953125
2021-06-23,11944.1142578125
2021-06-24,11925.5087890625
2021-06-25,11911.552734375
2021-06-28,11902.251953125
2021-06-29,11902.251953125
2021-06-30,11883.6484375
2021-07-01,11888.298828125
2021-07-02,11869.6953125
2021-07-05,11999.9267578125
2021-07-06,11851.091796875
2021-07-07,11767.37109375
2021-07-08,11744.1142578125
2021-07-09,11609.23046875
2021-07-12,11697.6025390625
2021-07-13,11730.1611328125
2021-07-14,11651.091796875
2021-07-15,11767.37109375
2021-07-16,11818.533203125
2021-07-19,11785.974609375
2021-07-20,11804.5791015625
2021-07-21,11702.251953125
2021-07-22,11674.345703125
2021-07-23,11548.7666015625
2021-07-26,11465.046875
2021-07-27,11460.3955078125
2021-07-28,11488.3017578125
2021-07-29,11516.208984375
2021-07-30,11297.60546875
2021-08-02,11469.6982421875
2021-08-03,11427.837890625
2021-08-04,11613.8818359375
2021-08-05,11632.486328125
2021-08-06,11674.345703125
2021-08-09,11548.7666015625
2021-08-10,11632.486328125
2021-08-11,11748.765625
2021-08-12,11772.0205078125
2021-08-13,11669.6962890625
2021-08-17,11623.1845703125
2021-08-18,11651.091796875
2021-08-19,11418.53515625
2021-08-20,11255.7451171875
2021-08-23,11548.7666015625
2021-08-24,11627.8349609375
2021-08-25,11585.974609375
2021-08-26,11558.068359375
2021-08-27,11660.39453125
2021-08-30,11683.6474609375
2021-08-31,11846.4404296875
2021-09-01,11925.5087890625
2021-09-02,11841.7880859375
2021-09-03,11809.2294921875
2021-09-06,11739.4638671875
2021-09-07,11734.8125
2021-09-08,11511.5576171875
2021-09-09,11376.67578125
2021-09-10,11413.8837890625
2021-09-13,11344.115234375
2021-09-14,11353.419921875
2021-09-15,11474.34765625
2021-09-16,11367.373046875
2021-09-17,11427.837890625
2021-09-23,11441.791015625
2021-09-24,11320.859375
2021-09-27,11311.55859375
2021-09-28,11116.2109375
2021-09-29,11069.69921875
2021-09-30,11069.69921875
2021-10-01,10906.9091796875
2021-10-05,10525.5166015625
2021-10-06,10302.26171875
2021-10-07,10502.2626953125
2021-10-08,10520.865234375
2021-10-12,10325.5185546875
2021-10-13,10390.63671875
2021-10-14,10562.7275390625
2021-10-15,10627.8427734375
2021-10-18,10544.12109375
2021-10-19,10609.236328125
2021-10-20,10632.4921875
2021-10-21,10585.9814453125
2021-10-22,10651.09765625
2021-10-25,10651.09765625
2021-10-26,10692.9580078125
2021-10-27,10553.4248046875
2021-10-28,10437.14453125
2021-10-29,10209.2412109375
2021-11-01,10334.8193359375
2021-11-02,10413.890625
2021-11-03,10409.2392578125
2021-11-04,10423.1923828125
2021-11-05,10395.28515625
2021-11-08,10213.8916015625
2021-11-09,10251.1015625
2021-11-10,10232.4951171875
2021-11-11,10172.0302734375
2021-11-12,10269.705078125
2021-11-15,10497.6103515625
2021-11-16,10474.3544921875
2021-11-17,10255.7509765625
2021-11-18,10148.7734375
2021-11-19,10288.30859375
2021-11-22,10306.9130859375
2021-11-23,10162.728515625
2021-11-24,10120.8701171875
2021-11-25,10060.404296875
2021-11-26,10079.0087890625
2021-11-29,10023.1953125
2021-11-30,9683.66015625
2021-12-01,9702.265625
2021-12-02,9920.869140625
2021-12-03,9962.7294921875
2021-12-06,9972.033203125
2021-12-07,9990.63671875
2021-12-08,10032.49609375
2021-12-09,10153.4248046875
2021-12-10,10097.61328125
2021-12-13,10009.2421875
2021-12-14,10041.7978515625
2021-12-15,10116.2177734375
2021-12-16,10172.0302734375
2021-12-17,10283.65625
2021-12-20,10167.37890625
2021-12-21,10120.8701171875
2021-12-22,10027.845703125
2021-12-23,10041.7978515625
2021-12-24,9981.333984375
2021-12-27,10032.49609375
2021-12-28,10185.984375
2021-12-29,10074.3564453125
2021-12-30,9995.2880859375
2022-01-04,9906.9169921875
2022-01-05,9730.171875
2022-01-06,9572.0322265625
2022-01-07,9660.40625
2022-01-10,9548.7783203125
2022-01-11,9613.896484375
2022-01-12,9688.3125
2022-01-13,9688.3125
2022-01-14,9399.9423828125
2022-01-17,9195.2939453125
2022-01-18,9106.919921875
2022-01-19,9172.0380859375
2022-01-20,9213.8974609375
2022-01-21,9199.943359375
2022-01-24,9158.0849609375
2022-01-25,8906.9208984375
2022-01-26,8879.0166015625
2022-01-27,8548.7861328125
2022-01-28,8795.294921875
2022-02-03,8962.734375
2022-02-04,9079.013671875
2022-02-07,9083.6650390625
2022-02-08,9190.640625
2022-02-09,9139.4794921875
2022-02-10,9227.8525390625
2022-02-11,9083.6650390625
2022-02-15,8934.828125
2022-02-16,9106.919921875
2022-02-17,9172.0380859375
2022-02-18,9204.59375
2022-02-21,9246.455078125
2022-02-22,9232.5029296875
2022-02-23,9167.3857421875
2022-02-24,8981.33984375
2022-02-25,9009.2470703125
2022-02-28,9223.19921875
2022-03-02,9195.2939453125
2022-03-03,9367.3837890625
2022-03-04,9372.0341796875
2022-03-07,9251.107421875
2022-03-08,9274.361328125
2022-03-10,9367.3837890625
2022-03-11,9358.0830078125
2022-03-14,9344.1298828125
2022-03-15,9311.5712890625
2022-03-16,9423.19921875
2022-03-17,9418.546875
2022-03-18,9465.0576171875
2022-03-21,9399.9423828125
2022-03-22,9339.478515625
2022-03-23,9381.3369140625
2022-03-24,9390.6396484375
2022-03-25,9367.3837890625
2022-03-28,9372.0341796875
2022-03-29,9381.3369140625
2022-03-30,9460.408203125
2022-03-31,9441.8037109375
2022-04-01,9460.408203125
2022-04-04,9525.5234375
2022-04-05,9539.4775390625
2022-04-06,9469.708984375
2022-04-07,9344.1298828125
2022-04-08,9367.3837890625
2022-04-11,9385.9892578125
2022-04-12,9292.9658203125
2022-04-13,9413.8955078125
2022-04-14,9413.8955078125
2022-04-15,9334.8271484375
2022-04-18,9381.3369140625
2022-04-19,9441.8037109375
2022-04-20,9446.453125
2022-04-21,9483.6630859375
2022-04-22,9432.5009765625
2022-04-25,9283.6640625
2022-04-26,9427.849609375
2022-04-27,9395.2900390625
2022-04-28,9596.98828125
2022-04-29,9620.4423828125
2022-05-03,9489.103515625
2022-05-04,9371.837890625
2022-05-06,9306.171875
2022-05-10,9188.9033203125
2022-05-11,9174.8330078125
2022-05-12,8991.8994140625
2022-05-13,9020.0419921875
2022-05-16,8944.994140625
2022-05-17,8902.77734375
2022-05-18,8912.158203125
2022-05-19,8827.7265625
2022-05-20,8930.9208984375
2022-05-23,9005.9697265625
2022-05-24,8973.1357421875
2022-05-25,9123.2373046875
2022-05-26,9123.2373046875
2022-05-27,9207.6669921875
2022-05-30,9235.8115234375
2022-05-31,9296.787109375
2022-06-02,9170.1416015625
2022-06-03,9249.8818359375
2022-06-07,9118.5458984375
2022-06-08,9160.7607421875
2022-06-09,9104.4736328125
2022-06-10,8977.8271484375
2022-06-13,8780.822265625
2022-06-14,8719.84375
2022-06-15,8579.1259765625
2022-06-16,8541.599609375
2022-06-17,8649.4833984375
2022-06-20,8560.36328125
2022-06-21,8626.0302734375
2022-06-22,8494.6943359375
2022-06-23,8560.36328125
2022-06-24,8813.6552734375
2022-06-27,8893.3974609375
2022-06-28,8902.77734375
2022-06-29,8916.8486328125
2022-06-30,8837.109375
2022-07-01,8813.6552734375
2022-07-04,8874.634765625
2022-07-05,9043.4951171875
2022-07-06,8940.3017578125
2022-07-07,9095.0927734375
2022-07-08,9062.2587890625
2022-07-11,9109.1640625
2022-07-12,9151.380859375
2022-07-13,9170.1416015625
2022-07-14,9118.5458984375
2022-07-15,9043.4951171875
2022-07-18,9038.8037109375
2022-07-19,9043.4951171875
2022-07-20,9118.5458984375
2022-07-21,9066.9482421875
2022-07-22,9029.423828125
2022-07-25,9099.7841796875
2022-07-26,9123.2373046875
2022-07-27,9198.2861328125
2022-07-28,9160.7607421875
2022-07-29,9165.4521484375
2022-08-01,9165.4521484375
2022-08-02,9081.021484375
2022-08-03,9085.7109375
2022-08-04,9104.4736328125
2022-08-05,9273.3359375
2022-08-08,9334.3134765625
2022-08-09,9423.4345703125
2022-08-10,9381.220703125
2022-08-11,9385.91015625
2022-08-12,9385.91015625
2022-08-16,9357.765625
2022-08-17,9334.3134765625
2022-08-18,9240.5009765625
2022-08-19,9184.212890625
2022-08-22,9127.927734375
2022-08-23,8940.3017578125
2022-08-24,8930.9208984375
2022-08-25,9076.3310546875
2022-08-26,8940.3017578125
2022-08-29,8832.4169921875
2022-08-30,8940.3017578125
2022-08-31,8954.3740234375
2022-09-01,8804.2744140625
2022-09-02,8766.75
2022-09-05,8687.009765625
2022-09-06,8668.2470703125
2022-09-07,8588.5078125
2022-09-08,8672.9375
2022-09-13,8790.2021484375
2022-09-14,8640.103515625
2022-09-15,8593.197265625
2022-09-16,8560.36328125
2022-09-19,8513.45703125
2022-09-20,8574.43359375
2022-09-21,8480.6240234375
2022-09-22,8466.55078125
2022-09-23,8339.9033203125
2022-09-26,8194.49609375
2022-09-27,8264.8525390625
2022-09-28,8203.876953125
2022-09-29,8288.306640625
2022-09-30,8288.306640625
2022-10-04,8316.4521484375
2022-10-05,8246.091796875
2022-10-06,8250.78125
2022-10-07,8180.42333984375
2022-10-11,8006.87060546875
2022-10-12,7988.10791015625
2022-10-13,7884.91455078125
2022-10-14,8044.39501953125
2022-10-17,8058.4658203125
2022-10-18,8217.9482421875
2022-10-19,8138.20751953125
2022-10-20,8114.75439453125
2022-10-21,8156.97021484375
2022-10-24,8232.01953125
2022-10-25,8311.7607421875
2022-10-26,8330.5224609375
2022-10-27,8424.3349609375
2022-10-28,8405.572265625
2022-10-31,8457.1689453125
2022-11-01,8429.0244140625
2022-11-02,8475.9326171875
2022-11-03,8405.572265625
2022-11-04,8499.384765625
2022-11-07,8508.7666015625
2022-11-08,8602.578125
2022-11-09,8649.4833984375
2022-11-10,8677.6279296875
2022-11-11,8785.5107421875
2022-11-14,8818.345703125
2022-11-15,8935.6123046875
2022-11-16,8823.0361328125
2022-11-17,8804.2744140625
2022-11-18,8780.822265625
2022-11-21,8668.2470703125
2022-11-22,8672.9375
2022-11-23,8701.0810546875
2022-11-24,8724.5322265625
2022-11-25,8738.60546875
2022-11-28,8658.865234375
2022-11-29,8757.369140625
2022-11-30,8841.798828125
2022-12-01,8808.96484375
2022-12-02,8733.9150390625
2022-12-05,8766.75
2022-12-06,8724.5322265625
2022-12-07,8719.84375
2022-12-08,8771.4404296875
2022-12-09,8898.0869140625
2022-12-12,8832.4169921875
2022-12-13,8860.560546875
2022-12-14,8930.9208984375
2022-12-15,8841.798828125
2022-12-16,8869.9443359375
2022-12-19,8799.5830078125
2022-12-20,8776.130859375
2022-12-21,8888.7060546875
2022-12-22,8954.3740234375
2022-12-23,8799.5830078125
2022-12-26,8855.8701171875
2022-12-27,8898.0869140625
2022-12-28,8973.1357421875
2022-12-29,8808.96484375
2023-01-02,8630.720703125
2023-01-03,8565.0556640625
2023-01-04,8508.7666015625
2023-01-05,8611.9580078125
2023-01-06,8597.88671875
2023-01-09,8785.5107421875
2023-01-10,8701.0810546875
2023-01-11,8705.7724609375
2023-01-12,8696.390625
2023-01-13,8738.60546875
2023-01-16,8794.89453125
2023-01-17,8672.9375
2023-01-18,8691.7001953125
2023-01-19,8804.2744140625
2023-01-20,8771.4404296875
2023-01-25,8776.130859375
2023-01-26,8794.89453125
2023-01-27,8879.32421875
2023-01-30,8766.75
2023-01-31,8705.7724609375
2023-02-01,8719.84375
2023-02-02,8766.75
2023-02-03,8733.9150390625
2023-02-06,8691.7001953125
2023-02-07,8658.865234375
2023-02-08,8719.84375
2023-02-09,8705.7724609375
2023-02-10,8602.578125
2023-02-13,8579.1259765625
2023-02-14,8616.650390625
2023-02-15,8471.2412109375
2023-02-16,8466.55078125
2023-02-17,8405.572265625
2023-02-20,8475.9326171875
2023-02-21,8457.1689453125
2023-02-22,8325.8310546875
2023-02-23,8363.3564453125
2023-02-24,8330.5224609375
2023-02-27,8213.2568359375
2023-02-28,8199.185546875
2023-03-02,8175.73291015625
2023-03-03,8297.6884765625
2023-03-06,8325.8310546875
2023-03-07,8382.1201171875
2023-03-08,8250.78125
2023-03-09,8278.927734375
2023-03-10,8147.58935546875
2023-03-13,8147.58935546875
2023-03-14,7992.79833984375
2023-03-15,8081.91943359375
2023-03-16,8039.70458984375
2023-03-17,8217.9482421875
2023-03-20,8260.1640625
2023-03-21,8269.544921875
2023-03-22,8236.7109375
2023-03-23,8194.49609375
2023-03-24,8171.0419921875
2023-03-27,8246.091796875
2023-03-28,8189.8037109375
2023-03-29,8203.876953125
2023-03-30,8161.66015625
2023-03-31,8203.876953125
2023-04-03,8171.0419921875
2023-04-04,8358.6669921875
2023-04-05,8368.046875
2023-04-06,8391.5009765625
2023-04-07,8386.8115234375
2023-04-10,8424.3349609375
2023-04-11,8560.36328125
2023-04-12,8616.650390625
2023-04-13,8687.009765625
2023-04-14,8715.15234375
2023-04-17,8663.5576171875
2023-04-18,8654.1748046875
2023-04-19,8621.3408203125
2023-04-20,8574.43359375
2023-04-21,8508.7666015625
2023-04-24,8438.4052734375
2023-04-25,8363.3564453125
2023-04-26,8396.1904296875
2023-04-27,8334.2109375
2023-04-28,8358.048828125
2023-05-02,8372.3515625
2023-05-03,8296.0654296875
2023-05-04,8405.7275390625
2023-05-08,8391.423828125
2023-05-09,8477.2451171875
2023-05-10,8458.1728515625
2023-05-11,8434.333984375
2023-05-12,8391.423828125
2023-05-15,8420.0322265625
2023-05-16,8362.8173828125
2023-05-17,8367.583984375
2023-05-19,8386.6552734375
2023-05-22,8462.94140625
2023-05-23,8515.388671875
2023-05-25,8372.3515625
2023-05-26,8353.28125
2023-05-30,8310.369140625
2023-05-31,8338.9765625
2023-06-01,8362.8173828125
2023-06-02,8343.74609375
2023-06-05,8367.583984375
2023-06-07,8319.9052734375
2023-06-08,8276.99609375
2023-06-09,8296.0654296875
2023-06-12,8267.4609375
2023-06-13,8243.6201171875
2023-06-14,8157.7978515625
2023-06-15,8114.8876953125
2023-06-16,8181.63818359375
2023-06-19,8119.65576171875
2023-06-20,8076.7451171875
2023-06-21,8014.763671875
2023-06-22,8019.53076171875
2023-06-23,7976.6201171875
2023-06-26,8048.13720703125
2023-06-27,7900.3349609375
2023-06-28,7895.56689453125
2023-06-29,7828.81640625
2023-06-30,7876.49560546875
2023-07-07,7585.65673828125
2023-07-10,7576.12060546875
2023-07-14,7900.3349609375
2023-07-17,7828.81640625
2023-07-19,7757.298828125
2023-07-20,7766.8349609375
2023-07-21,7862.19189453125
2023-07-24,7738.2275390625
2023-07-26,7542.7451171875
2023-07-28,7747.763671875
2023-08-03,8038.60302734375
2023-08-04,8086.28173828125
2023-08-07,8114.8876953125
2023-08-08,8043.369140625
2023-08-09,8210.244140625
2023-08-10,8343.74609375
2023-08-11,8319.9052734375
2023-08-14,8348.513671875
2023-08-16,8129.19091796875
2023-08-17,8048.13720703125
2023-08-18,8062.44091796875
2023-08-21,8033.83447265625
2023-08-22,7976.6201171875
2023-08-23,7995.69189453125
2023-08-24,8029.0673828125
2023-08-25,8057.67333984375
2023-08-28,8052.90576171875
2023-08-29,8086.28173828125
2023-08-30,8105.3525390625
2023-08-31,8076.7451171875
2023-09-01,8019.53076171875
2023-09-04,8019.53076171875
2023-09-05,8043.369140625
2023-09-06,8014.763671875
2023-09-07,7962.31591796875
2023-09-08,8057.67333984375
2023-09-11,8114.8876953125
2023-09-12,8052.90576171875
2023-09-13,8019.53076171875
2023-09-14,8119.65576171875
2023-09-15,8186.4052734375
2023-09-18,8191.17529296875
2023-09-19,8157.7978515625
2023-09-20,8119.65576171875
2023-09-21,8005.2275390625
2023-09-22,7938.4775390625
2023-09-25,7938.4775390625
2023-09-26,7876.49560546875
2023-09-27,7986.15576171875
2023-10-04,7852.65625
2023-10-05,7809.74560546875
2023-10-06,7900.3349609375
2023-10-10,7928.94189453125
2023-10-11,7981.38916015625
2023-10-12,7981.38916015625
2023-10-13,7938.4775390625
2023-10-16,7952.78173828125
2023-10-17,7938.4775390625
2023-10-18,7804.97802734375
2023-10-19,7752.53076171875
2023-10-20,7671.47705078125
2023-10-23,7661.94189453125
2023-10-24,7757.298828125
2023-10-25,7838.3525390625
2023-10-26,7762.0673828125
2023-10-27,7704.8525390625
2023-10-30,7728.76513671875
2023-10-31,7752.67919921875
2023-11-01,7838.76611328125
2023-11-02,7848.33251953125
2023-11-03,7867.46240234375
2023-11-06,8149.6416015625
2023-11-07,8106.59521484375
2023-11-08,8168.76904296875
2023-11-09,8163.9873046875
2023-11-10,8087.4658203125
2023-11-13,8106.59521484375
2023-11-14,8168.76904296875
2023-11-15,8235.7265625
2023-11-16,8235.7265625
2023-11-17,8221.3779296875
2023-11-20,8269.2060546875
2023-11-21,8297.90234375
2023-11-22,8278.7705078125
2023-11-23,8345.7294921875
2023-11-24,8230.9443359375
2023-11-27,8235.7265625
2023-11-28,8278.7705078125
2023-11-29,8173.55078125
2023-11-30,8211.814453125
2023-12-01,8149.6416015625
2023-12-04,8144.8564453125
2023-12-05,8250.07421875
2023-12-06,8211.814453125
2023-12-07,8183.1181640625
2023-12-08,8278.7705078125
2023-12-11,8383.98828125
2023-12-12,8436.5966796875
2023-12-13,8383.98828125
2023-12-14,8460.51171875
2023-12-15,8331.37890625
2023-12-18,8355.29296875
2023-12-19,8422.2509765625
2023-12-20,8551.380859375
2023-12-21,8560.947265625
2023-12-22,8560.947265625
2023-12-26,8642.2529296875
2023-12-27,8690.0791015625
2023-12-28,8948.341796875
2024-01-02,9354.8671875
2024-01-03,9316.6064453125
2024-01-04,9029.646484375
2024-01-05,8986.6025390625
2024-01-08,8833.55859375
2024-01-09,8881.3828125
2024-01-10,8847.9072265625
2024-01-11,8809.64453125
2024-01-12,8666.1669921875
2024-01-15,8565.73046875
2024-01-16,8532.251953125
2024-01-17,8307.4658203125
2024-01-19,8278.7705078125
2024-01-22,8398.3388671875
2024-01-23,8446.1630859375
2024-01-24,8393.5546875
2024-01-25,8470.0771484375
2024-01-26,8493.990234375
2024-01-29,8541.8173828125
2024-01-30,8541.8173828125
2024-01-31,8508.337890625
2024-02-01,8565.73046875
2024-02-02,8718.7744140625
2024-02-05,8647.0361328125
2024-02-06,8685.294921875
2024-02-07,8690.0791015625
2024-02-08,8623.1220703125
2024-02-13,8819.2099609375
2024-02-14,8670.94921875
2024-02-15,8675.7314453125
2024-02-16,8804.86328125
2024-02-19,8881.3828125
2024-02-20,8857.47265625
2024-02-21,8790.5146484375
2024-02-22,8752.2529296875
2024-02-23,8790.5146484375
2024-02-26,8838.341796875
2024-02-27,8862.255859375
2024-02-28,8900.515625
2024-02-29,8742.689453125
2024-03-04,8651.8173828125
2024-03-05,8656.6005859375
2024-03-06,8742.689453125
2024-03-07,8656.6005859375
2024-03-08,8809.64453125
2024-03-11,8800.0810546875
2024-03-12,8814.427734375
2024-03-13,8766.6015625
2024-03-14,8847.9072265625
2024-03-15,8766.6015625
2024-03-18,8905.298828125
2024-03-19,8800.0810546875
2024-03-20,8790.5146484375
2024-03-21,8924.4287109375
2024-03-22,9034.4296875
2024-03-25,8986.6025390625
2024-03-26,8957.908203125
2024-03-27,8910.08203125
2024-03-28,8900.515625
2024-03-29,8967.4736328125
2024-04-01,8986.6025390625
2024-04-02,8828.7763671875
2024-04-03,8747.470703125
2024-04-04,8780.94921875
2024-04-05,8709.2080078125
2024-04-08,8843.123046875
2024-04-09,8690.0791015625
2024-04-11,8608.7744140625
2024-04-12,8603.9912109375
2024-04-15,8541.8173828125
2024-04-16,8455.7294921875
2024-04-17,8379.2060546875
2024-04-18,8589.64453125
2024-04-19,8441.380859375
2024-04-22,8680.513671875
2024-04-23,8680.513671875
2024-04-24,8699.64453125
2024-04-25,8632.6865234375
2024-04-26,8642.2529296875
2024-04-29,8827.5341796875
2024-04-30,8939.08984375
2024-05-02,8939.08984375
2024-05-03,8943.9404296875
2024-05-07,9084.599609375
2024-05-08,9070.0478515625
2024-05-09,9026.3955078125
2024-05-10,9104.0
2024-05-13,9021.544921875
2024-05-14,9011.8447265625
2024-05-16,9137.953125
2024-05-17,9142.802734375
2024-05-20,9104.0
2024-05-21,9070.0478515625
2024-05-22,9036.095703125
2024-05-23,8977.8935546875
2024-05-24,8876.0361328125
2024-05-27,8914.83984375
2024-05-28,8880.88671875
2024-05-29,8793.583984375
2024-05-30,8779.03125
2024-05-31,8827.5341796875
2024-06-03,8943.9404296875
2024-06-04,8982.7431640625
2024-06-05,9045.7958984375
2024-06-07,9099.1494140625
2024-06-10,9045.7958984375
2024-06-11,9060.3486328125
2024-06-12,9040.9462890625
2024-06-13,8977.8935546875
2024-06-14,9036.095703125
2024-06-17,9021.544921875
2024-06-18,9011.8447265625
2024-06-19,9021.544921875
2024-06-20,8977.8935546875
2024-06-21,8914.83984375
2024-06-24,8909.98828125
2024-06-25,8909.98828125
2024-06-26,8856.634765625
2024-06-27,8837.2353515625
2024-06-28,8876.0361328125
2024-07-01,8992.443359375
2024-07-02,8953.642578125
2024-07-03,8866.3349609375
2024-07-04,8837.2353515625
2024-07-05,8973.04296875
2024-07-08,8943.9404296875
2024-07-09,9021.544921875
2024-07-10,8977.8935546875
2024-07-11,9074.8984375
2024-07-12,9118.5517578125
2024-07-15,9142.802734375
2024-07-16,9113.7021484375
2024-07-17,9254.3603515625
2024-07-18,9288.3115234375
2024-07-19,9186.455078125
2024-07-22,9327.1142578125
2024-07-23,9307.712890625
2024-07-24,9424.119140625
2024-07-25,9404.71875
2024-07-26,9462.9208984375
2024-07-29,9661.783203125
2024-07-30,9666.6455078125
2024-07-31,9647.1962890625
2024-08-01,9564.533203125
2024-08-02,9413.796875
2024-08-05,8835.1591796875
2024-08-06,9034.521484375
2024-08-07,9297.0966796875
2024-08-08,9340.8583984375
2024-08-09,9355.4462890625
2024-08-12,9423.521484375
2024-08-13,9331.1337890625
2024-08-14,9360.30859375
2024-08-16,9423.521484375
2024-08-19,9457.5595703125
2024-08-20,9365.1708984375
2024-08-21,9545.083984375
2024-08-22,9603.43359375
2024-08-23,9720.1337890625
2024-08-26,9754.171875
2024-08-28,9929.2216796875
2024-08-29,9827.109375
2024-08-30,9929.2216796875
2024-09-02,9807.6591796875
2024-09-03,9904.908203125
2024-09-04,9671.5087890625
2024-09-05,9613.16015625
2024-09-06,9705.5458984375
2024-09-09,9695.8212890625
2024-09-10,9822.24609375
2024-09-11,9754.171875
2024-09-12,9880.595703125
2024-09-13,9919.4951171875
2024-09-19,10016.7451171875
2024-09-20,10109.1328125
2024-09-23,10182.0712890625
2024-09-24,10211.24609375
2024-09-25,10050.783203125
2024-09-26,10157.7578125
2024-09-27,10002.158203125
2024-09-30,9900.046875
2024-10-02,9681.234375
2024-10-04,9846.5595703125
2024-10-07,9861.1455078125
2024-10-08,9754.171875
2024-10-10,9987.5712890625
2024-10-11,9958.396484375
2024-10-14,10007.021484375
2024-10-15,10182.0712890625
2024-10-16,10099.408203125
2024-10-17,9968.12109375
2024-10-18,10050.783203125
2024-10-21,10152.89453125
2024-10-22,10079.9580078125
2024-10-23,9953.5341796875
2024-10-24,10041.0576171875
2024-10-25,10011.884765625
2024-10-28,10041.0576171875
2024-10-29,9977.84765625
2024-10-31,9904.6943359375
2024-11-01,9787.6533203125
2024-11-04,10031.490234375
2024-11-06,9982.72265625
2024-11-07,9753.5146484375
2024-11-08,9777.900390625
2024-11-11,9763.2685546875
2024-11-12,9475.5400390625
2024-11-13,9392.6357421875
2024-11-14,9378.00390625
2024-11-15,9251.208984375
2024-11-18,9363.375
2024-11-19,9373.1279296875
2024-11-20,9426.7724609375
2024-11-21,9397.5126953125
2024-11-22,9475.5400390625
2024-11-25,9524.30859375
2024-11-26,9568.1982421875
2024-11-27,9714.5009765625
2024-11-28,9929.078125
2024-11-29,9768.1455078125
2024-12-02,9777.900390625
2024-12-03,9890.0634765625
2024-12-04,9699.87109375
2024-12-05,9621.8427734375
2024-12-06,9480.4169921875
2024-12-09,9270.716796875
2024-12-10,9509.6767578125
2024-12-11,9582.828125
2024-12-12,9553.5673828125
2024-12-13,9782.775390625
2024-12-16,9860.8037109375
2024-12-17,9724.2548828125
2024-12-18,9831.54296875
2024-12-19,9641.349609375
2024-12-20,9499.9248046875
2024-12-23,9719.3779296875
2024-12-24,9665.734375
2024-12-26,9587.705078125
2024-12-27,9480.4169921875
2024-12-30,9587.705078125
2025-01-02,9431.6484375
2025-01-03,9514.552734375
2025-01-06,9485.29296875
2025-01-07,9651.1025390625
2025-01-08,9738.8857421875
2025-01-09,9807.1591796875
2025-01-10,9792.529296875
2025-01-13,9763.2685546875
2025-01-14,9714.5009765625
2025-01-15,9597.458984375
2025-01-16,9748.6376953125
2025-01-17,9704.7470703125
2025-01-20,9690.1171875
2025-01-21,9670.6103515625
2025-01-22,9714.5009765625
2025-01-23,9646.2255859375
2025-01-24,9738.8857421875
2025-01-31,9763.2685546875
2025-02-03,9665.734375
2025-02-04,9675.486328125
2025-02-05,9753.5146484375
2025-02-06,9963.2158203125
2025-02-07,9914.447265625
2025-02-10,9836.419921875
2025-02-11,9938.83203125
2025-02-12,9812.0361328125
2025-02-13,9821.7900390625
2025-02-14,9977.84765625
2025-02-17,9987.599609375
2025-02-18,9909.572265625
2025-02-19,9943.708984375
2025-02-20,10007.107421875
2025-02-21,9953.4619140625
2025-02-24,9982.72265625
2025-02-25,9982.72265625
2025-02-26,10172.9169921875
2025-02-27,10080.2578125
2025-02-28,9885.1865234375
2025-03-04,9904.6943359375
2025-03-05,10041.2451171875
2025-03-06,10133.90234375
2025-03-07,9948.5849609375
2025-03-10,9919.326171875
2025-03-11,9865.6806640625
2025-03-12,9919.326171875
2025-03-13,9885.1865234375
2025-03-14,9982.72265625
2025-03-17,10041.2451171875
2025-03-18,10041.2451171875
2025-03-19,10129.025390625
2025-03-20,10129.025390625
2025-03-21,10114.3955078125
2025-03-24,10021.736328125
2025-03-25,10085.134765625
2025-03-26,10002.23046875
2025-03-27,9929.078125
2025-03-28,9816.9130859375
2025-03-31,9607.212890625
2025-04-01,9709.625
2025-04-02,9626.7197265625
2025-04-03,9807.1591796875
2025-04-04,9773.021484375
2025-04-07,9412.142578125
2025-04-08,9446.279296875
2025-04-09,9217.0712890625
2025-04-10,9563.3212890625
2025-04-11,9616.9658203125
2025-04-14,9709.625
2025-04-15,9675.486328125
2025-04-16,9758.3916015625
2025-04-17,9831.54296875
2025-04-18,9807.1591796875
2025-04-21,9914.447265625
2025-04-22,9924.2021484375
2025-04-23,9924.2021484375
2025-04-24,9899.818359375
2025-04-25,9899.818359375
2025-04-28,9924.2021484375
2025-04-29,10057.115234375
2025-04-30,10066.9609375
2025-05-02,10190.0283203125
2025-05-07,9998.04296875
2025-05-08,10096.49609375
2025-05-09,10116.1875
2025-05-12,9874.974609375
2025-05-13,9899.587890625
2025-05-14,9963.5830078125
2025-05-15,9963.5830078125
2025-05-16,10081.728515625
2025-05-19,10071.8837890625
2025-05-20,10111.2646484375
2025-05-21,10229.41015625
2025-05-22,10140.7998046875
2025-05-23,10130.9560546875
2025-05-26,10254.0234375
2025-05-27,10288.482421875
2025-05-28,10214.6416015625
2025-05-29,10268.7919921875
2025-05-30,10318.01953125
2025-06-02,10293.4052734375
2025-06-04,10406.62890625
2025-06-05,10416.4736328125
2025-06-09,10593.69140625
2025-06-10,10569.0771484375
2025-06-11,10672.455078125
2025-06-12,10662.609375
2025-06-13,10549.38671875
2025-06-16,10633.0732421875
2025-06-17,10583.8447265625
2025-06-18,10608.4609375
2025-06-19,10564.1552734375
2025-06-20,10741.373046875
2025-06-23,10613.3818359375
2025-06-24,10859.517578125
2025-06-25,10977.6640625
2025-06-26,11002.2763671875
2025-06-27,10982.5869140625
2025-06-30,11051.50390625
2025-07-01,11159.8037109375
2025-07-02,11204.1083984375
2025-07-03,11297.6396484375
2025-07-04,11273.02734375
2025-07-07,11371.4814453125
2025-07-08,11405.9404296875
2025-07-09,11469.935546875
2025-07-10,11696.380859375
2025-07-11,11632.384765625
2025-07-14,11666.84375
2025-07-15,11691.4580078125
2025-07-16,11607.771484375
2025-07-17,11834.216796875
2025-07-18,11696.380859375
2025-07-21,11642.23046875
2025-07-22,11671.765625
2025-07-23,11627.4609375
2025-07-24,11578.2353515625
2025-07-25,11548.69921875
2025-07-28,11440.3984375
2025-07-29,11529.0078125
2025-07-30,11588.20703125
2025-07-31,11558.607421875
2025-08-01,11159.013671875
2025-08-04,11282.345703125
2025-08-05,11455.0087890625
2025-08-06,11583.2734375
2025-08-07,11524.0751953125
2025-08-08,11603.0068359375
2025-08-11,11420.4765625
2025-08-12,11321.810546875
2025-08-13,11381.009765625
2025-08-14,11321.810546875
2025-08-18,11341.544921875
2025-08-19,11228.0791015625
2025-08-20,11218.2119140625
2025-08-21,11267.5458984375
2025-08-22,11331.677734375
2025-08-25,11420.4765625
2025-08-26,11376.0771484375
2025-08-27,11287.2783203125
2025-08-28,11331.677734375
2025-08-29,11237.9462890625
2025-09-01,11228.0791015625
2025-09-02,11203.4140625
2025-09-03,11233.0126953125
2025-09-04,11307.01171875
2025-09-05,11311.9453125
2025-09-08,11400.7431640625
2025-09-09,11371.14453125
2025-09-10,11376.0771484375
2025-09-11,11440.2099609375
2025-09-12,11420.4765625
2025-09-15,11415.54296875
2025-09-16,11361.27734375
2025-09-17,11351.4111328125
2025-09-18,11420.4765625
2025-09-19,11455.0087890625
2025-09-22,11445.1435546875
2025-09-23,11612.873046875
2025-09-24,11499.408203125
2025-09-25,11425.4091796875
2025-09-26,11326.744140625
2025-09-29,11464.875
2025-09-30,11356.34375
2025-10-01,11376.0771484375
2025-10-02,11316.8779296875
2025-10-10,11316.8779296875
2025-10-13,11198.48046875
2025-10-14,11193.546875
2025-10-15,11440.2099609375
2025-10-16,11494.474609375
2025-10-17,11464.875
2025-10-20,11578.3408203125
2025-10-21,11662.2060546875
2025-10-22,11746.0712890625
2025-10-23,11568.4736328125
2025-10-24,11573.4072265625
2025-10-27,11780.603515625
2025-10-28,11834.8701171875
2025-10-29,11760.87109375
2025-10-30,11656.8798828125
2025-10-31,11755.9189453125
2025-11-03,11830.1982421875
2025-11-04,11884.669921875
2025-11-05,11825.24609375
2025-11-06,11859.91015625
2025-11-07,11775.7265625
2025-11-10,11899.5244140625
2025-11-11,11810.390625
2025-11-12,12077.794921875
2025-11-13,12285.77734375
2025-11-14,12285.77734375
2025-11-17,12285.77734375
2025-11-18,12112.458984375
2025-11-19,12132.267578125
2025-11-20,12285.77734375
2025-11-21,12261.017578125
2025-11-24,12360.056640625
2025-11-25,12053.0361328125
2025-11-26,12310.5361328125
2025-11-27,12379.86328125
2025-11-28,12374.912109375
2025-12-01,12310.5361328125
2025-12-02,12261.017578125
2025-12-03,12379.86328125
2025-12-04,12389.767578125
2025-12-05,12384.8154296875
2025-12-08,12325.392578125
2025-12-09,12295.681640625
2025-12-10,12270.921875
2025-12-11,12211.498046875
2025-12-12,12315.48828125
2025-12-15,12478.90234375
2025-12-16,12582.8935546875
2025-12-17,12468.9990234375
2025-12-18,12246.1611328125
2025-12-19,12330.3447265625
2025-12-22,12295.681640625
2025-12-23,12275.873046875
2025-12-24,12226.353515625
2025-12-26,12161.978515625
2025-12-29,12216.4501953125
2025-12-30,12161.978515625
2026-01-02,12350.15234375
2026-01-05,12568.0380859375
2026-01-06,12577.94140625
2026-01-07,12518.5185546875
2026-01-08,12587.845703125
2026-01-09,12751.259765625
2026-01-12,12662.125
2026-01-13,12969.1455078125
2026-01-14,12855.2509765625
2026-01-15,12884.9619140625
2026-01-16,12909.72265625
2026-01-19,12884.9619140625
2026-01-20,13310.830078125
2026-01-21,13117.7041015625
2026-01-22,13216.7431640625
2026-01-23,13300.92578125
2026-01-26,13261.3095703125
2026-01-27,13365.30078125
2026-01-28,13454.4365234375
2026-01-29,13503.955078125
2026-01-30,13419.7724609375
2026-02-02,13107.7998046875
2026-02-03,13449.484375
2026-02-04,13682.2255859375
2026-02-05,13607.9462890625
2026-02-06,13469.2919921875
2026-02-09,13934.775390625
2026-02-10,14147.7080078125
2026-02-11,14405.2099609375
2026-02-12,14687.470703125
2026-02-13,14519.1044921875
2026-02-19,14603.2880859375
2026-02-20,14741.9423828125
2026-02-23,14761.75
2026-02-24,14821.1728515625
2026-02-25,14776.6064453125
2026-02-26,14763.73046875
2026-02-27,14420.0654296875
2026-03-03,13721.841796875
2026-03-04,12256.0654296875
2026-03-05,12934.482421875
2026-03-06,13092.9443359375
2026-03-09,12676.9814453125
2026-03-10,12909.72265625
2026-03-11,13073.13671875
2026-03-12,12944.3857421875
2026-03-13,12954.2890625
2026-03-16,12746.30859375
2026-03-17,13132.5595703125
2026-03-18,13370.2529296875
2026-03-19,13097.896484375
2026-03-20,13271.2138671875
2026-03-23,12508.615234375
2026-03-24,12969.1455078125
2026-03-25,13162.271484375
2026-03-26,13092.9443359375
2026-03-27,13187.03125
2026-03-30,12954.2890625
2026-03-31,12830.4912109375
2026-04-01,13271.2138671875
2026-04-02,12741.3564453125
2026-04-03,12731.4521484375
2026-04-06,12706.6923828125
2026-04-07,12587.845703125
2026-04-08,13087.9921875
2026-04-09,13177.1279296875
2026-04-10,13355.3974609375
2026-04-13,13276.166015625
2026-04-14,13444.5322265625
2026-04-15,13711.9375
2026-04-16,13840.6875
2026-04-17,13900.111328125
2026-04-20,13801.072265625
2026-04-21,13766.408203125
2026-04-22,13746.6005859375
2026-04-23,13815.9287109375
2026-04-24,13924.87109375
2026-04-27,13791.1689453125
2026-04-28,13796.12109375
2026-04-29,13671.24609375
2026-04-30,13496.421875
2026-05-04,13536.3818359375
2026-05-06,13286.6328125
2026-05-07,13286.6328125
2026-05-08,13466.4521484375
2026-05-11,13266.6533203125
2026-05-12,13261.658203125
2026-05-13,13086.833984375
2026-05-14,13516.4013671875
2026-05-15,13216.703125
2026-05-18,12832.08984375
2026-05-19,12652.271484375
2026-05-20,12437.4873046875
2026-05-21,12837.0849609375
2026-05-22,13196.7236328125
2026-05-26,13036.8837890625
2026-05-27,12877.044921875
2026-05-28,12717.2060546875
2026-05-29,12847.0751953125
2026-06-01,13041.87890625
2026-06-02,12907.0146484375
2026-06-04,12692.23046875
2026-06-05,12547.376953125
2026-06-08,11913.0146484375
2026-06-09,12452.4716796875
2026-06-10,12387.537109375
2026-06-11,12652.271484375
2026-06-12,12537.38671875
2026-06-15,12807.115234375
2026-06-16,12597.326171875
2026-06-17,12637.2861328125
2026-06-18,12312.6123046875
2026-06-19,12167.7587890625
2026-06-22,11888.0400390625
2026-06-23,11593.3359375
2026-06-24,11903.0244140625
2026-06-25,12007.9189453125
2026-06-26,11658.271484375
2026-06-29,12367.5576171875
2026-06-30,12017.9091796875
2026-07-01,12127.798828125
2026-07-02,12357.5673828125
2026-07-03,12357.5673828125
2026-07-06,12197.728515625
2026-07-07,12547.376953125
2026-07-08,12307.6181640625
2026-07-09,11957.9697265625
2026-07-10,12172.75390625
2026-07-13,12037.888671875
2026-07-14,11748.1806640625
2026-07-15,11937.9892578125
2026-07-16,12047.87890625
2026-07-20,11768.16015625
2026-07-21,11848.080078125
2026-07-22,11848.080078125
2026-07-23,12092.833984375
2026-07-24,12447.4765625
2026-07-27,12522.4013671875
2026-07-28,12052.8740234375
2026-07-29,11928.0
2026-07-30,12145.0
2026-07-31,12030.0
2026-08-03,11920.0
2026-08-04,12405.0
2026-08-05,12490.0
2026-08-06,12805.0
2026-08-07,13005.0
2026-08-10,12970.0
2026-08-11,13130.0
2026-08-12,12945.0
2026-08-13,12855.0
2026-08-14,13045.0
2026-08-18,12845.0
2026-08-19,12765.0
2026-08-20,12840.0
2026-08-21,12840.0
2026-08-24,13155.0
2026-08-25,13120.0
2026-08-26,13365.0
2026-08-27,13135.0
2026-08-28,13305.0
2026-08-31,13145.0
2026-09-01,13045.0
2026-09-02,12855.0
2026-09-03,12735.0
2026-09-04,12710.0
2026-09-07,12680.0
2026-09-08,12590.0
2026-09-09,12520.0
2026-09-10,12435.0
2026-09-11,12315.0
2026-09-14,12375.0
2026-09-15,12260.0
2026-09-16,12180.0
2026-09-17,12220.0
2026-09-18,12165.0
2026-09-21,12260.0
2026-09-22,12170.0
2026-09-23,12125.0
