date,value
2001-02-12,33.02690124511719
2001-02-13,32.054656982421875
2001-02-14,31.49622344970703
2001-02-15,31.83027458190918
2001-02-16,30.872970581054688
2001-02-20,30.45914459228516
2001-02-21,30.140043258666992
2001-02-22,29.03814125061035
2001-02-23,30.264692306518555
2001-02-26,31.76547622680664
2001-02-27,30.952747344970703
2001-02-28,30.922832489013672
2001-03-01,30.379365921020508
2001-03-02,30.553878784179688
2001-03-05,30.264692306518555
2001-03-06,30.21982383728028
2001-03-07,29.37220764160156
2001-03-08,28.38498878479004
2001-03-09,27.60219955444336
2001-03-12,25.208946228027344
2001-03-13,26.13633155822754
2001-03-14,25.637733459472656
2001-03-15,25.70255470275879
2001-03-16,24.23668670654297
2001-03-19,25.28871726989746
2001-03-20,23.997358322143555
2001-03-21,22.09771728515625
2001-03-22,21.668916702270508
2001-03-23,22.785768508911133
2001-03-26,23.82285118103028
2001-03-27,24.5557918548584
2001-03-28,23.96245574951172
2001-03-29,23.93753433227539
2001-03-30,24.38127326965332
2001-04-02,22.81568717956543
2001-04-03,21.56920051574707
2001-04-04,21.56920051574707
2001-04-05,23.28935813903809
2001-04-06,23.04005622863769
2001-04-09,23.69321250915528
2001-04-10,24.95366477966309
2001-04-11,24.634567260742188
2001-04-12,25.926908493041992
2001-04-16,25.52804374694824
2001-04-17,26.198156356811523
2001-04-18,28.24040031433105
2001-04-19,28.24040031433105
2001-04-20,27.538379669189453
2001-04-23,26.78849983215332
2001-04-24,25.54399681091309
2001-04-25,26.660850524902344
2001-04-26,26.80444526672364
2001-04-27,27.889385223388672
2001-04-30,29.1179256439209
2001-05-01,29.338106155395508
2001-05-02,29.35087013244629
2001-05-03,28.06489944458008
2001-05-04,29.10197257995605
2001-05-07,29.30938148498535
2001-05-08,29.46893119812012
2001-05-09,29.50084686279297
2001-05-10,28.87859916687012
2001-05-11,28.71904754638672
2001-05-14,28.08085060119629
2001-05-15,28.623321533203125
2001-05-16,29.56466293334961
2001-05-17,31.23994445800781
2001-05-18,31.28779602050781
2001-05-21,32.91522216796875
2001-05-22,33.15135955810547
2001-05-23,31.495229721069336
2001-05-24,32.771629333496094
2001-05-25,32.56740951538086
2001-05-29,32.16533279418945
2001-05-30,30.962322235107425
2001-05-31,31.638824462890625
2001-06-01,32.26105499267578
2001-06-04,33.33005905151367
2001-06-05,34.7181396484375
2001-06-06,34.111846923828125
2001-06-07,34.07994842529297
2001-06-08,33.48323440551758
2001-06-11,32.48442840576172
2001-06-12,31.81432342529297
2001-06-13,31.94197463989257
2001-06-14,31.11230087280273
2001-06-15,31.715404510498047
2001-06-18,31.399490356445312
2001-06-19,30.93679618835449
2001-06-20,32.229148864746094
2001-06-21,32.32489013671875
2001-06-22,31.479267120361328
2001-06-25,30.617700576782227
2001-06-26,30.697473526000977
2001-06-27,30.66555976867676
2001-06-28,31.41544532775879
2001-06-29,31.846227645874023
2001-07-02,31.546274185180664
2001-07-03,31.712221145629883
2001-07-05,30.32093048095703
2001-07-06,29.54870986938477
2001-07-09,30.05926513671875
2001-07-10,28.47972679138184
2001-07-11,27.92130279541016
2001-07-12,27.710693359375
2001-07-13,28.39995002746582
2001-07-16,26.88422393798828
2001-07-17,27.47455406188965
2001-07-18,27.92130279541016
2001-07-19,27.65005874633789
2001-07-20,28.12871360778809
2001-07-23,27.47455406188965
2001-07-24,26.38961601257324
2001-07-25,27.027814865112305
2001-07-26,27.570283889770508
2001-07-27,28.1414737701416
2001-07-30,27.65005874633789
2001-07-31,27.76175308227539
2001-08-01,27.76175308227539
2001-08-02,27.570283889770508
2001-08-03,27.646875381469727
2001-08-06,27.42669105529785
2001-08-07,27.209699630737305
2001-08-08,26.293888092041016
2001-08-09,26.134336471557617
2001-08-10,26.357704162597656
2001-08-13,27.18099021911621
2001-08-14,26.99590110778809
2001-08-15,26.40557289123535
2001-08-16,26.62894821166992
2001-08-17,26.07051658630371
2001-08-20,25.910966873168945
2001-08-21,25.81523895263672
2001-08-22,26.91293716430664
2001-08-23,27.88619613647461
2001-08-24,28.71904754638672
2001-08-27,29.044532775878903
2001-08-28,28.39995002746582
2001-08-29,28.24040031433105
2001-08-30,28.32017135620117
2001-08-31,28.017030715942383
2001-09-04,28.12552261352539
2001-09-05,27.9372501373291
2001-09-06,27.56709671020508
2001-09-07,26.86826515197754
2001-09-10,26.56512451171875
2001-09-17,24.602657318115234
2001-09-18,23.1347885131836
2001-09-19,22.81568717956543
2001-09-20,22.879507064819336
2001-09-21,22.017946243286133
2001-09-24,22.081758499145508
2001-09-25,22.36894989013672
2001-09-26,22.337038040161133
2001-09-27,23.485801696777344
2001-09-28,23.725128173828125
2001-10-01,23.772994995117188
2001-10-02,24.50692367553711
2001-10-03,25.208946228027344
2001-10-04,24.570743560791016
2001-10-05,24.68242454528809
2001-10-08,24.15591812133789
2001-10-09,24.312274932861328
2001-10-10,25.40041160583496
2001-10-11,26.584264755249023
2001-10-12,26.59703063964844
2001-10-15,26.83635902404785
2001-10-16,27.23204231262207
2001-10-17,25.879053115844727
2001-10-18,26.102428436279297
2001-10-19,26.724668502807617
2001-10-22,27.49052047729492
2001-10-23,26.99590110778809
2001-10-24,27.299057006835938
2001-10-25,28.160625457763672
2001-10-26,28.830730438232425
2001-10-29,27.80961036682129
2001-10-30,27.187368392944336
2001-10-31,27.538379669189453
2001-11-01,27.857481002807617
2001-11-02,27.20332908630371
2001-11-05,28.24040031433105
2001-11-06,28.55949592590332
2001-11-07,28.39995002746582
2001-11-08,27.91810607910156
2001-11-09,27.28310203552246
2001-11-12,27.53518867492676
2001-11-13,28.368043899536133
2001-11-14,28.33612632751465
2001-11-15,28.19253921508789
2001-11-16,28.46376609802246
2001-11-19,29.50084686279297
2001-11-20,28.89455795288086
2001-11-21,29.18174934387207
2001-11-23,29.68273162841797
2001-11-26,30.585792541503903
2001-11-27,30.34326362609864
2001-11-28,29.42107582092285
2001-11-29,29.96354866027832
2001-11-30,30.170955657958984
2001-12-03,29.67635154724121
2001-12-04,30.123096466064453
2001-12-05,30.713422775268555
2001-12-06,30.92084503173828
2001-12-07,30.34645652770996
2001-12-10,29.30938148498535
2001-12-11,29.07005882263184
2001-12-12,28.75096321105957
2001-12-13,28.86264038085937
2001-12-14,28.71904754638672
2001-12-17,29.64444351196289
2001-12-18,29.83591079711914
2001-12-19,29.484888076782227
2001-12-20,29.086013793945312
2001-12-21,29.532751083374023
2001-12-24,29.67635154724121
2001-12-26,29.819955825805664
2001-12-27,29.72421646118164
2001-12-28,30.04651260375977
2001-12-31,29.05410385131836
2002-01-02,28.368043899536133
2002-01-03,28.017030715942383
2002-01-04,28.2563533782959
2002-01-07,27.74579429626465
2002-01-08,27.87343978881836
2002-01-09,27.52242088317871
2002-01-10,27.84152030944824
2002-01-11,28.08085060119629
2002-01-14,27.08207130432129
2002-01-15,27.059734344482425
2002-01-16,26.52044105529785
2002-01-17,26.39919090270996
2002-01-18,25.49613380432129
2002-01-22,25.75141906738281
2002-01-23,26.56512451171875
2002-01-24,26.37685203552246
2002-01-25,25.926908493041992
2002-01-28,25.208946228027344
2002-01-29,24.76220703125
2002-01-30,24.76220703125
2002-01-31,24.985567092895508
2002-02-01,25.192989349365234
2002-02-04,23.916587829589844
2002-02-05,24.09209251403809
2002-02-06,23.37411880493164
2002-02-07,23.05501365661621
2002-02-08,24.108051300048828
2002-02-11,24.5388298034668
2002-02-12,25.54399681091309
2002-02-13,25.38763999938965
2002-02-14,24.82603073120117
2002-02-15,24.5388298034668
2002-02-19,23.83681297302246
2002-02-20,24.427148818969727
2002-02-21,23.900632858276367
2002-02-22,24.108051300048828
2002-02-25,24.025089263916016
2002-02-26,24.423959732055664
2002-02-27,24.11762428283692
2002-02-28,23.75703811645508
2002-03-01,23.86871337890625
2002-03-04,24.570743560791016
2002-03-05,24.283552169799805
2002-03-06,25.55995750427246
2002-03-07,25.17702865600586
2002-03-08,25.1738395690918
2002-03-11,25.28871726989746
2002-03-12,25.08130645751953
2002-03-13,25.320629119873047
2002-03-14,25.464229583740234
2002-03-15,25.75141906738281
2002-03-18,26.118385314941406
2002-03-19,26.166244506835938
2002-03-20,25.52804374694824
2002-03-21,26.32579040527344
2002-03-22,26.0098819732666
2002-03-25,25.09725952148437
2002-03-26,24.93770408630371
2002-03-27,24.86113166809082
2002-03-28,24.602657318115234
2002-04-01,24.85793876647949
2002-04-02,24.25164604187012
2002-04-03,23.916587829589844
2002-04-04,23.42198371887207
2002-04-05,22.83164596557617
2002-04-08,22.863555908203125
2002-04-09,22.337038040161133
2002-04-10,23.21456527709961
2002-04-11,22.67209243774414
2002-04-12,22.98481559753418
2002-04-15,23.1347885131836
2002-04-16,23.37411880493164
2002-04-17,23.10287857055664
2002-04-18,23.69321250915528
2002-04-19,23.339014053344727
2002-04-22,22.704015731811523
2002-04-23,22.337038040161133
2002-04-24,22.22535896301269
2002-04-25,21.443559646606445
2002-04-26,20.69367218017578
2002-04-29,20.167156219482425
2002-04-30,20.70962142944336
2002-05-01,20.534130096435547
2002-05-02,19.950170516967773
2002-05-03,19.7044620513916
2002-05-06,18.5716552734375
2002-05-07,18.31636619567871
2002-05-08,19.733179092407227
2002-05-09,18.98648262023925
2002-05-10,18.34828186035156
2002-05-13,18.97053337097168
2002-05-14,20.04908943176269
2002-05-15,20.13524055480957
2002-05-16,19.44917678833008
2002-05-17,19.78423118591309
2002-05-20,19.25771713256836
2002-05-21,18.71844291687012
2002-05-22,18.826934814453125
2002-05-23,20.342662811279297
2002-05-24,19.225807189941406
2002-05-28,19.58639144897461
2002-05-29,18.92265510559082
2002-05-30,19.05030059814453
2002-05-31,18.49187660217285
2002-06-03,17.470754623413086
2002-06-04,17.279293060302734
2002-06-05,17.470754623413086
2002-06-06,16.436864852905273
2002-06-07,16.401763916015625
2002-06-10,16.5772762298584
2002-06-11,15.39979362487793
2002-06-12,15.380651473999023
2002-06-13,15.253002166748049
2002-06-14,16.111391067504883
2002-06-17,17.039974212646484
2002-06-18,17.020828247070312
2002-06-19,16.68257713317871
2002-06-20,15.87524700164795
2002-06-21,15.65187931060791
2002-06-24,15.986944198608398
2002-06-25,15.508286476135254
2002-06-26,15.57211208343506
2002-06-27,16.079483032226562
2002-06-28,16.274131774902344
2002-07-01,14.80307388305664
2002-07-02,14.168063163757324
2002-07-03,13.976600646972656
2002-07-05,14.59885311126709
2002-07-08,14.263797760009766
2002-07-09,13.721323013305664
2002-07-10,12.89804458618164
2002-07-11,13.4819974899292
2002-07-12,13.657505989074709
2002-07-15,13.84258270263672
2002-07-16,14.15211009979248
2002-07-17,15.28491497039795
2002-07-18,14.535029411315918
2002-07-19,14.206358909606934
2002-07-22,14.247841835021973
2002-07-23,13.730895042419434
2002-07-24,14.519071578979492
2002-07-25,15.109413146972656
2002-07-26,14.997727394104004
2002-07-29,15.683792114257812
2002-07-30,16.321990966796875
2002-07-31,16.465593338012695
2002-08-01,15.81143856048584
2002-08-02,15.65187931060791
2002-08-05,14.873278617858888
2002-08-06,15.923113822937012
2002-08-07,15.939074516296388
2002-08-08,16.72086524963379
2002-08-09,16.97615623474121
2002-08-12,17.142086029052734
2002-08-13,16.26136589050293
2002-08-14,17.119739532470703
2002-08-15,17.119739532470703
2002-08-16,16.915529251098633
2002-08-19,16.369869232177734
2002-08-20,16.60918617248535
2002-08-21,17.024019241333008
2002-08-22,17.381404876708984
2002-08-23,16.784687042236328
2002-08-26,16.72086524963379
2002-08-27,15.986944198608398
2002-08-28,15.827386856079102
2002-08-29,16.050756454467773
2002-08-30,15.63592529296875
2002-09-03,14.790310859680176
2002-09-04,15.316824913024902
2002-09-05,14.694580078125
2002-09-06,15.23705005645752
2002-09-09,15.661455154418944
2002-09-10,15.731656074523926
2002-09-11,15.731656074523926
2002-09-12,15.240242958068848
2002-09-13,15.54019832611084
2002-09-16,15.418940544128418
2002-09-17,15.2051420211792
2002-09-18,15.444466590881348
2002-09-19,14.61480712890625
2002-09-20,14.67862606048584
2002-09-23,13.960650444030762
2002-09-24,14.48716640472412
2002-09-25,15.22109603881836
2002-09-26,15.11898422241211
2002-09-27,14.627571105957031
2002-09-30,14.758400917053224
2002-10-01,15.364691734313965
2002-10-02,15.036019325256348
2002-10-03,15.004108428955078
2002-10-04,14.362711906433104
2002-10-07,14.3435697555542
2002-10-08,14.61480712890625
2002-10-09,14.23188304901123
2002-10-10,14.838175773620604
2002-10-11,14.997727394104004
2002-10-14,15.63592529296875
2002-10-15,15.955026626586914
2002-10-16,15.92630672454834
2002-10-17,16.274131774902344
2002-10-18,16.274131774902344
2002-10-21,16.417713165283203
2002-10-22,16.17201805114746
2002-10-23,16.194353103637695
2002-10-24,15.747614860534668
2002-10-25,16.219879150390625
2002-10-28,16.210309982299805
2002-10-29,16.184789657592773
2002-10-30,16.385814666748047
2002-10-31,16.3060302734375
2002-11-01,16.561325073242188
2002-11-04,16.97615623474121
2002-11-05,17.25696563720703
2002-11-06,17.173992156982422
2002-11-07,16.92190170288086
2002-11-08,16.593229293823242
2002-11-11,16.24221420288086
2002-11-12,16.47835350036621
2002-11-13,16.363475799560547
2002-11-14,16.912330627441406
2002-11-15,16.85808563232422
2002-11-18,16.848512649536133
2002-11-19,16.634714126586914
2002-11-20,17.151655197143555
2002-11-21,17.869632720947266
2002-11-22,17.914302825927734
2002-11-25,17.93345069885254
2002-11-26,17.263343811035156
2002-11-27,17.89516258239746
2002-11-29,17.831350326538086
2002-12-02,17.7100830078125
2002-12-03,17.37502098083496
2002-12-04,17.263343811035156
2002-12-05,17.31120491027832
2002-12-06,17.47394371032715
2002-12-09,16.880422592163086
2002-12-10,16.72086524963379
2002-12-11,16.813396453857422
2002-12-12,17.071874618530273
2002-12-13,16.5772762298584
2002-12-16,16.63152313232422
2002-12-17,16.880422592163086
2002-12-18,16.625141143798828
2002-12-19,16.353899002075195
2002-12-20,16.586843490600586
2002-12-23,16.70491600036621
2002-12-24,16.80063819885254
2002-12-26,16.586843490600586
2002-12-27,16.031604766845703
2002-12-30,15.79228687286377
2002-12-31,15.747614860534668
2003-01-02,16.27094078063965
2003-01-03,16.140106201171875
2003-01-06,16.33794403076172
2003-01-07,16.210309982299805
2003-01-08,15.795480728149414
2003-01-09,16.0986270904541
2003-01-10,16.481550216674805
2003-01-13,16.72086524963379
2003-01-14,16.848512649536133
2003-01-15,16.75278091430664
2003-01-16,16.97615623474121
2003-01-17,16.72086524963379
2003-01-21,16.408153533935547
2003-01-22,16.45283317565918
2003-01-23,16.59642791748047
2003-01-24,16.050756454467773
2003-01-27,15.556150436401367
2003-01-28,15.87524700164795
2003-01-29,15.795480728149414
2003-01-30,15.479567527770996
2003-01-31,15.49871826171875
2003-02-03,15.396599769592283
2003-02-04,15.077506065368652
2003-02-05,15.029632568359377
2003-02-06,14.997727394104004
2003-02-07,15.176424980163574
2003-02-10,15.28491497039795
2003-02-11,15.268964767456056
2003-02-12,15.093456268310549
2003-02-13,14.889229774475098
2003-02-14,15.090269088745115
2003-02-18,15.28491497039795
2003-02-19,15.339165687561035
2003-02-20,15.150894165039062
2003-02-21,15.364691734313965
2003-02-24,14.972195625305176
2003-02-25,15.064739227294922
2003-02-26,14.898802757263184
2003-02-27,15.176424980163574
2003-02-28,15.268964767456056
2003-03-03,15.07430934906006
2003-03-04,15.013679504394531
2003-03-05,15.217905044555664
2003-03-06,15.150894165039062
2003-03-07,15.26576805114746
2003-03-10,15.093456268310549
2003-03-11,14.972195625305176
2003-03-12,15.013679504394531
2003-03-13,15.632735252380373
2003-03-14,15.629544258117676
2003-03-17,16.146488189697266
2003-03-18,16.545368194580078
2003-03-19,16.385814666748047
2003-03-20,16.47515869140625
2003-03-21,16.64109230041504
2003-03-24,16.162445068359375
2003-03-25,16.417713165283203
2003-03-26,16.389005661010742
2003-03-27,16.72086524963379
2003-03-28,16.625141143798828
2003-03-31,16.33794403076172
2003-04-01,16.417713165283203
2003-04-02,16.87404441833496
2003-04-03,17.151655197143555
2003-04-04,16.925098419189453
2003-04-07,16.529403686523438
2003-04-08,16.70491600036621
2003-04-09,16.433679580688477
2003-04-10,16.24221420288086
2003-04-11,16.03480339050293
2003-04-14,16.408153533935547
2003-04-15,16.545368194580078
2003-04-16,16.29965591430664
2003-04-17,16.593229293823242
2003-04-21,16.688961029052734
2003-04-22,17.279293060302734
2003-04-23,17.837726593017578
2003-04-24,17.869632720947266
2003-04-25,17.75794219970703
2003-04-28,18.1887264251709
2003-04-29,18.166393280029297
2003-04-30,18.28445243835449
2003-05-01,18.590801239013672
2003-05-02,18.97053337097168
2003-05-05,19.059877395629883
2003-05-06,18.8652286529541
2003-05-07,18.51739883422852
2003-05-08,18.28445243835449
2003-05-09,18.63547134399414
2003-05-12,19.15241050720215
2003-05-13,19.09816169738769
2003-05-14,19.50023460388184
2003-05-15,19.94059562683105
2003-05-16,19.707653045654297
2003-05-19,19.30558204650879
2003-05-20,19.25771713256836
2003-05-21,19.260910034179688
2003-05-22,19.83209800720215
2003-05-23,20.323511123657227
2003-05-27,21.539291381835938
2003-05-28,21.3382568359375
2003-05-29,21.146791458129883
2003-05-30,21.717981338500977
2003-06-02,21.93816566467285
2003-06-03,21.698843002319336
2003-06-04,22.321090698242188
2003-06-05,23.654932022094727
2003-06-06,23.268814086914062
2003-06-09,22.43277359008789
2003-06-10,22.691238403320312
2003-06-11,23.578340530395508
2003-06-12,23.64534950256348
2003-06-13,23.32944297790528
2003-06-16,23.993173599243164
2003-06-17,23.55599975585937
2003-06-18,22.688047409057617
2003-06-19,21.31591033935547
2003-06-20,21.62544250488281
2003-06-23,20.80535888671875
2003-06-24,21.07659149169922
2003-06-25,21.42440795898437
2003-06-26,22.04346466064453
2003-06-27,21.64778518676757
2003-06-30,21.376543045043945
2003-07-01,21.351015090942383
2003-07-02,21.762664794921875
2003-07-03,21.82648086547852
2003-07-07,22.6338005065918
2003-07-08,23.106067657470703
2003-07-09,23.485801696777344
2003-07-10,23.10287857055664
2003-07-11,23.24647331237793
2003-07-14,23.49856948852539
2003-07-15,23.45388603210449
2003-07-16,23.27838516235352
2003-07-17,22.400854110717773
2003-07-18,22.62423324584961
2003-07-21,22.19344139099121
2003-07-22,22.592315673828125
2003-07-23,22.76781845092773
2003-07-24,22.518930435180664
2003-07-25,22.8125
2003-07-28,23.390050888061523
2003-07-29,23.294342041015625
2003-07-30,22.97842788696289
2003-07-31,23.342205047607425
2003-08-01,22.75186347961425
2003-08-04,22.356185913085938
2003-08-05,21.34783172607422
2003-08-06,20.78940200805664
2003-08-07,21.18827438354492
2003-08-08,21.060636520385746
2003-08-11,21.277626037597656
2003-08-12,21.950925827026367
2003-08-13,21.740312576293945
2003-08-14,21.797760009765625
2003-08-15,21.89668655395508
2003-08-18,22.49658966064453
2003-08-19,22.65294647216797
2003-08-20,22.80292701721192
2003-08-21,23.262434005737305
2003-08-22,22.719955444335938
2003-08-25,22.6752872467041
2003-08-26,22.65294647216797
2003-08-27,22.866743087768555
2003-08-28,23.42198371887207
2003-08-29,23.536853790283203
2003-09-02,24.005931854248047
2003-09-03,23.7410888671875
2003-09-04,24.060182571411133
2003-09-05,24.206966400146484
2003-09-08,25.145118713378903
2003-09-09,25.34296607971192
2003-09-10,24.589889526367188
2003-09-11,24.794113159179688
2003-09-12,24.819639205932617
2003-09-15,24.8132553100586
2003-09-16,25.03344345092773
2003-09-17,25.15788459777832
2003-09-18,25.349342346191406
2003-09-19,25.36849403381348
2003-09-22,24.873891830444336
2003-09-23,24.966426849365234
2003-09-24,23.80809593200684
2003-09-25,23.38369369506836
2003-09-26,22.569988250732425
2003-09-29,22.991193771362305
2003-09-30,22.89546012878418
2003-10-01,23.17946434020996
2003-10-02,23.77617835998535
2003-10-03,23.865528106689453
2003-10-06,23.83681297302246
2003-10-07,24.060182571411133
2003-10-08,23.658117294311523
2003-10-09,23.89105033874512
2003-10-10,23.86871337890625
2003-10-13,24.162288665771484
2003-10-14,24.18781852722168
2003-10-15,23.485801696777344
2003-10-16,23.473033905029297
2003-10-17,22.844411849975582
2003-10-20,22.333845138549805
2003-10-21,23.23690795898437
2003-10-22,22.11367416381836
2003-10-23,22.41042900085449
2003-10-24,22.58592796325684
2003-10-27,22.439149856567383
2003-10-28,22.81888198852539
2003-10-29,22.799739837646484
2003-10-30,22.57636833190918
2003-10-31,22.65294647216797
2003-11-03,22.464672088623047
2003-11-04,22.42000770568848
2003-11-05,22.487016677856445
2003-11-06,22.710390090942383
2003-11-07,22.614648818969727
2003-11-10,21.73075294494629
2003-11-11,21.31591033935547
2003-11-12,22.12963104248047
2003-11-13,22.464672088623047
2003-11-14,21.523332595825195
2003-11-17,21.459508895874023
2003-11-18,20.984054565429688
2003-11-19,21.2489013671875
2003-11-20,21.271244049072266
2003-11-21,21.376543045043945
2003-11-24,21.979644775390625
2003-11-25,21.98283767700196
2003-11-26,22.033899307250977
2003-11-28,22.12963104248047
2003-12-01,22.726343154907227
2003-12-02,22.84760475158692
2003-12-03,22.480632781982425
2003-12-04,22.464672088623047
2003-12-05,22.32427406311035
2003-12-08,22.289167404174805
2003-12-09,21.954120635986328
2003-12-10,21.666927337646484
2003-12-11,22.289167404174805
2003-12-12,22.26045608520508
2003-12-15,22.065805435180664
2003-12-16,22.09771728515625
2003-12-17,22.18386459350586
2003-12-18,22.337038040161133
2003-12-19,22.46787071228028
2003-12-22,22.52849578857422
2003-12-23,22.834835052490234
2003-12-24,22.879507064819336
2003-12-26,22.84122085571289
2003-12-29,23.25285720825196
2003-12-30,23.294342041015625
2003-12-31,22.959287643432617
2004-01-02,23.268814086914062
2004-01-05,23.272003173828125
2004-01-06,23.3581657409668
2004-01-07,23.728321075439453
2004-01-08,23.887868881225582
2004-01-09,23.98359680175781
2004-01-12,24.044225692749023
2004-01-13,23.83042907714844
2004-01-14,23.96444702148437
2004-01-15,24.18781852722168
2004-01-16,24.64732360839844
2004-01-20,24.666475296020508
2004-01-21,24.950477600097656
2004-01-22,24.733482360839844
2004-01-23,24.97600746154785
2004-01-26,25.403594970703125
2004-01-27,25.020675659179688
2004-01-28,24.57393264770508
2004-01-29,24.70157241821289
2004-01-30,24.52288246154785
2004-02-02,24.88984680175781
2004-02-03,25.145118713378903
2004-02-04,24.427148818969727
2004-02-05,24.283552169799805
2004-02-06,24.77815055847168
2004-02-09,24.84516334533692
2004-02-10,25.119598388671875
2004-02-11,25.32382583618164
2004-02-12,25.228090286254883
2004-02-13,24.979190826416016
2004-02-17,25.03344345092773
2004-02-18,25.208946228027344
2004-02-19,24.73029327392578
2004-02-20,24.634567260742188
2004-02-23,24.18781852722168
2004-02-24,24.15591812133789
2004-02-25,24.490966796875
2004-02-26,24.76220703125
2004-02-27,24.73029327392578
2004-03-01,25.017475128173828
2004-03-02,25.049400329589844
2004-03-03,25.1738395690918
2004-03-04,25.55357360839844
2004-03-05,25.81523895263672
2004-03-08,25.355731964111328
2004-03-09,25.04300880432129
2004-03-10,24.363325119018555
2004-03-11,24.108051300048828
2004-03-12,24.73029327392578
2004-03-15,24.012311935424805
2004-03-16,23.782564163208008
2004-03-17,24.392045974731445
2004-03-18,24.37928581237793
2004-03-19,24.24844741821289
2004-03-22,23.57514762878418
2004-03-23,23.326250076293945
2004-03-24,23.332632064819336
2004-03-25,24.012311935424805
2004-03-26,23.74427032470703
2004-03-29,24.49416160583496
2004-03-30,24.76858139038086
2004-03-31,24.663280487060547
2004-04-01,25.001523971557617
2004-04-02,25.54399681091309
2004-04-05,25.90139579772949
2004-04-06,25.57590675354004
2004-04-07,25.52804374694824
2004-04-08,25.33978271484375
2004-04-12,25.46742248535156
2004-04-13,24.95366477966309
2004-04-14,24.98238754272461
2004-04-15,25.03982162475586
2004-04-16,25.26957130432129
2004-04-19,25.73865509033203
2004-04-20,25.208946228027344
2004-04-21,25.49613380432129
2004-04-22,25.907777786254883
2004-04-23,25.910966873168945
2004-04-26,26.86826515197754
2004-04-27,26.89060401916504
2004-04-28,26.038610458374023
2004-04-29,25.65887451171875
2004-04-30,24.8132553100586
2004-05-03,25.11321830749512
2004-05-04,24.85793876647949
2004-05-05,25.32382583618164
2004-05-06,24.950477600097656
2004-05-07,24.37928581237793
2004-05-10,23.7410888671875
2004-05-11,24.124008178710938
2004-05-12,24.37928581237793
2004-05-13,24.20377922058105
2004-05-14,24.060182571411133
2004-05-17,23.804903030395508
2004-05-18,23.916587829589844
2004-05-19,23.4698429107666
2004-05-20,23.262434005737305
2004-05-21,23.42198371887207
2004-05-24,23.43793487548828
2004-05-25,23.92934799194336
2004-05-26,24.191017150878903
2004-05-27,24.24844741821289
2004-05-28,24.124008178710938
2004-06-01,24.302698135375977
2004-06-02,24.350566864013672
2004-06-03,23.932546615600582
2004-06-04,24.124008178710938
2004-06-07,24.20377922058105
2004-06-08,23.98040199279785
2004-06-09,23.18902969360352
2004-06-10,23.007152557373047
2004-06-14,22.975242614746094
2004-06-15,23.1284122467041
2004-06-16,23.52409553527832
2004-06-17,23.294342041015625
2004-06-18,23.198606491088867
2004-06-21,23.035865783691406
2004-06-22,23.007152557373047
2004-06-23,23.581531524658203
2004-06-24,23.648542404174805
2004-06-25,23.68045234680176
2004-06-28,23.581531524658203
2004-06-29,23.87510871887207
2004-06-30,23.96444702148437
2004-07-01,23.73789405822754
2004-07-02,23.6964054107666
2004-07-06,23.20818901062012
2004-07-07,23.13798141479492
2004-07-08,22.62423324584961
2004-07-09,22.560407638549805
2004-07-12,22.37852478027344
2004-07-13,22.337038040161133
2004-07-14,22.52849578857422
2004-07-15,22.435964584350582
2004-07-16,21.922208786010746
2004-07-19,21.63501739501953
2004-07-20,22.16791343688965
2004-07-21,21.124462127685547
2004-07-22,21.34463882446289
2004-07-23,21.019147872924805
2004-07-26,20.534130096435547
2004-07-27,21.140411376953125
2004-07-28,21.19785118103028
2004-07-29,21.49142074584961
2004-07-30,21.650968551635746
2004-08-02,21.31591033935547
2004-08-03,21.0223388671875
2004-08-04,20.891515731811523
2004-08-05,20.419246673583984
2004-08-06,19.78741836547852
2004-08-09,19.54491233825684
2004-08-10,19.931026458740234
2004-08-11,20.384138107299805
2004-08-12,20.087383270263672
2004-08-13,19.87996864318848
2004-08-16,20.524547576904297
2004-08-17,20.661754608154297
2004-08-18,21.357398986816406
2004-08-19,21.252099990844727
2004-08-20,21.68287467956543
2004-08-23,21.459508895874023
2004-08-24,21.536102294921875
2004-08-25,21.86477279663086
2004-08-26,21.77861595153809
2004-08-27,22.084949493408203
2004-08-30,21.459508895874023
2004-08-31,21.603105545043945
2004-09-01,21.96369171142578
2004-09-02,22.247697830200195
2004-09-03,22.053035736083984
2004-09-07,22.139198303222656
2004-09-08,21.998788833618164
2004-09-09,22.03708839416504
2004-09-10,22.22535896301269
2004-09-13,22.512544631958008
2004-09-14,22.62423324584961
2004-09-15,22.512544631958008
2004-09-16,22.560407638549805
2004-09-17,22.707199096679688
2004-09-20,22.68166732788086
2004-09-21,22.89546012878418
2004-09-22,22.289167404174805
2004-09-23,22.24131202697754
2004-09-24,22.28598403930664
2004-09-27,21.89348793029785
2004-09-28,22.273218154907227
2004-09-29,22.39128303527832
2004-09-30,22.314701080322266
2004-10-01,22.73590850830078
2004-10-04,22.933761596679688
2004-10-05,22.601896286010746
2004-10-06,22.57636833190918
2004-10-07,22.033899307250977
2004-10-08,21.820093154907227
2004-10-11,21.9955997467041
2004-10-12,21.87753295898437
2004-10-13,21.43717765808105
2004-10-14,21.284008026123047
2004-10-15,21.47865867614746
2004-10-18,21.765851974487305
2004-10-19,21.523332595825195
2004-10-20,21.62225914001465
2004-10-21,21.50737953186035
2004-10-22,21.054258346557617
2004-10-25,20.741539001464844
2004-10-26,21.156370162963867
2004-10-27,21.650968551635746
2004-10-28,21.794565200805664
2004-10-29,21.721174240112305
2004-11-01,21.673316955566406
2004-11-02,21.41164970397949
2004-11-03,22.09771728515625
2004-11-04,22.11367416381836
2004-11-05,22.65933609008789
2004-11-08,22.52849578857422
2004-11-09,22.68485450744629
2004-11-10,22.783775329589844
2004-11-11,23.05501365661621
2004-11-12,22.997577667236328
2004-11-15,22.94971466064453
2004-11-16,22.75506591796875
2004-11-17,22.729536056518555
2004-11-18,22.78058433532715
2004-11-19,22.308320999145508
2004-11-22,22.311508178710938
2004-11-23,22.244503021240234
2004-11-24,22.487016677856445
2004-11-26,22.544452667236328
2004-11-29,22.515737533569336
2004-11-30,22.49658966064453
2004-12-01,22.91141891479492
2004-12-02,23.3549747467041
2004-12-03,23.18584442138672
2004-12-06,23.099687576293945
2004-12-07,22.67209243774414
2004-12-08,23.1347885131836
2004-12-09,23.262434005737305
2004-12-10,23.24966621398925
2004-12-13,23.64534950256348
2004-12-14,23.916587829589844
2004-12-15,23.766611099243164
2004-12-16,23.70917320251465
2004-12-17,23.772994995117188
2004-12-20,23.67087745666504
2004-12-21,23.782564163208008
2004-12-22,23.878293991088867
2004-12-23,23.996362686157227
2004-12-27,23.804903030395508
2004-12-28,24.20377922058105
2004-12-29,24.22930335998535
2004-12-30,24.17186737060547
2004-12-31,24.060182571411133
2005-01-03,23.75703811645508
2005-01-04,23.05501365661621
2005-01-05,22.89546012878418
2005-01-06,23.326250076293945
2005-01-07,23.24966621398925
2005-01-10,23.56557273864746
2005-01-11,23.10287857055664
2005-01-12,23.294342041015625
2005-01-13,22.96885871887207
2005-01-14,23.10287857055664
2005-01-18,23.43793487548828
2005-01-19,23.0390682220459
2005-01-20,22.863555908203125
2005-01-21,22.710390090942383
2005-01-24,22.244503021240234
2005-01-25,22.337038040161133
2005-01-26,22.783775329589844
2005-01-27,22.688047409057617
2005-01-28,22.43277359008789
2005-01-31,22.73271942138672
2005-02-01,22.82526016235352
2005-02-02,22.83164596557617
2005-02-03,22.64337921142578
2005-02-04,23.272003173828125
2005-02-07,23.198606491088867
2005-02-08,23.08692741394043
2005-02-09,22.426389694213867
2005-02-10,22.337038040161133
2005-02-11,22.65614128112793
2005-02-14,22.7008113861084
2005-02-15,22.608274459838867
2005-02-16,22.608274459838867
2005-02-17,22.53168678283692
2005-02-18,22.43277359008789
2005-02-22,22.11367416381836
2005-02-23,22.23173713684082
2005-02-24,22.38809585571289
2005-02-25,22.75186347961425
2005-02-28,21.794565200805664
2005-03-01,21.858381271362305
2005-03-02,21.784996032714844
2005-03-03,21.50737953186035
2005-03-04,21.284008026123047
2005-03-07,21.22018814086914
2005-03-08,21.095741271972656
2005-03-09,21.006391525268555
2005-03-10,20.897899627685547
2005-03-11,20.735153198242188
2005-03-14,21.37973594665528
2005-03-15,20.8851318359375
2005-03-16,20.65217971801757
2005-03-17,20.76387596130371
2005-03-18,20.70962142944336
2005-03-21,20.70962142944336
2005-03-22,20.741539001464844
2005-03-23,20.80535888671875
2005-03-24,20.96491241455078
2005-03-28,20.633041381835938
2005-03-29,20.19906234741211
2005-03-30,20.518165588378903
2005-03-31,20.27883720397949
2005-04-01,20.103334426879883
2005-04-04,20.112911224365234
2005-04-05,20.326704025268555
2005-04-06,20.67452621459961
2005-04-07,20.96491241455078
2005-04-08,20.859603881835938
2005-04-11,20.86918067932129
2005-04-12,21.1372184753418
2005-04-13,20.96491241455078
2005-04-14,20.6138973236084
2005-04-15,20.6138973236084
2005-04-18,20.534130096435547
2005-04-19,20.69367218017578
2005-04-20,20.45434761047364
2005-04-21,20.8851318359375
2005-04-22,20.70962142944336
2005-04-25,20.75748634338379
2005-04-26,20.722400665283203
2005-04-27,20.60112953186035
2005-04-28,20.103334426879883
2005-04-29,20.25331687927246
2005-05-02,20.39051818847656
2005-05-03,20.50221061706543
2005-05-04,20.82131004333496
2005-05-05,20.881940841674805
2005-05-06,20.904272079467773
2005-05-09,21.268051147460938
2005-05-10,21.37973594665528
2005-05-11,21.50737953186035
2005-05-12,21.392501831054688
2005-05-13,21.22018814086914
2005-05-16,21.351015090942383
2005-05-17,21.236143112182617
2005-05-18,21.414838790893555
2005-05-19,21.443559646606445
2005-05-20,21.36697196960449
2005-05-23,21.41164970397949
2005-05-24,21.354209899902344
2005-05-25,21.18827438354492
2005-05-26,21.36378288269043
2005-05-27,21.4531307220459
2005-05-31,21.284008026123047
2005-06-01,21.37017250061035
2005-06-02,21.33187484741211
2005-06-03,20.917041778564453
2005-06-06,20.725584030151367
2005-06-07,20.64898681640625
2005-06-08,20.54369354248047
2005-06-09,20.83726692199707
2005-06-10,20.83726692199707
2005-06-13,20.83726692199707
2005-06-14,20.92342758178711
2005-06-15,20.904272079467773
2005-06-16,21.539291381835938
2005-06-17,21.698843002319336
2005-06-20,21.88072204589844
2005-06-21,21.794565200805664
2005-06-22,21.68607711791992
2005-06-23,21.49142074584961
2005-06-24,21.56162452697754
2005-06-27,21.42759704589844
2005-06-28,21.82648086547852
2005-06-29,21.794565200805664
2005-06-30,21.666927337646484
2005-07-01,21.650968551635746
2005-07-05,21.95730781555176
2005-07-06,22.04665946960449
2005-07-07,22.384906768798828
2005-07-08,23.007152557373047
2005-07-11,23.070974349975582
2005-07-12,23.10287857055664
2005-07-13,23.00078010559082
2005-07-14,23.21456527709961
2005-07-15,23.70279312133789
2005-07-18,23.60067367553711
2005-07-19,23.83681297302246
2005-07-20,24.70475959777832
2005-07-21,24.624984741210938
2005-07-22,24.34418296813965
2005-07-25,24.012311935424805
2005-07-26,24.31865501403809
2005-07-27,24.124008178710938
2005-07-28,24.3601303100586
2005-07-29,24.25164604187012
2005-08-01,24.589889526367188
2005-08-02,24.794113159179688
2005-08-03,24.86113166809082
2005-08-04,24.436723709106445
2005-08-05,24.05060386657715
2005-08-08,23.603870391845703
2005-08-09,23.83362197875977
2005-08-10,23.728321075439453
2005-08-11,23.996362686157227
2005-08-12,23.715557098388672
2005-08-15,23.96444702148437
2005-08-16,23.61663818359375
2005-08-17,23.623016357421875
2005-08-18,23.63577651977539
2005-08-19,23.73789405822754
2005-08-22,23.70917320251465
2005-08-23,23.782564163208008
2005-08-24,23.766611099243164
2005-08-25,23.87510871887207
2005-08-26,23.73789405822754
2005-08-29,23.98359680175781
2005-08-30,23.804903030395508
2005-08-31,24.334606170654297
2005-09-01,24.510114669799805
2005-09-02,24.4048080444336
2005-09-06,24.794113159179688
2005-09-07,24.966426849365234
2005-09-08,24.9919548034668
2005-09-09,25.20574951171875
2005-09-12,25.208946228027344
2005-09-13,24.96961784362793
2005-09-14,24.7845401763916
2005-09-15,24.8100700378418
2005-09-16,24.940906524658203
2005-09-19,24.96324157714844
2005-09-20,24.87068557739257
2005-09-21,24.395240783691406
2005-09-22,24.411190032958984
2005-09-23,24.32503128051757
2005-09-26,24.411190032958984
2005-09-27,24.283552169799805
2005-09-28,24.219736099243164
2005-09-29,24.408004760742188
2005-09-30,24.570743560791016
2005-10-03,24.832414627075195
2005-10-04,24.73986053466797
2005-10-05,24.08571052551269
2005-10-06,23.37411880493164
2005-10-07,23.49536895751953
2005-10-10,23.43793487548828
2005-10-11,23.007152557373047
2005-10-12,22.560407638549805
2005-10-13,22.94971466064453
2005-10-14,23.342205047607425
2005-10-17,23.24966621398925
2005-10-18,23.141170501708984
2005-10-19,23.4698429107666
2005-10-20,22.997577667236328
2005-10-21,23.023107528686523
2005-10-24,23.68683815002441
2005-10-25,23.80171012878418
2005-10-26,23.54962158203125
2005-10-27,23.03267478942871
2005-10-28,23.201799392700195
2005-10-31,23.690019607543945
2005-11-01,23.38050079345703
2005-11-02,23.59429168701172
2005-11-03,24.095277786254883
2005-11-04,24.232505798339844
2005-11-07,24.30908203125
2005-11-08,24.34098625183105
2005-11-09,24.293121337890625
2005-11-10,24.71433448791504
2005-11-11,24.80687713623047
2005-11-14,24.596269607543945
2005-11-15,24.51650619506836
2005-11-16,24.490966796875
2005-11-17,24.934520721435547
2005-11-18,25.0366325378418
2005-11-21,25.260007858276367
2005-11-22,25.508893966674805
2005-11-23,25.24085235595703
2005-11-25,25.18022346496582
2005-11-28,24.54202651977539
2005-11-29,24.468637466430664
2005-11-30,24.47820472717285
2005-12-01,24.634567260742188
2005-12-02,24.58669090270996
2005-12-05,24.68561744689941
2005-12-06,24.462257385253903
2005-12-07,24.4207763671875
2005-12-08,24.609033584594727
2005-12-09,24.583505630493164
2005-12-12,24.532447814941406
2005-12-13,24.61222267150879
2005-12-14,24.48777961730957
2005-12-15,24.72072029113769
2005-12-16,24.484588623046875
2005-12-19,24.07931900024414
2005-12-20,24.18463134765625
2005-12-21,24.660091400146484
2005-12-22,25.106834411621094
2005-12-23,25.20607185363769
2005-12-27,24.893348693847656
2005-12-28,24.867822647094727
2005-12-29,24.73379898071289
2005-12-30,24.64764213562012
2006-01-03,25.01779556274414
2006-01-04,25.28904151916504
2006-01-05,25.442216873168945
2006-01-06,25.640060424804688
2006-01-09,26.115516662597656
2006-01-10,25.9942626953125
2006-01-11,25.98787879943848
2006-01-12,25.793228149414062
2006-01-13,25.82832717895508
2006-01-17,25.831520080566406
2006-01-18,25.80599021911621
2006-01-19,25.99107360839844
2006-01-20,25.6081485748291
2006-01-23,25.23160552978516
2006-01-24,25.34328842163086
2006-01-25,25.330522537231445
2006-01-26,25.3369140625
2006-01-27,25.531557083129883
2006-01-30,25.4517879486084
2006-01-31,25.62729263305664
2006-02-01,26.144243240356445
2006-02-02,25.71983337402344
2006-02-03,25.7230281829834
2006-02-06,25.617719650268555
2006-02-07,25.41029930114746
2006-02-08,25.40392303466797
2006-02-09,25.244369506835938
2006-02-10,25.38158416748047
2006-02-13,25.218833923339844
2006-02-14,25.57622528076172
2006-02-15,25.94958877563477
2006-02-16,26.37399101257324
2006-02-17,26.36441993713379
2006-02-21,26.131479263305664
2006-02-22,26.485679626464844
2006-02-23,26.4697265625
2006-02-24,26.740964889526367
2006-02-27,27.25472640991211
2006-02-28,26.83989524841309
2006-03-01,27.12388610839844
2006-03-02,27.12070655822754
2006-03-03,26.84308433532715
2006-03-06,26.629283905029297
2006-03-07,26.34528350830078
2006-03-08,26.645233154296875
2006-03-09,26.26231575012207
2006-03-10,26.40909004211425
2006-03-13,26.437822341918945
2006-03-14,26.657995223999023
2006-03-15,26.77925682067871
2006-03-16,26.67714500427246
2006-03-17,26.657995223999023
2006-03-20,26.6739559173584
2006-03-21,26.160200119018555
2006-03-22,26.32931900024414
2006-03-23,26.2463493347168
2006-03-24,26.25592994689941
2006-03-27,26.134672164916992
2006-03-28,25.904909133911133
2006-03-29,26.02617835998535
2006-03-30,26.179346084594727
2006-03-31,26.2878360748291
2006-04-03,25.92723846435547
2006-04-04,25.920867919921875
2006-04-05,25.86662673950196
2006-04-06,25.432641983032227
2006-04-07,25.00184631347656
2006-04-10,24.8422966003418
2006-04-11,24.478513717651367
2006-04-12,24.650829315185547
2006-04-13,24.92525863647461
2006-04-17,24.781661987304688
2006-04-18,25.16140556335449
2006-04-19,25.228404998779297
2006-04-20,25.09438705444336
2006-04-21,24.86463928222656
2006-04-24,24.85824966430664
2006-04-25,24.63488006591797
2006-04-26,24.296628952026367
2006-04-27,24.81038284301757
2006-04-28,24.778470993041992
2006-05-01,24.46256828308105
2006-05-02,24.28386688232422
2006-05-03,24.274293899536133
2006-05-04,24.3891716003418
2006-05-05,24.88696479797364
2006-05-08,24.772090911865234
2006-05-09,24.63488006591797
2006-05-10,24.341289520263672
2006-05-11,23.929649353027344
2006-05-12,23.779680252075195
2006-05-15,23.73500061035156
2006-05-16,23.591402053833008
2006-05-17,23.16379737854004
2006-05-18,22.80959701538086
2006-05-19,22.99148750305176
2006-05-22,22.72662734985352
2006-05-23,22.4649600982666
2006-05-24,22.691526412963867
2006-05-25,23.17337226867676
2006-05-26,23.65841484069824
2006-05-30,23.09040260314941
2006-05-31,23.358457565307617
2006-06-01,23.824352264404297
2006-06-02,23.990291595458984
2006-06-05,23.34249687194824
2006-06-06,23.21166610717773
2006-06-07,23.141468048095703
2006-06-08,23.240385055541992
2006-06-09,23.10317611694336
2006-06-12,22.65642738342285
2006-06-13,22.35008430480957
2006-06-14,22.51601791381836
2006-06-15,23.109548568725582
2006-06-16,22.81597328186035
2006-06-19,22.42986488342285
2006-06-20,22.337326049804688
2006-06-21,22.46815490722656
2006-06-22,22.270309448242188
2006-06-23,22.557506561279297
2006-06-26,22.57665061950684
2006-06-27,22.14585876464844
2006-06-28,22.24159240722656
2006-06-29,22.946815490722656
2006-06-30,23.19890213012696
2006-07-03,23.28187561035156
2006-07-05,23.055307388305664
2006-07-06,23.240385055541992
2006-07-07,22.994674682617188
2006-07-10,22.857460021972656
2006-07-11,22.962766647338867
2006-07-12,22.80321311950684
2006-07-13,22.29903030395508
2006-07-14,21.93524742126465
2006-07-17,21.737409591674805
2006-07-18,21.67997169494629
2006-07-19,22.39156913757324
2006-07-20,21.93844223022461
2006-07-21,21.798038482666016
2006-07-24,22.346893310546875
2006-07-25,22.7585391998291
2006-07-26,22.99148750305176
2006-07-27,22.56388664245605
2006-07-28,22.89894294738769
2006-07-31,22.812789916992188
2006-08-01,22.62451934814453
2006-08-02,22.873414993286133
2006-08-03,23.11594009399414
2006-08-04,22.796831130981445
2006-08-07,22.4649600982666
2006-08-08,22.25754737854004
2006-08-09,22.18096160888672
2006-08-10,22.08203315734864
2006-08-11,21.992685317993164
2006-08-14,21.941633224487305
2006-08-15,22.39794540405273
2006-08-16,22.77130126953125
2006-08-17,22.97553443908692
2006-08-18,23.03616523742676
2006-08-21,22.911705017089844
2006-08-22,22.89894294738769
2006-08-23,22.79045295715332
2006-08-24,22.89894294738769
2006-08-25,23.10317611694336
2006-08-28,23.348880767822266
2006-08-29,23.5499210357666
2006-08-30,23.67756462097168
2006-08-31,23.53076934814453
2006-09-01,23.71904754638672
2006-09-05,23.60416984558105
2006-09-06,23.01382637023925
2006-09-07,22.886186599731445
2006-09-08,23.04574584960937
2006-09-11,22.889373779296875
2006-09-12,23.24677467346192
2006-09-13,23.294639587402344
2006-09-14,23.202091217041016
2006-09-15,23.30102729797364
2006-09-18,23.253154754638672
2006-09-19,23.11594009399414
2006-09-20,23.348880767822266
2006-09-21,23.182950973510746
2006-09-22,22.927669525146484
2006-09-25,23.16379737854004
2006-09-26,23.125513076782227
2006-09-27,23.454185485839844
2006-09-28,23.51801109313965
2006-09-29,23.543540954589844
2006-10-02,23.329736709594727
2006-10-03,23.32334899902344
2006-10-04,23.88817596435547
2006-10-05,24.251953125
2006-10-06,24.293428421020508
2006-10-09,24.532760620117188
2006-10-10,24.44341468811035
2006-10-11,24.421077728271484
2006-10-12,24.76252174377441
2006-10-13,24.752944946289062
2006-10-16,24.778470993041992
2006-10-17,24.89015769958496
2006-10-18,25.04971694946289
2006-10-19,25.135873794555664
2006-10-20,25.03375816345215
2006-10-23,25.07842445373535
2006-10-24,24.98588752746582
2006-10-25,24.944412231445312
2006-10-26,25.34966087341309
2006-10-27,25.19968605041504
2006-10-30,25.15182304382324
2006-10-31,25.387964248657227
2006-11-01,25.03375816345215
2006-11-02,25.00184631347656
2006-11-03,25.12310028076172
2006-11-06,25.640060424804688
2006-11-07,25.783653259277344
2006-11-08,25.847471237182617
2006-11-09,25.218833923339844
2006-11-10,25.592191696166992
2006-11-13,25.56028175354004
2006-11-14,25.73579406738281
2006-11-15,25.981502532958984
2006-11-16,25.90810775756836
2006-11-17,26.11872100830078
2006-11-20,26.14105224609375
2006-11-21,25.9751091003418
2006-11-22,25.96872901916504
2006-11-24,25.911296844482425
2006-11-27,25.400728225708008
2006-11-28,25.39435195922852
2006-11-29,25.76769256591797
2006-11-30,25.55389213562012
2006-12-01,25.43901824951172
2006-12-04,25.815570831298828
2006-12-05,25.895339965820312
2006-12-06,25.94958877563477
2006-12-07,25.75812721252441
2006-12-08,25.911296844482425
2006-12-11,25.662399291992188
2006-12-12,25.40392303466797
2006-12-13,25.24755096435547
2006-12-14,25.30818748474121
2006-12-15,25.43901824951172
2006-12-18,25.257125854492188
2006-12-19,25.145442962646484
2006-12-20,25.177350997924805
2006-12-21,25.081939697265625
2006-12-22,25.00854682922364
2006-12-26,24.90642547607422
2006-12-27,24.973438262939453
2006-12-28,24.95429801940918
2006-12-29,24.813888549804688
2007-01-03,24.775596618652344
2007-01-04,25.15852737426757
2007-01-05,25.091514587402344
2007-01-08,25.196815490722656
2007-01-09,25.18086051940918
2007-01-10,25.28936004638672
2007-01-11,25.57655334472656
2007-01-12,25.95629501342773
2007-01-16,25.93075942993164
2007-01-17,26.013729095458984
2007-01-18,25.76802062988281
2007-01-19,25.873334884643555
2007-01-22,25.764833450317383
2007-01-23,25.60846900939941
2007-01-24,25.819076538085938
2007-01-25,25.38508987426757
2007-01-26,25.298933029174805
2007-01-29,25.38508987426757
2007-01-30,25.50316429138184
2007-01-31,25.47763633728028
2007-02-01,25.78078842163086
2007-02-02,25.60846900939941
2007-02-05,25.432966232299805
2007-02-06,25.41700553894043
2007-02-07,25.60846900939941
2007-02-08,25.70101928710937
2007-02-09,25.528688430786133
2007-02-12,25.51273727416992
2007-02-13,25.62442970275879
2007-02-14,25.81270217895508
2007-02-15,25.675479888916016
2007-02-16,25.68824577331543
2007-02-20,25.81270217895508
2007-02-21,25.80631828308105
2007-02-22,25.75844955444336
2007-02-23,25.71377754211425
2007-02-26,25.69782257080078
2007-02-27,24.603275299072266
2007-02-28,24.644760131835938
2007-03-01,24.11823272705078
2007-03-02,23.67786026000977
2007-03-05,23.365135192871094
2007-03-06,23.85336303710937
2007-03-07,23.68424224853516
2007-03-08,23.7927360534668
2007-03-09,23.75444793701172
2007-03-12,23.86932373046875
2007-03-13,23.413005828857425
2007-03-14,23.438533782958984
2007-03-15,23.50234603881836
2007-03-16,23.28854751586914
2007-03-19,23.50234603881836
2007-03-20,23.700199127197266
2007-03-21,24.12142562866211
2007-03-22,24.172483444213867
2007-03-23,24.156530380249023
2007-03-26,24.041643142700195
2007-03-27,23.949094772338867
2007-03-28,23.85336303710937
2007-03-29,23.94272232055664
2007-03-30,24.18205451965332
2007-04-02,24.188438415527344
2007-04-03,24.55221939086914
2007-04-04,24.699012756347656
2007-04-05,25.14895820617676
2007-04-09,25.25425338745117
2007-04-10,25.15213966369629
2007-04-11,25.002168655395508
2007-04-12,25.365943908691406
2007-04-13,25.656328201293945
2007-04-16,25.72653579711914
2007-04-17,25.68824577331543
2007-04-18,25.678682327270508
2007-04-19,25.84460830688477
2007-04-20,25.99459457397461
2007-04-23,26.35519027709961
2007-04-24,26.28817367553711
2007-04-25,26.517927169799805
2007-04-26,26.677474975585938
2007-04-27,26.53068923950196
2007-04-30,26.14137840270996
2007-05-01,26.28179168701172
2007-05-02,26.581750869750977
2007-05-03,26.41900062561035
2007-05-04,26.53068923950196
2007-05-07,26.44772148132324
2007-05-08,26.310510635375977
2007-05-09,26.12542152404785
2007-05-10,25.36914253234864
2007-05-11,25.659523010253903
2007-05-14,25.563796997070312
2007-05-15,25.375518798828125
2007-05-16,25.595706939697266
2007-05-17,25.528688430786133
2007-05-18,25.5733699798584
2007-05-21,25.78078842163086
2007-05-22,25.927568435668945
2007-05-23,25.985021591186523
2007-05-24,25.618043899536133
2007-05-25,25.681869506835938
2007-05-29,25.75844955444336
2007-05-30,25.84141731262207
2007-05-31,25.96905899047852
2007-06-01,26.03607749938965
2007-06-04,25.978633880615234
2007-06-05,26.01692581176757
2007-06-06,25.678682327270508
2007-06-07,25.15213966369629
2007-06-08,25.27659797668457
2007-06-11,25.432966232299805
2007-06-12,25.19362449645996
2007-06-13,25.40104866027832
2007-06-14,25.579753875732425
2007-06-15,25.940338134765625
2007-06-18,25.71377754211425
2007-06-19,25.669097900390625
2007-06-20,25.257444381713867
2007-06-21,25.24468231201172
2007-06-22,24.922388076782227
2007-06-25,24.718156814575195
2007-06-26,24.68305778503418
2007-06-27,25.187240600585938
2007-06-28,25.09789276123047
2007-06-29,24.956689834594727
2007-07-02,25.14198112487793
2007-07-03,25.215456008911133
2007-07-05,25.154754638671875
2007-07-06,25.256988525390625
2007-07-09,25.34005355834961
2007-07-10,25.14837646484375
2007-07-11,25.304908752441406
2007-07-12,25.55728340148925
2007-07-13,25.66910171508789
2007-07-16,25.44547462463379
2007-07-17,25.400747299194336
2007-07-18,25.39755821228028
2007-07-19,25.56367301940918
2007-07-20,25.35282325744629
2007-07-23,25.31129646301269
2007-07-24,25.05572509765625
2007-07-25,25.35921859741211
2007-07-26,25.154754638671875
2007-07-27,24.688337326049805
2007-07-30,24.71070098876953
2007-07-31,24.372068405151367
2007-08-01,24.244281768798828
2007-08-02,24.57332801818848
2007-08-03,24.35929107666016
2007-08-06,24.646800994873047
2007-08-07,24.98225212097168
2007-08-08,25.477418899536133
2007-08-09,25.17073440551757
2007-08-10,24.69472312927246
2007-08-13,24.79376220703125
2007-08-14,24.72028350830078
2007-08-15,24.598892211914062
2007-08-16,24.3912353515625
2007-08-17,24.77459716796875
2007-08-20,24.84487533569336
2007-08-21,24.81292724609375
2007-08-22,24.91835021972656
2007-08-23,24.950305938720703
2007-08-24,25.07169914245605
2007-08-27,24.93113136291504
2007-08-28,24.519020080566406
2007-08-29,25.02377891540528
2007-08-30,25.046140670776367
2007-08-31,25.25379943847656
2007-09-04,25.71063232421875
2007-09-05,25.742576599121094
2007-09-06,25.988569259643555
2007-09-07,25.86077690124512
2007-09-10,25.5700626373291
2007-09-11,26.10038375854492
2007-09-12,26.16107749938965
2007-09-13,26.03009414672852
2007-09-14,25.97259330749512
2007-09-17,25.66270637512207
2007-09-18,26.164270401000977
2007-09-19,26.269699096679688
2007-09-20,26.164270401000977
2007-09-21,26.439008712768555
2007-09-24,26.387901306152344
2007-09-25,26.387901306152344
2007-09-26,26.656248092651367
2007-09-27,26.665834426879883
2007-09-28,26.515687942504883
2007-10-01,26.838340759277344
2007-10-02,26.915019989013672
2007-10-03,26.946956634521484
2007-10-04,26.950159072875977
2007-10-05,27.410186767578125
2007-10-08,27.330320358276367
2007-10-09,27.547557830810547
2007-10-10,27.92134094238281
2007-10-11,27.627429962158203
2007-10-12,27.748823165893555
2007-10-15,27.825489044189453
2007-10-16,27.63062286376953
2007-10-17,27.72646141052246
2007-10-18,27.53158950805664
2007-10-19,26.946956634521484
2007-10-22,27.10030746459961
2007-10-23,27.50603103637696
2007-10-24,27.410186767578125
2007-10-25,27.410186767578125
2007-10-26,27.72965240478516
2007-10-29,27.52201271057129
2007-10-30,27.410186767578125
2007-10-31,27.6689567565918
2007-11-01,27.24726295471192
2007-11-02,27.49325180053711
2007-11-05,27.2919864654541
2007-11-06,27.352684020996094
2007-11-07,26.73931121826172
2007-11-08,26.70735740661621
2007-11-09,26.429426193237305
2007-11-12,26.228166580200195
2007-11-13,26.4134521484375
2007-11-14,26.37830924987793
2007-11-15,26.330385208129883
2007-11-16,26.35914421081543
2007-11-19,25.91189765930176
2007-11-20,25.97259330749512
2007-11-21,25.371994018554688
2007-11-23,25.70743751525879
2007-11-26,25.30171585083008
2007-11-27,25.764942169189453
2007-11-28,26.515687942504883
2007-11-29,26.835155487060547
2007-11-30,26.9182071685791
2007-12-03,26.755279541015625
2007-12-04,26.48373985290528
2007-12-05,26.835155487060547
2007-12-06,27.371850967407227
2007-12-07,27.20252799987793
2007-12-10,26.9948844909668
2007-12-11,26.41984939575196
2007-12-12,26.611528396606445
2007-12-13,26.416648864746094
2007-12-14,26.32719612121582
2007-12-17,25.74896812438965
2007-12-18,26.004539489746094
2007-12-19,25.966197967529297
2007-12-20,26.27608299255371
2007-12-21,26.52206802368164
2007-12-24,26.70735740661621
2007-12-26,26.755279541015625
2007-12-27,26.40068244934082
2007-12-28,26.18344116210937
2007-12-31,25.93425369262696
2008-01-02,25.80327796936035
2008-01-03,25.924671173095703
2008-01-04,25.53812026977539
2008-01-07,25.89592361450196
2008-01-08,25.95661354064941
2008-01-09,26.34956359863281
2008-01-10,26.59555435180664
2008-01-11,26.541242599487305
2008-01-14,26.5092887878418
2008-01-15,26.157882690429688
2008-01-16,26.304838180541992
2008-01-17,26.266502380371094
2008-01-18,25.921485900878903
2008-01-22,25.097251892089844
2008-01-23,25.04933738708496
2008-01-24,24.819316864013672
2008-01-25,24.598892211914062
2008-01-28,24.8576602935791
2008-01-29,24.947099685668945
2008-01-30,24.72987174987793
2008-01-31,24.98225212097168
2008-02-01,25.5349235534668
2008-02-04,25.5508975982666
2008-02-05,24.873628616333008
2008-02-06,24.77459716796875
2008-02-07,24.82889938354492
2008-02-08,24.76181411743164
2008-02-11,24.742645263671875
2008-02-12,24.908767700195312
2008-02-13,25.250593185424805
2008-02-14,24.91835021972656
2008-02-15,24.68513870239257
2008-02-19,24.637222290039062
2008-02-20,24.471094131469727
2008-02-21,24.17399978637696
2008-02-22,24.00467872619629
2008-02-25,24.52541160583496
2008-02-26,24.83849334716797
2008-02-27,24.678756713867188
2008-02-28,24.665979385375977
2008-02-29,24.356088638305664
2008-03-03,24.39442443847656
2008-03-04,24.356088638305664
2008-03-05,24.21872329711914
2008-03-06,23.44242286682129
2008-03-07,23.336992263793945
2008-03-10,22.298728942871094
2008-03-11,22.87376594543457
2008-03-12,22.998369216918945
2008-03-13,23.336992263793945
2008-03-14,22.97281265258789
2008-03-17,22.32109832763672
2008-03-18,23.00156021118164
2008-03-19,22.905717849731445
2008-03-20,23.142120361328125
2008-03-24,23.995086669921875
2008-03-25,24.1676025390625
2008-03-26,24.212331771850582
2008-03-27,24.21872329711914
2008-03-28,23.8098087310791
2008-03-31,24.20914077758789
2008-04-01,25.004608154296875
2008-04-02,24.92473793029785
2008-04-03,24.848073959350582
2008-04-04,25.14198112487793
2008-04-07,25.065305709838867
2008-04-08,24.825708389282227
2008-04-09,24.410400390625
2008-04-10,25.22503471374512
2008-04-11,24.739458084106445
2008-04-14,24.64999389648437
2008-04-15,24.49666404724121
2008-04-16,24.97585678100586
2008-04-17,24.70112037658692
2008-04-18,25.020586013793945
2008-04-21,24.956689834594727
2008-04-22,24.637222290039062
2008-04-23,24.88960647583008
2008-04-24,24.94391441345215
2008-04-25,25.014196395874023
2008-04-28,25.15794944763184
2008-04-29,24.87043190002441
2008-04-30,24.79696083068848
2008-05-01,25.35602569580078
2008-05-02,25.30171585083008
2008-05-05,25.3080997467041
2008-05-06,25.145172119140625
2008-05-07,24.60527801513672
2008-05-08,24.739458084106445
2008-05-09,24.73306465148925
2008-05-12,24.934324264526367
2008-05-13,24.771398544311523
2008-05-14,24.81612014770508
2008-05-15,24.851268768310547
2008-05-16,24.937515258789062
2008-05-19,24.97585678100586
2008-05-20,24.96308708190918
2008-05-21,24.45192527770996
2008-05-22,24.7490348815918
2008-05-23,24.64999389648437
2008-05-27,24.873628616333008
2008-05-28,24.82251739501953
2008-05-29,25.35282325744629
2008-05-30,25.39755821228028
2008-06-02,25.14198112487793
2008-06-03,25.03016662597656
2008-06-04,25.31129646301269
2008-06-05,25.84161376953125
2008-06-06,25.17073440551757
2008-06-09,24.94071578979492
2008-06-10,24.678756713867188
2008-06-11,24.17719268798828
2008-06-12,24.189971923828125
2008-06-13,24.678756713867188
2008-06-16,24.886409759521484
2008-06-17,24.62444496154785
2008-06-18,24.509429931640625
2008-06-19,24.92473793029785
2008-06-20,24.72667694091797
2008-06-23,24.566940307617188
2008-06-24,24.492334365844727
2008-06-25,24.975839614868164
2008-06-26,24.533960342407227
2008-06-27,24.633220672607425
2008-06-30,24.604406356811523
2008-07-01,25.03347587585449
2008-07-02,25.055889129638672
2008-07-03,25.16156005859375
2008-07-07,24.822145462036133
2008-07-08,25.76354217529297
2008-07-09,25.840391159057617
2008-07-10,25.95245933532715
2008-07-11,25.84999656677246
2008-07-14,25.73151588439941
2008-07-15,26.25985336303711
2008-07-16,26.41995620727539
2008-07-17,26.698530197143555
2008-07-18,26.365516662597656
2008-07-21,26.65690422058105
2008-07-22,27.249282836914062
2008-07-23,27.31332397460937
2008-07-24,27.332529067993164
2008-07-25,27.50864791870117
2008-07-28,27.6655387878418
2008-07-29,27.790422439575195
2008-07-30,27.902494430541992
2008-07-31,28.466053009033203
2008-08-01,28.36998748779297
2008-08-04,28.00496292114257
2008-08-05,28.4980697631836
2008-08-06,28.574928283691406
2008-08-07,27.44140625
2008-08-08,28.241920471191406
2008-08-11,28.61014175415039
2008-08-12,28.53009033203125
2008-08-13,28.491668701171875
2008-08-14,28.920743942260746
2008-08-15,28.831085205078125
2008-08-18,28.462852478027344
2008-08-19,28.03377342224121
2008-08-20,27.924909591674805
2008-08-21,27.67194557189941
2008-08-22,27.912107467651367
2008-08-25,27.57269096374512
2008-08-26,27.6495361328125
2008-08-27,27.415786743164062
2008-08-28,27.7199821472168
2008-08-29,27.50544548034668
2008-09-02,27.27489471435547
2008-09-03,27.556678771972656
2008-09-04,26.83622360229492
2008-09-05,26.583261489868164
2008-09-08,26.51922607421875
2008-09-09,26.183008193969727
2008-09-10,26.608875274658203
2008-09-11,26.95789337158203
2008-09-12,26.865034103393555
2008-09-15,26.365516662597656
2008-09-16,27.00592422485352
2008-09-17,25.632253646850582
2008-09-18,26.49679946899414
2008-09-19,26.89706420898437
2008-09-22,26.09654998779297
2008-09-23,25.766742706298828
2008-09-24,26.112567901611328
2008-09-25,26.483997344970703
2008-09-26,27.025135040283203
2008-09-29,25.680288314819336
2008-09-30,26.051719665527344
2008-10-01,25.85319900512696
2008-10-02,24.91820907592773
2008-10-03,24.62362098693848
2008-10-06,23.37162399291992
2008-10-07,22.4526424407959
2008-10-08,22.468650817871094
2008-10-09,21.26148223876953
2008-10-10,20.86763000488281
2008-10-13,22.92654037475586
2008-10-14,22.9361515045166
2008-10-15,21.64572525024414
2008-10-16,21.495227813720703
2008-10-17,22.09722137451172
2008-10-20,22.865699768066406
2008-10-21,22.314950942993164
2008-10-22,21.232666015625
2008-10-23,21.559267044067383
2008-10-24,21.110992431640625
2008-10-27,19.974262237548828
2008-10-28,21.07897186279297
2008-10-29,21.73538017272949
2008-10-30,22.40781211853028
2008-10-31,22.865699768066406
2008-11-03,23.342811584472656
2008-11-04,23.32679748535156
2008-11-05,22.56471061706543
2008-11-06,21.940324783325195
2008-11-07,22.599937438964844
2008-11-10,22.60953712463379
2008-11-11,22.14845085144043
2008-11-12,21.293502807617188
2008-11-13,22.750431060791016
2008-11-14,21.921106338500977
2008-11-17,21.58808898925781
2008-11-18,21.41518211364746
2008-11-19,20.454570770263672
2008-11-20,19.417110443115234
2008-11-21,19.46834182739257
2008-11-24,20.159984588623047
2008-11-25,20.249645233154297
2008-11-26,20.787582397460938
2008-11-28,20.925273895263672
2008-12-01,19.503570556640625
2008-12-02,20.108755111694336
2008-12-03,20.76837158203125
2008-12-04,20.46097183227539
2008-12-05,21.10458374023437
2008-12-08,21.363948822021484
2008-12-09,21.05334854125977
2008-12-10,21.22946548461914
2008-12-11,20.71713829040528
2008-12-12,21.379955291748047
2008-12-15,20.87723922729492
2008-12-16,22.081212997436523
2008-12-17,22.209285736083984
2008-12-18,22.26691627502441
2008-12-19,22.37259101867676
2008-12-22,22.06839370727539
2008-12-23,22.13884353637696
2008-12-24,22.11962890625
2008-12-26,22.311752319335938
2008-12-29,21.815433502197266
2008-12-30,22.353376388549805
2008-12-31,22.750431060791016
2009-01-02,23.07703018188477
2009-01-05,23.256351470947266
2009-01-06,22.76003646850586
2009-01-07,22.51027488708496
2009-01-08,22.7568359375
2009-01-09,22.15165328979492
2009-01-12,21.985143661499023
2009-01-13,22.48785781860352
2009-01-14,22.01396369934082
2009-01-15,22.51027488708496
2009-01-16,22.670372009277344
2009-01-20,21.77060508728028
2009-01-21,22.54229164123535
2009-01-22,22.11962890625
2009-01-23,21.84745979309082
2009-01-26,22.077993392944336
2009-01-27,22.359783172607425
2009-01-28,22.83047866821289
2009-01-29,22.734418869018555
2009-01-30,22.64797019958496
2009-02-02,22.85609436035156
2009-02-03,23.2691593170166
2009-02-04,23.35561180114746
2009-02-05,23.675817489624023
2009-02-06,23.85192108154297
2009-02-09,23.752666473388672
2009-02-10,23.13788414001465
2009-02-11,23.233932495117188
2009-02-12,23.67901992797852
2009-02-13,23.43886947631836
2009-02-17,23.10264778137207
2009-02-18,22.942546844482425
2009-02-19,22.61273765563965
2009-02-20,22.42062187194824
2009-02-23,22.058794021606445
2009-02-24,22.395004272460938
2009-02-25,22.11322975158692
2009-02-26,21.01811981201172
2009-02-27,20.195209503173828
2009-03-02,19.26021194458008
2009-03-03,19.38189125061035
2009-03-04,19.76933479309082
2009-03-05,18.97522735595703
2009-03-06,19.135337829589844
2009-03-09,18.90798759460449
2009-03-10,19.62204360961914
2009-03-11,19.28583717346192
2009-03-12,20.464174270629883
2009-03-13,20.813203811645508
2009-03-16,20.38412475585937
2009-03-17,21.09177589416504
2009-03-18,21.02773666381836
2009-03-19,20.76517105102539
2009-03-20,20.43856239318848
2009-03-23,21.46961975097656
2009-03-24,21.01811981201172
2009-03-25,21.21985626220703
2009-03-26,21.812236785888672
2009-03-27,21.479225158691406
2009-03-30,21.20384788513184
2009-03-31,21.245473861694336
2009-04-01,20.797191619873047
2009-04-02,20.96369743347168
2009-04-03,20.82920837402344
2009-04-06,20.84521675109864
2009-04-07,20.509010314941406
2009-04-08,20.806798934936523
2009-04-09,21.19424819946289
2009-04-13,21.1077823638916
2009-04-14,20.81960868835449
2009-04-15,20.60826873779297
2009-04-16,20.81640625
2009-04-17,20.85163307189941
2009-04-20,20.20800971984864
2009-04-21,20.35851287841797
2009-04-22,20.31048583984375
2009-04-23,20.29446792602539
2009-04-24,20.65629768371582
2009-04-27,20.97010040283203
2009-04-28,21.42158889770508
2009-04-29,21.53365707397461
2009-04-30,20.97010040283203
2009-05-01,20.685121536254883
2009-05-04,20.928476333618164
2009-05-05,20.822803497314453
2009-05-06,20.59865951538086
2009-05-07,20.87403678894043
2009-05-08,21.024538040161133
2009-05-11,21.18464088439941
2009-05-12,21.41518211364746
2009-05-13,20.93168067932129
2009-05-14,20.976491928100582
2009-05-15,20.92207336425781
2009-05-18,21.171831130981445
2009-05-19,21.146211624145508
2009-05-20,21.25187873840332
2009-05-21,20.960493087768555
2009-05-22,20.96689414978028
2009-05-26,21.476016998291016
2009-05-27,21.28069877624512
2009-05-28,21.41518211364746
2009-05-29,21.65533447265625
2009-06-01,21.812236785888672
2009-06-02,22.190074920654297
2009-06-03,22.50387382507324
2009-06-04,22.590330123901367
2009-06-05,22.42062187194824
2009-06-08,22.32456016540528
2009-06-09,22.385393142700195
2009-06-10,22.22529983520508
2009-06-11,22.43983459472656
2009-06-12,22.54229164123535
2009-06-15,22.004358291625977
2009-06-16,21.946720123291016
2009-06-17,22.50387382507324
2009-06-18,22.64156150817871
2009-06-19,22.81766891479492
2009-06-22,22.33096694946289
2009-06-23,22.282930374145508
2009-06-24,22.516685485839844
2009-06-25,23.10264778137207
2009-06-26,23.320390701293945
2009-06-29,23.3684196472168
2009-06-30,23.297975540161133
2009-07-01,23.14747428894043
2009-07-02,22.539100646972656
2009-07-06,22.56471061706543
2009-07-07,22.190074920654297
2009-07-08,22.38859939575196
2009-07-09,22.292530059814453
2009-07-10,22.23810195922852
2009-07-13,22.51027488708496
2009-07-14,22.54550170898437
2009-07-15,22.788848876953125
2009-07-16,22.987382888793945
2009-07-17,22.971370697021484
2009-07-20,23.233932495117188
2009-07-21,23.467679977416992
2009-07-22,23.42605781555176
2009-07-23,24.508338928222656
2009-07-24,25.001447677612305
2009-07-27,25.027069091796875
2009-07-28,25.436931610107425
2009-07-29,25.532995223999023
2009-07-30,25.436931610107425
2009-07-31,25.215988159179688
2009-08-03,25.34727478027344
2009-08-04,25.43052864074707
2009-08-05,25.027069091796875
2009-08-06,24.511547088623047
2009-08-07,24.630022048950195
2009-08-10,24.601207733154297
2009-08-11,24.49553680419922
2009-08-12,24.74529838562012
2009-08-13,24.70366668701172
2009-08-14,24.492334365844727
2009-08-17,24.076072692871094
2009-08-18,24.13050842285156
2009-08-19,24.82854461669922
2009-08-20,24.71328353881836
2009-08-21,24.93100929260254
2009-08-24,25.0718994140625
2009-08-25,24.93100929260254
2009-08-26,25.39210319519043
2009-08-27,25.36648750305176
2009-08-28,25.228797912597656
2009-08-31,25.06550025939941
2009-09-01,24.793317794799805
2009-09-02,24.806137084960938
2009-09-03,24.82854461669922
2009-09-04,25.292835235595703
2009-09-08,25.40170860290528
2009-09-09,25.70589828491211
2009-09-10,25.769948959350582
2009-09-11,25.721912384033203
2009-09-14,25.994083404541016
2009-09-15,25.99087715148925
2009-09-16,26.25345230102539
2009-09-17,26.375139236450195
2009-09-18,26.458383560180664
2009-09-21,26.772178649902344
2009-09-22,26.426359176635746
2009-09-23,26.07734489440918
2009-09-24,25.86600112915039
2009-09-25,25.85959815979004
2009-09-28,26.266260147094727
2009-09-29,26.15739250183105
2009-09-30,26.051719665527344
2009-10-01,25.24481201171875
2009-10-02,25.18077087402344
2009-10-05,25.2544174194336
2009-10-06,25.47855758666992
2009-10-07,25.40170860290528
2009-10-08,25.33767509460449
2009-10-09,25.520187377929688
2009-10-12,25.532995223999023
2009-10-13,25.459352493286133
2009-10-14,25.773149490356445
2009-10-15,26.029312133789062
2009-10-16,25.79236221313477
2009-10-19,25.75713539123535
2009-10-20,25.12954330444336
2009-10-21,24.915000915527344
2009-10-22,24.98224258422852
2009-10-23,24.546777725219727
2009-10-26,24.2553825378418
2009-10-27,24.236167907714844
2009-10-28,23.47408676147461
2009-10-29,23.79108428955078
2009-10-30,23.49650382995605
2009-11-02,23.57015037536621
2009-11-03,23.99602127075196
2009-11-04,23.81029510498047
2009-11-05,24.511547088623047
2009-11-06,24.799724578857425
2009-11-09,25.02066802978516
2009-11-10,24.97903823852539
2009-11-11,25.292835235595703
2009-11-12,25.0718994140625
2009-11-13,25.04308319091797
2009-11-16,25.491369247436523
2009-11-17,25.459352493286133
2009-11-18,25.260814666748047
2009-11-19,24.93100929260254
2009-11-20,24.85096740722656
2009-11-23,25.03026962280273
2009-11-24,25.135948181152344
2009-11-25,25.33126449584961
2009-11-27,25.087915420532227
2009-11-30,25.10712432861328
2009-12-01,25.47535896301269
2009-12-02,25.673887252807617
2009-12-03,25.44013786315918
2009-12-04,25.50097846984864
2009-12-07,25.39850807189941
2009-12-08,25.21278953552246
2009-12-09,25.2544174194336
2009-12-10,25.2544174194336
2009-12-11,25.3088493347168
2009-12-14,25.645063400268555
2009-12-15,25.48177146911621
2009-12-16,25.30244445800781
2009-12-17,25.068693161010746
2009-12-18,25.40811347961425
2009-12-21,25.71871566772461
2009-12-22,26.090145111083984
2009-12-23,26.21502685546875
2009-12-24,26.275863647460938
2009-12-28,26.432764053344727
2009-12-29,26.28546524047852
2009-12-30,26.365516662597656
2009-12-31,26.20221328735352
2010-01-04,26.592857360839844
2010-01-05,26.407146453857425
2010-01-06,26.608875274658203
2010-01-07,26.596067428588867
2010-01-08,26.80739974975586
2010-01-11,26.948286056518555
2010-01-12,26.865034103393555
2010-01-13,27.178842544555664
2010-01-14,27.25248146057129
2010-01-15,26.96430397033692
2010-01-19,27.463823318481445
2010-01-20,27.23967742919922
2010-01-21,26.79780006408692
2010-01-22,26.70493507385254
2010-01-25,26.50640296936035
2010-01-26,26.5000057220459
2010-01-27,26.887449264526367
2010-01-28,26.637699127197266
2010-01-29,26.666513442993164
2010-02-01,26.823410034179688
2010-02-02,27.37416076660156
2010-02-03,27.332529067993164
2010-02-04,26.35271453857422
2010-02-05,26.28227806091309
2010-02-08,26.13817405700684
2010-02-09,26.38473892211914
2010-02-10,26.327098846435547
2010-02-11,26.79138565063477
2010-02-12,26.97711181640625
2010-02-16,27.047557830810547
2010-02-17,27.42539405822754
2010-02-18,27.3037166595459
2010-02-19,27.32292556762696
2010-02-22,27.28450584411621
2010-02-23,26.96750831604004
2010-02-24,27.15641975402832
2010-02-25,27.23006820678711
2010-02-26,27.345346450805664
2010-03-01,27.98895263671875
2010-03-02,28.26112365722656
2010-03-03,28.14264488220215
2010-03-04,28.09782218933105
2010-03-05,28.536497116088867
2010-03-08,28.44363594055176
2010-03-09,28.75423622131348
2010-03-10,29.01360511779785
2010-03-11,29.090452194213867
2010-03-12,29.22813606262207
2010-03-15,29.000795364379883
2010-03-16,29.15129280090332
2010-03-17,29.04562187194824
2010-03-18,29.30179214477539
2010-03-19,29.29217529296875
2010-03-22,29.545143127441406
2010-03-23,29.90056228637696
2010-03-24,29.5611515045166
2010-03-25,29.35301780700684
2010-03-26,29.234542846679688
2010-03-29,29.43626594543457
2010-03-30,29.32099723815918
2010-03-31,29.1192684173584
2010-04-01,29.40744972229004
2010-04-05,29.65080451965332
2010-04-06,29.644397735595703
2010-04-07,29.48430633544922
2010-04-08,29.471492767333984
2010-04-09,29.481101989746094
2010-04-12,29.394649505615234
2010-04-13,29.474693298339844
2010-04-14,29.61558532714844
2010-04-15,29.682823181152344
2010-04-16,29.548337936401367
2010-04-19,29.43947410583496
2010-04-20,29.548337936401367
2010-04-21,29.06803321838379
2010-04-22,28.815080642700195
2010-04-23,29.071239471435547
2010-04-26,28.917543411254883
2010-04-27,28.510887145996094
2010-04-28,28.661375045776367
2010-04-29,29.41705894470215
2010-04-30,29.212121963500977
2010-05-03,29.58355712890625
2010-05-04,29.000795364379883
2010-05-05,28.42122459411621
2010-05-06,27.63352394104004
2010-05-07,26.432764053344727
2010-05-10,27.300518035888672
2010-05-11,27.60150718688965
2010-05-12,28.15225982666016
2010-05-13,27.816041946411133
2010-05-14,27.27489471435547
2010-05-17,27.335739135742188
2010-05-18,27.021942138671875
2010-05-19,26.95469284057617
2010-05-20,25.894824981689453
2010-05-21,25.856401443481445
2010-05-24,25.81477737426757
2010-05-25,25.769948959350582
2010-05-26,25.456148147583008
2010-05-27,26.115760803222656
2010-05-28,26.010093688964844
2010-06-01,25.520187377929688
2010-06-02,26.45197296142578
2010-06-03,26.72735595703125
2010-06-04,25.699499130249023
2010-06-07,25.3088493347168
2010-06-08,25.036680221557617
2010-06-09,24.95342445373535
2010-06-10,25.728321075439453
2010-06-11,26.0132999420166
2010-06-14,26.09334754943848
2010-06-15,26.61847686767578
2010-06-16,26.53843879699707
2010-06-17,26.583261489868164
2010-06-18,26.695337295532227
2010-06-21,26.314285278320312
2010-06-22,25.98447608947754
2010-06-23,26.0132999420166
2010-06-24,25.81156539916992
2010-06-25,26.275863647460938
2010-06-28,26.05812644958496
2010-06-29,25.187175750732425
2010-06-30,24.822145462036133
2010-07-01,24.354642868041992
2010-07-02,24.530759811401367
2010-07-06,24.236167907714844
2010-07-07,24.65243530273437
2010-07-08,25.08470916748047
2010-07-09,25.44654083251953
2010-07-12,25.068693161010746
2010-07-13,25.66747283935547
2010-07-14,25.61304473876953
2010-07-15,25.68988800048828
2010-07-16,24.822145462036133
2010-07-19,25.011062622070312
2010-07-20,25.055889129638672
2010-07-21,24.84455680847168
2010-07-22,25.29924201965332
2010-07-23,25.532995223999023
2010-07-26,26.27265930175781
2010-07-27,26.12537002563477
2010-07-28,25.593833923339844
2010-07-29,25.513784408569336
2010-07-30,25.9460563659668
2010-08-02,26.429563522338867
2010-08-03,26.47759437561035
2010-08-04,26.849027633666992
2010-08-05,26.762575149536133
2010-08-06,26.903467178344727
2010-08-09,27.10519027709961
2010-08-10,26.97711181640625
2010-08-11,26.06773376464844
2010-08-12,26.349506378173828
2010-08-13,26.12537002563477
2010-08-16,26.16379165649414
2010-08-17,26.38473892211914
2010-08-18,26.38153076171875
2010-08-19,25.83718681335449
2010-08-20,25.77635765075684
2010-08-23,25.654672622680664
2010-08-24,25.196781158447266
2010-08-25,25.54900550842285
2010-08-26,25.21278953552246
2010-08-27,25.61624526977539
2010-08-30,25.29604148864746
2010-08-31,25.16156005859375
2010-09-01,25.894824981689453
2010-09-02,26.205415725708008
2010-09-03,26.44877052307129
2010-09-07,26.183008193969727
2010-09-08,26.628087997436523
2010-09-09,26.829814910888672
2010-09-10,27.0955867767334
2010-09-13,27.19164657592773
2010-09-14,27.18524169921875
2010-09-15,27.40937614440918
2010-09-16,27.3165225982666
2010-09-17,27.380565643310547
2010-09-20,27.79682350158692
2010-09-21,27.80963706970215
2010-09-22,27.703969955444336
2010-09-23,27.58870315551757
2010-09-24,28.029991149902344
2010-09-27,27.80451202392578
2010-09-28,27.97200584411621
2010-09-29,27.74653625488281
2010-09-30,27.778749465942383
2010-10-01,27.788402557373047
2010-10-04,27.614465713500977
2010-10-05,28.15561294555664
2010-10-06,27.95267677307129
2010-10-07,27.99777603149414
2010-10-08,28.20070075988769
2010-10-11,28.19748306274414
2010-10-12,28.364978790283203
2010-10-13,28.46805953979492
2010-10-14,28.384307861328125
2010-10-15,28.7064151763916
2010-10-18,28.841703414916992
2010-10-19,28.39075088500977
2010-10-20,28.406858444213867
2010-10-21,28.37464904785156
2010-10-22,28.42617988586425
2010-10-25,28.58402442932129
2010-10-26,28.519590377807617
2010-10-27,28.64522171020508
2010-10-28,28.80949592590332
2010-10-29,28.76439666748047
2010-11-01,28.616220474243164
2010-11-02,28.74185562133789
2010-11-03,28.77083969116211
2010-11-04,28.709646224975582
2010-11-05,28.542142868041992
2010-11-08,28.429407119750977
2010-11-09,28.178157806396484
2010-11-10,28.323116302490234
2010-11-11,28.41974258422852
2010-11-12,28.071861267089844
2010-11-15,28.24258613586425
2010-11-16,27.962343215942383
2010-11-17,28.013885498046875
2010-11-18,28.44873237609864
2010-11-19,28.48093605041504
2010-11-22,28.65165901184082
2010-11-23,28.34887886047364
2010-11-24,28.78372383117676
2010-11-26,28.674205780029297
2010-11-29,28.43906784057617
2010-11-30,28.15239143371582
2010-12-01,28.48093605041504
2010-12-02,28.64522171020508
2010-12-03,28.79016494750977
2010-12-06,28.6484432220459
2010-12-07,28.709646224975582
2010-12-08,28.79016494750977
2010-12-09,28.97698974609375
2010-12-10,29.30231666564941
2010-12-13,29.176698684692383
2010-12-14,29.495582580566406
2010-12-15,29.6147689819336
2010-12-16,29.969083786010746
2010-12-17,30.339519500732425
2010-12-20,30.34918212890625
2010-12-21,30.465145111083984
2010-12-22,30.4780216217041
2010-12-23,30.494129180908203
2010-12-27,30.510238647460938
2010-12-28,30.397499084472656
2010-12-29,30.36850547790528
2010-12-30,30.27187728881836
2010-12-31,30.091482162475582
2011-01-03,30.371726989746094
2011-01-04,30.24610137939453
2011-01-05,30.487682342529297
2011-01-06,30.629413604736328
2011-01-07,30.616527557373047
2011-01-10,30.581100463867188
2011-01-11,30.748584747314453
2011-01-12,30.916091918945312
2011-01-13,30.945077896118164
2011-01-14,30.990177154541016
2011-01-18,31.33160972595215
2011-01-19,30.57143783569336
2011-01-20,30.56499290466309
2011-01-21,30.28475379943848
2011-01-24,30.542449951171875
2011-01-25,30.581100463867188
2011-01-26,30.977293014526367
2011-01-27,30.845224380493164
2011-01-28,29.969083786010746
2011-01-31,30.18812370300293
2011-02-01,30.413599014282227
2011-02-02,30.45870018005371
2011-02-03,30.25576400756836
2011-02-04,30.326631546020508
2011-02-07,30.294416427612305
2011-02-08,30.28475379943848
2011-02-09,30.081825256347656
2011-02-10,30.252540588378903
2011-02-11,30.3201961517334
2011-02-14,30.5134506225586
2011-02-15,30.593982696533203
2011-02-16,30.697052001953125
2011-02-17,30.777585983276367
2011-02-18,30.70349502563477
2011-02-22,30.143028259277344
2011-02-23,29.89177894592285
2011-02-24,29.849903106689453
2011-02-25,30.44580268859864
2011-02-28,30.49734878540039
2011-03-01,30.28475379943848
2011-03-02,30.494129180908203
2011-03-03,30.9354190826416
2011-03-04,30.9354190826416
2011-03-07,30.75825500488281
2011-03-08,31.125457763671875
2011-03-09,31.13190650939941
2011-03-10,30.6197509765625
2011-03-11,30.82589530944824
2011-03-14,30.668067932128903
2011-03-15,30.4039363861084
2011-03-16,30.027070999145508
2011-03-17,30.126924514770508
2011-03-18,30.3201961517334
2011-03-21,30.56499290466309
2011-03-22,30.487682342529297
2011-03-23,30.574657440185547
2011-03-24,31.03527069091797
2011-03-25,31.10290908813477
2011-03-28,31.03204917907715
2011-03-29,31.508769989013672
2011-03-30,32.062774658203125
2011-03-31,32.26249694824219
2011-04-01,32.497657775878906
2011-04-04,32.578182220458984
2011-04-05,32.99370574951172
2011-04-06,32.996917724609375
2011-04-07,32.913169860839844
2011-04-08,32.91961669921875
2011-04-11,32.938941955566406
2011-04-12,32.842323303222656
2011-04-13,33.141868591308594
2011-04-14,33.40599060058594
2011-04-15,33.80541229248047
2011-04-18,33.396339416503906
2011-04-19,33.25138473510742
2011-04-20,33.85052490234375
2011-04-21,33.84406280517578
2011-04-25,33.69589614868164
2011-04-26,34.20482635498047
2011-04-27,35.01654052734375
2011-04-28,35.093833923339844
2011-04-29,34.610679626464844
2011-05-02,34.82651138305664
2011-05-03,34.53337478637695
2011-05-04,34.28214645385742
2011-05-05,33.82473373413086
2011-05-06,34.2885856628418
2011-05-09,34.836158752441406
2011-05-10,35.019771575927734
2011-05-11,34.803955078125
2011-05-12,35.27101135253906
2011-05-13,35.093833923339844
2011-05-16,34.568817138671875
2011-05-17,34.64289855957031
2011-05-18,34.94246292114258
2011-05-19,34.76530075073242
2011-05-20,34.86838150024414
2011-05-23,34.34013366699219
2011-05-24,34.20482635498047
2011-05-25,34.44318389892578
2011-05-26,34.704105377197266
2011-05-27,34.803955078125
2011-05-31,35.225914001464844
2011-06-01,34.520484924316406
2011-06-02,34.745967864990234
2011-06-03,34.36911392211914
2011-06-06,33.753883361816406
2011-06-07,34.156517028808594
2011-06-08,34.01156997680664
2011-06-09,33.92137145996094
2011-06-10,33.27716064453125
2011-06-13,33.1837272644043
2011-06-14,33.476863861083984
2011-06-15,33.09999084472656
2011-06-16,32.955039978027344
2011-06-17,32.7327766418457
2011-06-20,33.02592468261719
2011-06-21,33.457523345947266
2011-06-22,33.34803009033203
2011-06-23,33.53163528442383
2011-06-24,33.28358840942383
2011-06-27,33.57993698120117
2011-06-28,34.16617965698242
2011-06-29,34.28537368774414
2011-06-30,34.35622787475586
2011-07-01,34.69443130493164
2011-07-05,34.836158752441406
2011-07-06,35.010101318359375
2011-07-07,35.25491714477539
2011-07-08,35.30322265625
2011-07-11,34.639671325683594
2011-07-12,34.61391067504883
2011-07-13,34.88125991821289
2011-07-14,34.65578842163086
2011-07-15,34.58815002441406
2011-07-18,34.195159912109375
2011-07-19,34.79427719116211
2011-07-20,34.47539520263672
2011-07-21,34.987552642822266
2011-07-22,35.155067443847656
2011-07-25,34.578468322753906
2011-07-26,34.211265563964844
2011-07-27,33.254581451416016
2011-07-28,33.312591552734375
2011-07-29,33.46720504760742
2011-08-01,32.97758102416992
2011-08-02,31.9597282409668
2011-08-03,31.93073081970215
2011-08-04,29.41505241394043
2011-08-05,29.10260963439941
2011-08-08,27.30524253845215
2011-08-09,28.9318962097168
2011-08-10,27.527502059936523
2011-08-11,28.60978889465332
2011-08-12,29.23144721984864
2011-08-15,30.162363052368164
2011-08-16,30.03351783752441
2011-08-17,29.872461318969727
2011-08-18,28.46805953979492
2011-08-19,28.506710052490234
2011-08-22,28.381092071533203
2011-08-23,29.502031326293945
2011-08-24,29.70174217224121
2011-08-25,29.01886558532715
2011-08-26,29.669523239135746
2011-08-29,30.65840148925781
2011-08-30,30.970848083496094
2011-08-31,30.990177154541016
2011-09-01,30.519893646240234
2011-09-02,29.90788650512696
2011-09-06,30.339519500732425
2011-09-07,31.228534698486328
2011-09-08,31.17699813842773
2011-09-09,30.24931907653809
2011-09-12,30.481245040893555
2011-09-13,30.877439498901367
2011-09-14,31.18344497680664
2011-09-15,31.51844024658203
2011-09-16,31.54419708251953
2011-09-19,31.450796127319336
2011-09-20,31.71492385864257
2011-09-21,31.15766906738281
2011-09-22,30.31695938110352
2011-09-23,30.532773971557617
2011-09-26,30.68095970153809
2011-09-27,31.13834381103516
2011-09-28,30.291200637817383
2011-09-29,30.313751220703125
2011-09-30,30.068941116333008
2011-10-03,28.7064151763916
2011-10-04,29.350631713867188
2011-10-05,30.217113494873047
2011-10-06,30.92252922058105
2011-10-07,30.30730628967285
2011-10-10,31.04171371459961
2011-10-11,30.99662399291992
2011-10-12,30.755041122436523
2011-10-13,31.23819923400879
2011-10-14,31.338054656982425
2011-10-17,30.69383811950684
2011-10-18,30.92897605895996
2011-10-19,30.63907814025879
2011-10-20,30.880661010742188
2011-10-21,31.3187255859375
2011-10-24,31.85020637512207
2011-10-25,31.03204917907715
2011-10-26,31.51844024658203
2011-10-27,32.15299224853516
2011-10-28,32.285057067871094
2011-10-31,31.640825271606445
2011-11-01,30.983732223510746
2011-11-02,31.03527069091797
2011-11-03,31.41536521911621
2011-11-04,30.91931533813477
2011-11-07,31.009506225585938
2011-11-08,30.974071502685547
2011-11-09,30.139806747436523
2011-11-10,30.117259979248047
2011-11-11,30.60686492919922
2011-11-14,30.55210876464844
2011-11-15,30.655181884765625
2011-11-16,30.21066665649414
2011-11-17,29.949764251708984
2011-11-18,29.740398406982425
2011-11-21,31.1608943939209
2011-11-22,31.586069107055664
2011-11-23,31.10613250732422
2011-11-25,30.80335807800293
2011-11-28,31.86630630493164
2011-11-29,31.8920841217041
2011-11-30,32.91961669921875
2011-12-01,32.98724365234375
2011-12-02,32.77467727661133
2011-12-05,32.826202392578125
2011-12-06,32.813316345214844
2011-12-07,32.69093322753906
2011-12-08,32.172332763671875
2011-12-09,32.739234924316406
2011-12-12,32.4171028137207
2011-12-13,32.027366638183594
2011-12-14,31.9275131225586
2011-12-15,32.1078987121582
2011-12-16,32.24640274047852
2011-12-19,32.223873138427734
2011-12-20,33.0323600769043
2011-12-21,33.16120910644531
2011-12-22,33.2526969909668
2011-12-23,33.33966827392578
2011-12-27,33.60062026977539
2011-12-28,33.26557159423828
2011-12-29,33.49108123779297
2011-12-30,33.61671829223633
2012-01-03,33.929203033447266
2012-01-04,33.784236907958984
2012-01-05,34.26104736328125
2012-01-06,34.53807067871094
2012-01-09,35.0180778503418
2012-01-10,35.71071243286133
2012-01-11,35.929786682128906
2012-01-12,36.181060791015625
2012-01-13,36.193946838378906
2012-01-17,36.41946029663086
2012-01-18,36.83181381225586
2012-01-19,36.664283752441406
2012-01-20,36.40334701538086
2012-01-23,36.18427276611328
2012-01-24,36.39368438720703
2012-01-25,37.2828254699707
2012-01-26,36.95423126220703
2012-01-27,37.4149055480957
2012-01-30,37.24096298217773
2012-01-31,37.36982345581055
2012-02-01,38.184844970703125
2012-02-02,38.40392303466797
2012-02-03,38.86459732055664
2012-02-06,39.26728820800781
2012-02-07,38.99668502807617
2012-02-08,38.69386291503906
2012-02-09,38.47803115844727
2012-02-10,38.297611236572266
2012-02-13,39.19319152832031
2012-02-14,38.84527587890625
2012-02-15,38.83882141113281
2012-02-16,39.14163589477539
2012-02-17,38.34917831420898
2012-02-21,37.611419677734375
2012-02-22,37.59531784057617
2012-02-23,38.43935775756836
2012-02-24,38.48445510864258
2012-02-27,38.474796295166016
2012-02-28,38.58756256103516
2012-02-29,38.35559844970703
2012-03-01,38.79694747924805
2012-03-02,38.62620544433594
2012-03-05,38.31693649291992
2012-03-06,37.54377365112305
2012-03-07,37.77250671386719
2012-03-08,38.41679763793945
2012-03-09,38.468353271484375
2012-03-12,38.47803115844727
2012-03-13,38.86138153076172
2012-03-14,38.66808319091797
2012-03-15,39.00313949584961
2012-03-16,38.98380279541016
2012-03-19,39.20286560058594
2012-03-20,38.87748336791992
2012-03-21,39.03855895996094
2012-03-22,39.061126708984375
2012-03-23,39.27281188964844
2012-03-26,39.98494720458984
2012-03-27,39.80772018432617
2012-03-28,39.60150146484375
2012-03-29,39.56605529785156
2012-03-30,39.73037338256836
2012-04-02,40.11060333251953
2012-04-03,40.361961364746094
2012-04-04,39.76582336425781
2012-04-05,39.87860870361328
2012-04-09,39.14715194702149
2012-04-10,38.07413864135742
2012-04-11,38.40926361083984
2012-04-12,38.60260009765625
2012-04-13,38.07091522216797
2012-04-16,37.93879699707031
2012-04-17,38.54136276245117
2012-04-18,38.373809814453125
2012-04-19,38.94092178344727
2012-04-20,39.30181503295898
2012-04-23,39.16326522827149
2012-04-24,39.20515823364258
2012-04-25,39.90437698364258
2012-04-26,40.22661209106445
2012-04-27,40.61326217651367
2012-04-30,40.40382766723633
2012-05-01,40.252384185791016
2012-05-02,40.59073257446289
2012-05-03,40.03326034545898
2012-05-04,39.25669097900391
2012-05-07,40.09770584106445
2012-05-08,40.30394744873047
2012-05-09,39.80447769165039
2012-05-10,40.204044342041016
2012-05-11,40.73894119262695
2012-05-14,40.70026397705078
2012-05-15,40.59394073486328
2012-05-16,40.49726486206055
2012-05-17,39.41781234741211
2012-05-18,38.79593276977539
2012-05-21,39.86571502685547
2012-05-22,39.94305038452149
2012-05-23,39.7948112487793
2012-05-24,40.21050262451172
2012-05-25,40.34260559082031
2012-05-29,40.37160110473633
2012-05-30,40.084842681884766
2012-05-31,39.70137786865234
2012-06-01,38.49625778198242
2012-06-04,38.71534729003906
2012-06-05,39.095584869384766
2012-06-06,39.78193664550781
2012-06-07,39.34370422363281
2012-06-08,39.81737518310547
2012-06-11,39.09881210327149
2012-06-12,39.75615310668945
2012-06-13,39.2083740234375
2012-06-14,39.83992385864258
2012-06-15,40.33617401123047
2012-06-18,40.674503326416016
2012-06-19,41.24161148071289
2012-06-20,41.37050628662109
2012-06-21,40.79050827026367
2012-06-22,41.57982635498047
2012-06-25,40.95377349853516
2012-06-26,41.328121185302734
2012-06-27,41.94446563720703
2012-06-28,40.83761596679688
2012-06-29,41.938018798828125
2012-07-02,42.92225646972656
2012-07-03,43.2610969543457
2012-07-05,43.08359909057617
2012-07-06,42.68344497680664
2012-07-09,42.93193435668945
2012-07-10,42.2833137512207
2012-07-11,41.779884338378906
2012-07-12,42.15422058105469
2012-07-13,42.515663146972656
2012-07-16,42.79962921142578
2012-07-17,43.29335784912109
2012-07-18,43.48697662353516
2012-07-19,43.28045272827149
2012-07-20,42.825439453125
2012-07-23,42.27362060546875
2012-07-24,41.80247116088867
2012-07-25,42.625370025634766
2012-07-26,43.43856430053711
2012-07-27,44.774539947509766
2012-07-30,43.819366455078125
2012-07-31,43.18041610717773
2012-08-01,42.36719512939453
2012-08-02,42.27685546875
2012-08-03,42.7221794128418
2012-08-06,43.06424331665039
2012-08-07,43.17073822021485
2012-08-08,42.83512878417969
2012-08-09,42.85771179199219
2012-08-10,42.8770751953125
2012-08-13,42.77704620361328
2012-08-14,43.14492034912109
2012-08-15,43.50955581665039
2012-08-16,43.14492034912109
2012-08-17,42.96743392944336
2012-08-20,42.87061309814453
2012-08-21,42.86737823486328
2012-08-22,43.24818420410156
2012-08-23,43.29335784912109
2012-08-24,43.88712692260742
2012-08-27,43.819366455078125
2012-08-28,43.98392105102539
2012-08-29,43.92584991455078
2012-08-30,43.67414093017578
2012-08-31,44.00974655151367
2012-09-04,44.67129135131836
2012-09-05,44.56479263305664
2012-09-06,45.47803497314453
2012-09-07,45.45543670654297
2012-09-10,45.07787704467773
2012-09-11,44.97138977050781
2012-09-12,44.96817779541016
2012-09-13,45.33281326293945
2012-09-14,45.745887756347656
2012-09-17,46.19443893432617
2012-09-18,46.54940032958984
2012-09-19,46.33963394165039
2012-09-20,46.44612503051758
2012-09-21,46.70751953125
2012-09-24,46.25467300415039
2012-09-25,46.0314826965332
2012-09-26,45.38134002685547
2012-09-27,46.047664642333984
2012-09-28,46.12203979492188
2012-10-01,46.45845031738281
2012-10-02,46.95981979370117
2012-10-03,47.29621124267578
2012-10-04,47.49028778076172
2012-10-05,47.606727600097656
2012-10-08,47.15713119506836
2012-10-09,46.27085876464844
2012-10-10,45.91178512573242
2012-10-11,46.138214111328125
2012-10-12,45.81477355957031
2012-10-15,46.03796005249024
2012-10-16,46.597537994384766
2012-10-17,47.19916915893555
2012-10-18,46.49403762817383
2012-10-19,45.090213775634766
2012-10-22,44.92525863647461
2012-10-23,44.05516052246094
2012-10-24,44.13603210449219
2012-10-25,44.152191162109375
2012-10-26,43.65406036376953
2012-10-31,42.65456771850586
2012-11-01,43.35971832275391
2012-11-02,42.33757781982422
2012-11-05,43.11064910888672
2012-11-06,43.04594421386719
2012-11-07,42.0367546081543
2012-11-08,41.535404205322266
2012-11-09,42.05293273925781
2012-11-12,42.79366683959961
2012-11-13,42.79042816162109
2012-11-14,41.965606689453125
2012-11-15,41.58391189575195
2012-11-16,42.57370376586914
2012-11-19,43.15916061401367
2012-11-20,44.058372497558594
2012-11-21,44.161903381347656
2012-11-23,44.708534240722656
2012-11-26,44.48535537719727
2012-11-27,44.320404052734375
2012-11-28,44.52740478515625
2012-11-29,45.24225234985352
2012-11-30,44.87996292114258
2012-12-03,44.77970123291016
2012-12-04,44.79264831542969
2012-12-05,44.75060272216797
2012-12-06,44.55004501342773
2012-12-07,44.2848014831543
2012-12-10,44.951133728027344
2012-12-11,45.659515380859375
2012-12-12,45.50423812866211
2012-12-13,44.93820571899414
2012-12-14,44.65679550170898
2012-12-17,45.09346008300781
2012-12-18,45.53334045410156
2012-12-19,45.01641845703125
2012-12-20,45.0196533203125
2012-12-21,44.65387344360352
2012-12-24,44.61827087402344
2012-12-26,44.22661590576172
2012-12-27,44.09064102172852
2012-12-28,43.67956161499024
2012-12-31,44.41757583618164
2013-01-02,45.84184265136719
2013-01-03,45.89038848876953
2013-01-04,46.16553115844727
2013-01-07,46.46333312988281
2013-01-08,46.728763580322266
2013-01-09,47.359981536865234
2013-01-10,47.466796875
2013-01-11,47.09130096435547
2013-01-14,47.20137786865234
2013-01-15,47.28229141235352
2013-01-16,46.74821090698242
2013-01-17,46.78055191040039
2013-01-18,46.86471176147461
2013-01-22,47.09130096435547
2013-01-23,46.777320861816406
2013-01-24,46.83558654785156
2013-01-25,47.272579193115234
2013-01-28,47.09453201293945
2013-01-29,47.32437133789063
2013-01-30,46.94889450073242
2013-01-31,47.123680114746094
2013-02-01,47.83256912231445
2013-02-04,47.15281677246094
2013-02-05,47.667476654052734
2013-02-06,47.46355056762695
2013-02-07,47.000675201416016
2013-02-08,47.431190490722656
2013-02-11,47.298465728759766
2013-02-12,47.088077545166016
2013-02-13,47.385860443115234
2013-02-14,47.27581405639648
2013-02-15,47.18194580078125
2013-02-19,47.30494689941406
2013-02-20,46.90679550170898
2013-02-21,46.528079986572266
2013-02-22,47.26933288574219
2013-02-25,46.73199844360352
2013-02-26,46.76114273071289
2013-02-27,47.48297500610352
2013-02-28,47.83904647827149
2013-03-01,48.41522979736328
2013-03-04,48.96551132202149
2013-03-05,49.59995651245117
2013-03-06,50.00457000732422
2013-03-07,49.96895980834961
2013-03-08,50.38652801513672
2013-03-11,50.52895736694336
2013-03-12,50.71670913696289
2013-03-13,50.53219604492188
2013-03-14,50.810585021972656
2013-03-15,50.460975646972656
2013-03-18,50.14377212524414
2013-03-19,50.03694152832031
2013-03-20,50.51278305053711
2013-03-21,50.16966247558594
2013-03-22,50.52572250366211
2013-03-25,50.2020263671875
2013-03-26,50.383296966552734
2013-03-27,51.06953048706055
2013-03-28,51.76871871948242
2013-04-01,51.64894104003906
2013-04-02,52.50025939941406
2013-04-03,51.623043060302734
2013-04-04,51.849639892578125
2013-04-05,51.77195739746094
2013-04-08,51.90467071533203
2013-04-09,52.098876953125
2013-04-10,53.506980895996094
2013-04-11,54.19644165039063
2013-04-12,54.769378662109375
2013-04-15,53.3062744140625
2013-04-16,54.36151885986328
2013-04-17,54.09610748291016
2013-04-18,53.393680572509766
2013-04-19,55.86347198486328
2013-04-22,56.313419342041016
2013-04-23,56.57559585571289
2013-04-24,54.92152404785156
2013-04-25,56.04473876953125
2013-04-26,56.04151916503906
2013-04-29,56.15156173706055
2013-04-30,55.77608489990234
2013-05-01,55.40705871582031
2013-05-02,56.31988906860352
2013-05-03,57.17120361328125
2013-05-06,56.95433044433594
2013-05-07,56.49143981933594
2013-05-08,56.57559585571289
2013-05-09,56.61122131347656
2013-05-10,58.27177047729492
2013-05-13,59.24934387207031
2013-05-14,60.26572799682617
2013-05-15,59.56654357910156
2013-05-16,58.33973693847656
2013-05-17,58.91592788696289
2013-05-20,58.18761444091797
2013-05-21,58.7637939453125
2013-05-22,58.58252334594727
2013-05-23,58.67639923095703
2013-05-24,58.50482177734375
2013-05-28,59.24610137939453
2013-05-29,58.61164855957031
2013-05-30,59.31083679199219
2013-05-31,58.10346221923828
2013-06-03,57.43340301513672
2013-06-04,56.39111709594727
2013-06-05,55.11250686645508
2013-06-06,56.70508575439453
2013-06-07,58.00310897827149
2013-06-10,57.708534240722656
2013-06-11,57.74738693237305
2013-06-12,56.46230697631836
2013-06-13,57.23917770385742
2013-06-14,56.87016296386719
2013-06-17,56.3846321105957
2013-06-18,57.1485481262207
2013-06-19,56.00590515136719
2013-06-20,54.35505676269531
2013-06-21,54.57192993164063
2013-06-24,54.37123489379883
2013-06-25,54.588111877441406
2013-06-26,56.00590515136719
2013-06-27,56.47284698486328
2013-06-28,56.30771255493164
2013-07-01,57.72608947753906
2013-07-02,57.920387268066406
2013-07-03,57.884761810302734
2013-07-05,59.00846481323242
2013-07-08,58.755859375
2013-07-09,59.09590148925781
2013-07-10,59.78565979003906
2013-07-11,61.000030517578125
2013-07-12,62.50908279418945
2013-07-15,62.518775939941406
2013-07-16,61.880836486816406
2013-07-17,62.2435302734375
2013-07-18,62.15608596801758
2013-07-19,63.14700698852539
2013-07-22,63.37046432495117
2013-07-23,62.28886413574219
2013-07-24,62.50261306762695
2013-07-25,63.29275894165039
2013-07-26,63.603614807128906
2013-07-29,63.0595932006836
2013-07-30,63.852989196777344
2013-07-31,64.06346130371094
2013-08-01,64.9637222290039
2013-08-02,65.07061004638672
2013-08-05,64.91516876220703
2013-08-06,63.54856491088867
2013-08-07,63.65219497680664
2013-08-08,63.354270935058594
2013-08-09,63.21828079223633
2013-08-12,62.6839485168457
2013-08-13,62.70986557006836
2013-08-14,62.551177978515625
2013-08-15,61.15545272827149
2013-08-16,60.8283805847168
2013-08-19,60.591983795166016
2013-08-20,61.31089019775391
2013-08-21,61.887325286865234
2013-08-22,62.593257904052734
2013-08-23,62.51555252075195
2013-08-26,63.82704925537109
2013-08-27,61.93912506103516
2013-08-28,62.60299682617188
2013-08-29,63.39960861206055
2013-08-30,62.73899841308594
2013-09-03,64.0699691772461
2013-09-04,65.21308135986328
2013-09-05,65.3879165649414
2013-09-06,65.26813507080078
2013-09-09,66.61200714111328
2013-09-10,66.79656982421875
2013-09-11,66.70268249511719
2013-09-12,66.75773620605469
2013-09-13,67.19489288330078
2013-09-16,67.47663879394531
2013-09-17,67.67739868164062
2013-09-18,68.38983917236328
2013-09-19,68.4351577758789
2013-09-20,67.97210693359375
2013-09-23,67.23699188232422
2013-09-24,67.35034942626953
2013-09-25,66.95523834228516
2013-09-26,68.05628967285156
2013-09-27,68.24087524414062
2013-09-30,67.87494659423828
2013-10-01,69.22855377197266
2013-10-02,69.03425598144531
2013-10-03,68.05628967285156
2013-10-04,68.8140869140625
2013-10-07,67.28883361816406
2013-10-08,64.3451919555664
2013-10-09,62.985107421875
2013-10-10,65.24221801757812
2013-10-11,65.01876068115234
2013-10-14,65.510986328125
2013-10-15,64.95075988769531
2013-10-16,66.98442840576172
2013-10-17,67.47663879394531
2013-10-18,66.96175384521484
2013-10-21,65.8963394165039
2013-10-22,67.37625885009766
2013-10-23,67.71627807617188
2013-10-24,68.42546844482422
2013-10-25,68.49347686767578
2013-10-28,68.51611328125
2013-10-29,68.52262115478516
2013-10-30,67.11394500732422
2013-10-31,66.49219512939453
2013-11-01,66.72859191894531
2013-11-04,66.60228729248047
2013-11-05,67.06861877441406
2013-11-06,65.1126708984375
2013-11-07,64.06021118164062
2013-11-08,66.11976623535156
2013-11-11,66.5602035522461
2013-11-12,66.80307006835938
2013-11-13,67.33089447021484
2013-11-14,67.83283233642578
2013-11-15,68.75252532958984
2013-11-18,67.69359588623047
2013-11-19,67.755126953125
2013-11-20,68.35098266601562
2013-11-21,69.36781311035156
2013-11-22,71.44680786132812
2013-11-25,72.14629364013672
2013-11-26,72.36000061035156
2013-11-27,72.32113647460938
2013-11-29,72.5899429321289
2013-12-02,72.77452850341797
2013-12-03,71.4565200805664
2013-12-04,71.45325469970703
2013-12-05,71.3043441772461
2013-12-06,71.89369201660156
2013-12-09,71.72530364990234
2013-12-10,71.12620544433594
2013-12-11,69.36131286621094
2013-12-12,69.85681915283203
2013-12-13,69.78234100341797
2013-12-16,69.91509246826172
2013-12-17,69.1022720336914
2013-12-18,71.01933288574219
2013-12-19,70.5919189453125
2013-12-20,72.44097900390625
2013-12-23,73.19224548339844
2013-12-24,73.02385711669922
2013-12-26,73.58732604980469
2013-12-27,73.15985107421875
2013-12-30,73.45779418945312
2013-12-31,73.52903747558594
2014-01-02,73.53874969482422
2014-01-03,73.19551849365234
2014-01-06,72.47978973388672
2014-01-07,73.48692321777344
2014-01-08,74.99276733398438
2014-01-09,75.931884765625
2014-01-10,77.30814361572266
2014-01-13,76.26542663574219
2014-01-14,79.03092956542969
2014-01-15,78.7362289428711
2014-01-16,79.78545379638672
2014-01-17,80.12549591064453
2014-01-21,81.60214233398438
2014-01-22,82.16883850097656
2014-01-23,81.84503173828125
2014-01-24,79.02118682861328
2014-01-27,77.26604461669922
2014-01-28,78.96292877197266
2014-01-29,78.62614440917969
2014-01-30,80.94477844238281
2014-01-31,79.63326263427734
2014-02-03,77.21099853515625
2014-02-04,78.0464859008789
2014-02-05,76.73171997070312
2014-02-06,76.67991638183594
2014-02-07,79.76925659179688
2014-02-10,81.19084930419922
2014-02-11,82.47000885009766
2014-02-12,82.84888458251953
2014-02-13,84.20573425292969
2014-02-14,83.38970947265625
2014-02-18,85.56908416748047
2014-02-19,84.67533111572266
2014-02-20,85.96415710449219
2014-02-21,87.0166015625
2014-02-24,88.10787963867188
2014-02-25,88.48031616210938
2014-02-26,87.49903869628906
2014-02-27,88.13056945800781
2014-02-28,85.62737274169922
2014-03-03,85.46220397949219
2014-03-04,87.1849594116211
2014-03-05,86.88058471679688
2014-03-06,84.56520080566406
2014-03-07,84.00171661376953
2014-03-10,84.35792541503906
2014-03-11,83.89488983154297
2014-03-12,84.68177795410156
2014-03-13,82.51209259033203
2014-03-14,82.21095275878906
2014-03-17,82.72904205322266
2014-03-18,84.91494750976562
2014-03-19,84.02438354492188
2014-03-20,83.62931060791016
2014-03-21,79.66561126708984
2014-03-24,77.47010040283203
2014-03-25,77.5380630493164
2014-03-26,76.12939453125
2014-03-27,76.46942901611328
2014-03-28,74.28031158447266
2014-03-31,76.55360412597656
2014-04-01,78.25370788574219
2014-04-02,78.2375259399414
2014-04-03,76.00633239746094
2014-04-04,72.95905303955078
2014-04-07,73.45130157470703
2014-04-08,73.13069152832031
2014-04-09,76.12619018554688
2014-04-10,71.85482788085938
2014-04-11,69.76935577392578
2014-04-14,69.74346160888672
2014-04-15,70.46881866455078
2014-04-16,72.12686157226562
2014-04-17,71.9422836303711
2014-04-21,73.61968994140625
2014-04-22,76.00960540771484
2014-04-23,74.80171203613281
2014-04-24,74.3580322265625
2014-04-25,72.5251693725586
2014-04-28,72.23369598388672
2014-04-29,74.18641662597656
2014-04-30,74.56206512451172
2014-05-01,75.2906723022461
2014-05-02,74.1734619140625
2014-05-05,75.54325866699219
2014-05-06,74.26414489746094
2014-05-07,73.66506958007812
2014-05-08,72.3276138305664
2014-05-09,73.32827758789062
2014-05-12,75.10284423828125
2014-05-13,74.6462631225586
2014-05-14,74.9377212524414
2014-05-15,74.09252166748047
2014-05-16,73.93058776855469
2014-05-19,74.96685791015625
2014-05-20,73.94999694824219
2014-05-21,74.39690399169922
2014-05-22,75.82500457763672
2014-05-23,75.98368835449219
2014-05-27,77.87161254882812
2014-05-28,77.58663940429688
2014-05-29,78.03028869628906
2014-05-30,77.58663940429688
2014-06-02,77.69027709960938
2014-06-03,78.01732635498047
2014-06-04,78.84310150146484
2014-06-05,79.4001235961914
2014-06-06,79.69151306152344
2014-06-09,80.31978607177734
2014-06-10,80.73104095458984
2014-06-11,80.64359283447266
2014-06-12,80.2550048828125
2014-06-13,80.1772689819336
2014-06-16,80.46873474121094
2014-06-17,80.23558044433594
2014-06-18,80.91239166259766
2014-06-19,81.13906860351562
2014-06-20,82.78411865234375
2014-06-23,81.90007781982422
2014-06-24,82.73229217529297
2014-06-25,82.98950958251953
2014-06-26,83.15166473388672
2014-06-27,83.26519012451172
2014-06-30,83.36248779296875
2014-07-01,85.33765411376953
2014-07-02,85.80142211914062
2014-07-03,86.2781982421875
2014-07-07,84.03059387207031
2014-07-08,82.2597427368164
2014-07-09,83.08355712890625
2014-07-10,82.85974884033203
2014-07-11,83.2748794555664
2014-07-14,83.70952606201172
2014-07-15,81.87057495117188
2014-07-16,80.60242462158203
2014-07-17,78.83482360839844
2014-07-18,81.20894622802734
2014-07-21,81.3613510131836
2014-07-22,82.27596282958984
2014-07-23,84.11167907714844
2014-07-24,82.8500747680664
2014-07-25,82.39924621582031
2014-07-28,81.70191192626953
2014-07-29,82.63273620605469
2014-07-30,83.43382263183594
2014-07-31,81.35163116455078
2014-08-01,81.1732406616211
2014-08-04,81.7538070678711
2014-08-05,81.61431884765625
2014-08-06,81.6727066040039
2014-08-07,80.48242950439453
2014-08-08,81.56572723388672
2014-08-11,82.12352752685547
2014-08-12,81.6208267211914
2014-08-13,83.3949203491211
2014-08-14,84.71491241455078
2014-08-15,85.43168640136719
2014-08-18,86.3398208618164
2014-08-19,86.67064666748047
2014-08-20,86.54740142822266
2014-08-21,85.7690200805664
2014-08-22,86.41120147705078
2014-08-25,88.4220199584961
2014-08-26,89.42095947265625
2014-08-27,89.21015167236328
2014-08-28,88.9052734375
2014-08-29,89.69342041015625
2014-09-02,89.53772735595703
2014-09-03,89.33988189697266
2014-09-04,87.86741638183594
2014-09-05,87.76362609863281
2014-09-08,88.56153106689453
2014-09-09,87.40038299560547
2014-09-10,88.99933624267578
2014-09-11,88.6555404663086
2014-09-12,87.42957305908203
2014-09-15,86.30091857910156
2014-09-16,87.83497619628906
2014-09-17,88.5355453491211
2014-09-18,89.21338653564453
2014-09-19,89.26527404785156
2014-09-22,88.39607238769531
2014-09-23,88.11066436767578
2014-09-24,90.6000747680664
2014-09-25,88.8742904663086
2014-09-26,89.66581726074219
2014-09-29,89.55228424072266
2014-09-30,88.7640151977539
2014-10-01,87.40152740478516
2014-10-02,87.12908172607422
2014-10-03,89.31549072265625
2014-10-06,88.14440155029297
2014-10-07,86.49002075195312
2014-10-08,88.92620086669922
2014-10-09,86.92143249511719
2014-10-10,85.10159301757812
2014-10-13,83.40827178955078
2014-10-14,82.80810546875
2014-10-15,83.19738006591797
2014-10-16,84.66041564941406
2014-10-17,86.0844955444336
2014-10-20,87.45345306396484
2014-10-21,90.2691879272461
2014-10-22,89.61068725585938
2014-10-23,92.00469970703124
2014-10-24,93.6753387451172
2014-10-27,94.21707916259766
2014-10-28,95.3556900024414
2014-10-29,94.27869415283205
2014-10-30,96.24774932861328
2014-10-31,96.22180938720705
2014-11-03,96.12126159667967
2014-11-04,95.1578140258789
2014-11-05,93.71749114990234
2014-11-06,95.15130615234376
2014-11-07,94.11975860595705
2014-11-10,95.7611846923828
2014-11-11,96.1017837524414
2014-11-12,96.17964935302734
2014-11-13,95.33621978759766
2014-11-14,93.48070526123048
2014-11-17,93.6980438232422
2014-11-18,95.77742004394533
2014-11-19,95.44002532958984
2014-11-20,95.37838745117188
2014-11-21,95.69953155517578
2014-11-24,97.36691284179688
2014-11-25,97.2112274169922
2014-11-26,98.57369232177734
2014-11-28,98.58340454101562
2014-12-01,97.5193862915039
2014-12-02,99.54685974121094
2014-12-03,99.99453735351562
2014-12-04,99.32952117919922
2014-12-05,100.17620086669922
2014-12-08,101.79167175292967
2014-12-09,102.1582260131836
2014-12-10,100.06265258789062
2014-12-11,100.57844543457033
2014-12-12,99.29708862304688
2014-12-15,96.5592041015625
2014-12-16,95.26483917236328
2014-12-17,98.41471099853516
2014-12-18,101.85008239746094
2014-12-19,102.8978500366211
2014-12-22,100.26377868652344
2014-12-23,95.59252166748048
2014-12-24,97.25341033935548
2014-12-26,99.4625244140625
2014-12-29,99.91665649414062
2014-12-30,98.81700134277344
2014-12-31,98.40501403808594
2015-01-02,99.37493133544922
2015-01-05,99.21598815917967
2015-01-06,97.58102416992188
2015-01-07,101.21099853515624
2015-01-08,102.00251770019533
2015-01-09,101.63919067382812
2015-01-12,102.20365142822266
2015-01-13,102.1744613647461
2015-01-14,102.36908721923828
2015-01-15,99.81610870361328
2015-01-16,103.09896087646484
2015-01-20,104.85396575927734
2015-01-21,103.3163070678711
2015-01-22,104.120849609375
2015-01-23,104.5879898071289
2015-01-26,106.40131378173828
2015-01-27,105.74604034423828
2015-01-28,103.47526550292967
2015-01-29,104.73068237304688
2015-01-30,104.34141540527344
2015-02-02,103.66989135742188
2015-02-03,103.08924102783205
2015-02-04,101.38941955566406
2015-02-05,103.77696990966795
2015-02-06,102.37560272216795
2015-02-09,101.66840362548828
2015-02-10,103.24171447753906
2015-02-11,102.91409301757812
2015-02-12,103.9423828125
2015-02-13,104.92858123779295
2015-02-17,106.0185089111328
2015-02-18,106.86195373535156
2015-02-19,107.69564819335938
2015-02-20,109.13597106933594
2015-02-23,109.64524841308594
2015-02-24,108.7207489013672
2015-02-25,110.1156234741211
2015-02-26,110.55357360839844
2015-02-27,109.47332763671876
2015-03-02,110.21295166015624
2015-03-03,109.61930084228516
2015-03-04,110.32324981689452
2015-03-05,112.78215026855467
2015-03-06,111.0596160888672
2015-03-09,111.22506713867188
2015-03-10,110.75792694091795
2015-03-11,111.11799621582033
2015-03-12,111.86085510253906
2015-03-13,112.0230712890625
2015-03-16,114.82583618164062
2015-03-17,115.5654296875
2015-03-18,116.17855834960938
2015-03-19,118.4849853515625
2015-03-20,118.8969955444336
2015-03-23,116.22398376464844
2015-03-24,115.4681396484375
2015-03-25,110.71574401855467
2015-03-26,110.55680084228516
2015-03-27,112.71404266357422
2015-03-30,113.96619415283205
2015-03-31,111.40672302246094
2015-04-01,110.32001495361328
2015-04-02,110.19670867919922
2015-04-06,109.92100524902344
2015-04-07,110.9168930053711
2015-04-08,114.1900405883789
2015-04-09,114.53062438964844
2015-04-10,115.9547119140625
2015-04-13,116.2369613647461
2015-04-14,115.87686920166016
2015-04-15,117.08684539794922
2015-04-16,117.26853942871094
2015-04-17,115.63353729248048
2015-04-20,116.11693572998048
2015-04-21,118.2417221069336
2015-04-22,118.02758026123048
2015-04-23,119.27327728271484
2015-04-24,117.98219299316406
2015-04-27,113.06763458251952
2015-04-28,111.75381469726562
2015-04-29,111.8543930053711
2015-04-30,108.23738098144533
2015-05-01,111.59163665771484
2015-05-04,111.97766876220705
2015-05-05,109.64524841308594
2015-05-06,110.52761840820312
2015-05-07,111.62731170654295
2015-05-08,114.23221588134766
2015-05-11,114.28087615966795
2015-05-12,114.11865997314452
2015-05-13,113.81373596191406
2015-05-14,115.35137939453124
2015-05-15,115.35784912109376
2015-05-18,116.87925720214844
2015-05-19,116.93766784667967
2015-05-20,117.94647979736328
2015-05-21,117.9497528076172
2015-05-22,118.25469970703124
2015-05-26,116.87925720214844
2015-05-27,119.03972625732422
2015-05-28,118.36823272705078
2015-05-29,118.41362762451172
2015-06-01,118.34225463867188
2015-06-02,117.9043426513672
2015-06-03,118.34553527832033
2015-06-04,117.68698120117188
2015-06-05,119.06568145751952
2015-06-08,118.40714263916016
2015-06-09,116.98954010009766
2015-06-10,118.67318725585938
2015-06-11,119.3998031616211
2015-06-12,118.04706573486328
2015-06-15,117.9757308959961
2015-06-16,118.20276641845705
2015-06-17,118.9067153930664
2015-06-18,122.58211517333984
2015-06-19,122.45556640625
2015-06-22,124.29814910888672
2015-06-23,124.32408905029295
2015-06-24,122.50656127929688
2015-06-25,121.93877410888672
2015-06-26,120.94600677490234
2015-06-29,116.98456573486328
2015-06-30,119.70987701416016
2015-07-01,120.01158142089844
2015-07-02,120.15760803222656
2015-07-06,120.80970764160156
2015-07-07,121.15363311767578
2015-07-08,117.70155334472656
2015-07-09,118.98635864257812
2015-07-10,120.95248413085938
2015-07-13,123.01271057128906
2015-07-14,125.86457061767578
2015-07-15,126.77947235107422
2015-07-16,128.37249755859375
2015-07-17,128.99542236328125
2015-07-20,129.1284637451172
2015-07-21,128.31410217285156
2015-07-22,127.9442367553711
2015-07-23,127.7496109008789
2015-07-24,122.50332641601562
2015-07-27,121.20555877685548
2015-07-28,124.20989227294922
2015-07-29,122.45465850830078
2015-07-30,122.89913177490234
2015-07-31,124.10932159423828
2015-08-03,123.97954559326172
2015-08-04,124.5246124267578
2015-08-05,125.46873474121094
2015-08-06,120.0700225830078
2015-08-07,119.61251068115234
2015-08-10,120.5047378540039
2015-08-11,119.1258773803711
2015-08-12,120.095947265625
2015-08-13,118.87279510498048
2015-08-14,118.11682891845705
2015-08-17,120.56961822509766
2015-08-18,119.48600769042967
2015-08-19,118.6392059326172
2015-08-20,113.82123565673828
2015-08-21,110.25882720947266
2015-08-24,105.40515899658205
2015-08-25,105.52843475341795
2015-08-26,110.87850952148438
2015-08-27,113.85041809082033
2015-08-28,114.61935424804688
2015-08-31,110.95637512207033
2015-09-01,108.14994049072266
2015-09-02,112.33201599121094
2015-09-03,109.8662338256836
2015-09-04,109.369873046875
2015-09-08,114.12946319580078
2015-09-09,111.67986297607422
2015-09-10,113.78880310058594
2015-09-11,115.09305572509766
2015-09-14,114.65828704833984
2015-09-15,115.97550964355467
2015-09-16,115.22281646728516
2015-09-17,117.61072540283205
2015-09-18,115.74842071533205
2015-09-21,110.4632339477539
2015-09-22,108.81829071044922
2015-09-23,107.9812469482422
2015-09-24,105.83992767333984
2015-09-25,100.65591430664062
2015-09-28,94.28707122802734
2015-09-29,93.92044830322266
2015-09-30,98.41400909423828
2015-10-01,98.94285583496094
2015-10-02,102.37223052978516
2015-10-05,101.61628723144533
2015-10-06,97.9532699584961
2015-10-07,99.86104583740234
2015-10-08,99.66960906982422
2015-10-09,100.0751495361328
2015-10-12,100.10436248779295
2015-10-13,96.9312973022461
2015-10-14,97.8462142944336
2015-10-15,102.1224136352539
2015-10-16,101.97965240478516
2015-10-19,102.50527954101562
2015-10-20,99.26729583740234
2015-10-21,98.7806396484375
2015-10-22,99.31597137451172
2015-10-23,102.61555480957033
2015-10-26,102.99517822265624
2015-10-27,106.30449676513672
2015-10-28,107.64772033691406
2015-10-29,106.5965347290039
2015-10-30,105.593994140625
2015-11-02,109.68199920654295
2015-11-03,110.0129165649414
2015-11-04,109.54249572753906
2015-11-05,107.43684387207033
2015-11-06,107.14482879638672
2015-11-09,107.25513458251952
2015-11-10,107.702880859375
2015-11-11,106.0449676513672
2015-11-12,103.85820770263672
2015-11-13,105.00350189208984
2015-11-16,105.40907287597656
2015-11-17,106.78791809082033
2015-11-18,109.90261840820312
2015-11-19,108.17655181884766
2015-11-20,108.19927978515624
2015-11-23,108.9876480102539
2015-11-24,108.77678680419922
2015-11-25,109.93831634521484
2015-11-27,110.63907623291016
2015-11-30,108.48477935791016
2015-12-01,109.06554412841795
2015-12-02,108.34528350830078
2015-12-03,104.46167755126952
2015-12-04,107.62501525878906
2015-12-07,105.21114349365234
2015-12-08,107.25839233398438
2015-12-09,105.5096435546875
2015-12-10,106.8755340576172
2015-12-11,103.7868194580078
2015-12-14,104.09503936767578
2015-12-15,107.06373596191406
2015-12-16,109.46788787841795
2015-12-17,107.7547607421875
2015-12-18,107.55036926269533
2015-12-21,107.7580337524414
2015-12-22,107.92999267578124
2015-12-23,109.88964080810548
2015-12-24,110.25371551513672
2015-12-28,109.4198226928711
2015-12-29,111.33097076416016
2015-12-30,110.60089874267578
2015-12-31,109.77996826171876
2016-01-04,106.0614776611328
2016-01-05,106.09068298339844
2016-01-06,104.19574737548828
2016-01-07,99.8672332763672
2016-01-08,98.056640625
2016-01-11,94.64640808105467
2016-01-12,96.10980224609376
2016-01-13,90.89871215820312
2016-01-14,94.5652847290039
2016-01-15,92.20958709716795
2016-01-19,90.15240478515624
2016-01-20,92.63465118408205
2016-01-21,90.44768524169922
2016-01-22,93.4555892944336
2016-01-25,91.89160919189452
2016-01-26,91.5281982421875
2016-01-27,88.71173095703125
2016-01-28,85.48970794677734
2016-01-29,86.65133666992188
2016-02-01,87.13153076171875
2016-02-02,84.69148254394531
2016-02-03,85.66168212890625
2016-02-04,85.88555908203125
2016-02-05,83.14373016357422
2016-02-08,80.50896453857422
2016-02-09,80.599853515625
2016-02-10,81.0962905883789
2016-02-11,79.18511199951172
2016-02-12,81.50513458251953
2016-02-16,83.94841766357422
2016-02-17,86.4144515991211
2016-02-18,84.1755599975586
2016-02-19,84.95753479003906
2016-02-22,85.53838348388672
2016-02-23,83.5266342163086
2016-02-24,83.96793365478516
2016-02-25,84.14312744140625
2016-02-26,84.84721374511719
2016-02-29,82.44612121582031
2016-03-01,86.07373809814453
2016-03-02,86.9985122680664
2016-03-03,85.73954010009766
2016-03-04,85.37934875488281
2016-03-07,87.53063201904297
2016-03-08,84.40593719482422
2016-03-09,83.4324951171875
2016-03-10,82.76734161376953
2016-03-11,84.99324035644531
2016-03-14,84.83100891113281
2016-03-15,81.59598541259766
2016-03-16,81.18389892578125
2016-03-17,80.1748046875
2016-03-18,81.55378723144531
2016-03-21,83.224853515625
2016-03-22,85.36962890625
2016-03-23,82.54928588867188
2016-03-24,82.94536590576172
2016-03-28,81.84149169921875
2016-03-29,83.312255859375
2016-03-30,82.77003479003906
2016-03-31,84.6758041381836
2016-04-01,87.11079406738281
2016-04-04,87.87052154541016
2016-04-05,87.54261779785156
2016-04-06,92.78919982910156
2016-04-07,91.13341522216795
2016-04-08,90.0457763671875
2016-04-11,88.53607940673828
2016-04-12,89.57827758789062
2016-04-13,91.29249572753906
2016-04-14,91.43209075927734
2016-04-15,91.10417938232422
2016-04-18,92.51972198486328
2016-04-19,90.75354766845705
2016-04-20,90.72109985351562
2016-04-21,93.35736846923828
2016-04-22,93.61387634277344
2016-04-25,92.83790588378906
2016-04-26,91.36067199707033
2016-04-27,90.0912628173828
2016-04-28,89.3704833984375
2016-04-29,86.99392700195312
2016-05-02,87.9646987915039
2016-05-03,86.27967071533203
2016-05-04,83.77325439453125
2016-05-05,84.14988708496094
2016-05-06,82.88043212890625
2016-05-09,85.02970886230469
2016-05-10,85.72775268554688
2016-05-11,83.14665985107422
2016-05-12,81.7279052734375
2016-05-13,82.432373046875
2016-05-16,84.95503234863281
2016-05-17,84.14337158203125
2016-05-18,85.31216430664062
2016-05-19,84.05570983886719
2016-05-20,85.76993560791016
2016-05-23,86.37059020996094
2016-05-24,88.3218002319336
2016-05-25,89.29253387451172
2016-05-26,88.85747528076172
2016-05-27,89.66917419433594
2016-05-31,90.83147430419922
2016-06-01,91.28922271728516
2016-06-02,92.9450454711914
2016-06-03,91.48079681396484
2016-06-06,92.87683868408205
2016-06-07,90.50353240966795
2016-06-08,90.42888641357422
2016-06-09,88.82177734375
2016-06-10,86.88032531738281
2016-06-13,85.85110473632812
2016-06-14,85.22123718261719
2016-06-15,85.22123718261719
2016-06-16,85.06217956542969
2016-06-17,83.23432159423828
2016-06-20,83.99079132080078
2016-06-21,82.7731704711914
2016-06-22,83.34820556640625
2016-06-23,85.1479721069336
2016-06-24,80.90520477294922
2016-06-27,78.45243835449219
2016-06-28,81.43147277832031
2016-06-29,83.18252563476562
2016-06-30,83.60160064697266
2016-07-01,85.3591537475586
2016-07-05,84.5924301147461
2016-07-06,86.49290466308594
2016-07-07,87.01271057128906
2016-07-08,88.08151245117188
2016-07-11,87.89635467529297
2016-07-12,88.54606628417969
2016-07-13,86.99970245361328
2016-07-14,87.2173843383789
2016-07-15,88.53632354736328
2016-07-18,88.84821319580078
2016-07-19,87.71116638183594
2016-07-20,89.83903503417969
2016-07-21,91.04435729980467
2016-07-22,91.2554702758789
2016-07-25,91.69730377197266
2016-07-26,91.0540771484375
2016-07-27,93.24691009521484
2016-07-28,93.45809936523438
2016-07-29,94.02984619140624
2016-08-01,95.53399658203124
2016-08-02,95.73542785644533
2016-08-03,96.78473663330078
2016-08-04,96.20972442626952
2016-08-05,96.58006286621094
2016-08-08,95.56975555419922
2016-08-09,95.69319152832033
2016-08-10,93.8251724243164
2016-08-11,94.83226776123048
2016-08-12,95.03044891357422
2016-08-15,95.90435028076172
2016-08-16,94.56586456298828
2016-08-17,94.50418090820312
2016-08-18,94.75104522705078
2016-08-19,94.31249237060548
2016-08-22,96.1642608642578
2016-08-23,96.21946716308594
2016-08-24,92.9870147705078
2016-08-25,91.89547729492188
2016-08-26,92.63291931152344
2016-08-29,92.22037506103516
2016-08-30,92.03194427490234
2016-08-31,91.2522430419922
2016-09-01,91.43090057373048
2016-09-02,91.16127014160156
2016-09-06,92.29183959960938
2016-09-07,92.94480895996094
2016-09-08,93.57179260253906
2016-09-09,90.51802825927734
2016-09-12,93.27291107177734
2016-09-13,91.81427764892578
2016-09-14,92.88959503173828
2016-09-15,94.26050567626952
2016-09-16,94.74134826660156
2016-09-19,94.70558166503906
2016-09-20,96.06353759765624
2016-09-21,96.65804290771484
2016-09-22,97.48644256591795
2016-09-23,96.86923217773438
2016-09-26,95.71106719970705
2016-09-27,96.66969299316406
2016-09-28,95.88978576660156
2016-09-29,92.89688873291016
2016-09-30,94.0634765625
2016-10-03,94.2389907836914
2016-10-04,93.67355346679688
2016-10-05,94.4989242553711
2016-10-06,92.34119415283205
2016-10-07,92.32169342041016
2016-10-10,93.6117935180664
2016-10-11,90.01447296142578
2016-10-12,87.78197479248047
2016-10-13,88.10044860839844
2016-10-14,86.46588897705078
2016-10-17,86.34888458251953
2016-10-18,87.55448913574219
2016-10-19,86.92082214355469
2016-10-20,87.7527084350586
2016-10-21,87.01506042480469
2016-10-24,86.57311248779297
2016-10-25,86.17343139648438
2016-10-26,86.21566772460938
2016-10-27,86.26762390136719
2016-10-28,84.64933013916016
2016-10-31,83.41122436523438
2016-11-01,84.19438934326172
2016-11-02,82.6475830078125
2016-11-03,80.22337341308594
2016-11-04,81.79293060302734
2016-11-07,84.87031555175781
2016-11-08,85.01654815673828
2016-11-09,92.61090087890624
2016-11-10,94.16748809814452
2016-11-11,93.58904266357422
2016-11-14,95.2431182861328
2016-11-15,94.67117309570312
2016-11-16,93.1048583984375
2016-11-17,93.75799560546876
2016-11-18,92.52316284179688
2016-11-21,93.16984558105467
2016-11-22,91.43128967285156
2016-11-23,92.20471954345705
2016-11-25,92.43868255615234
2016-11-28,90.98606872558594
2016-11-29,91.09009552001952
2016-11-30,89.06233215332031
2016-12-01,87.57402801513672
2016-12-02,87.88920593261719
2016-12-05,88.36690521240234
2016-12-06,89.1500473022461
2016-12-07,86.53086853027344
2016-12-08,87.2588119506836
2016-12-09,87.63250732421875
2016-12-12,86.93708038330078
2016-12-13,87.43102264404297
2016-12-14,87.55126190185547
2016-12-15,88.3701400756836
2016-12-16,88.52613067626953
2016-12-19,87.34652709960938
2016-12-20,88.0386734008789
2016-12-21,87.04107666015625
2016-12-22,86.69712829589844
2016-12-23,88.52405548095703
2016-12-27,88.17945098876953
2016-12-28,87.145751953125
2016-12-29,86.8304214477539
2016-12-30,86.2680435180664
2017-01-03,87.847900390625
2017-01-04,90.12017059326172
2017-01-05,90.40299224853516
2017-01-06,91.1051025390625
2017-01-09,92.41193389892578
2017-01-10,93.1335906982422
2017-01-11,90.35096740722656
2017-01-12,90.67279052734376
2017-01-13,91.02389526367188
2017-01-17,89.23921203613281
2017-01-18,89.98362731933594
2017-01-19,89.2262191772461
2017-01-20,88.88164520263672
2017-01-23,88.04615783691406
2017-01-24,87.77314758300781
2017-01-25,88.64108276367188
2017-01-26,88.32251739501953
2017-01-27,89.09619903564453
2017-01-30,87.89665985107422
2017-01-31,90.39323425292967
2017-02-01,91.15715026855467
2017-02-02,90.98160552978516
2017-02-03,92.0120849609375
2017-02-06,92.17137145996094
2017-02-07,91.80404663085938
2017-02-08,91.57975769042967
2017-02-09,92.50296020507812
2017-02-10,92.44119262695312
2017-02-13,93.0685806274414
2017-02-14,94.2063217163086
2017-02-15,95.88044738769533
2017-02-16,95.24007415771484
2017-02-17,95.68541717529295
2017-02-21,95.18154907226562
2017-02-22,94.3721160888672
2017-02-23,94.05030822753906
2017-02-24,94.23886108398438
2017-02-27,96.95970153808594
2017-02-28,96.62163543701172
2017-03-01,97.8276596069336
2017-03-02,97.4538116455078
2017-03-03,98.33151245117188
2017-03-06,97.46685028076172
2017-03-07,95.90648651123048
2017-03-08,96.75817108154295
2017-03-09,97.10922241210938
2017-03-10,97.71712493896484
2017-03-13,97.72038269042967
2017-03-14,96.87196350097656
2017-03-15,98.31526184082033
2017-03-16,97.06373596191406
2017-03-17,95.98773193359376
2017-03-20,96.41034698486328
2017-03-21,93.7414779663086
2017-03-22,94.24533081054688
2017-03-23,93.9430160522461
2017-03-24,94.3885269165039
2017-03-27,95.3907699584961
2017-03-28,95.02305603027344
2017-03-29,95.80730438232422
2017-03-30,95.47212982177734
2017-03-31,95.43310546875
2017-04-03,94.68788146972656
2017-04-04,94.82454681396484
2017-04-05,93.52942657470705
2017-04-06,93.78973388671876
2017-04-07,94.5382080078125
2017-04-10,94.17050170898438
2017-04-11,93.83856964111328
2017-04-12,93.9296875
2017-04-13,94.56095886230467
2017-04-17,94.55772399902344
2017-04-18,93.61077880859376
2017-04-19,93.99478912353516
2017-04-20,94.47962951660156
2017-04-21,93.5522003173828
2017-04-24,94.93518829345705
2017-04-25,96.17504119873048
2017-04-26,96.45162200927734
2017-04-27,96.49066162109376
2017-04-28,96.8551025390625
2017-05-01,97.42134857177734
2017-05-02,97.06014251708984
2017-05-03,96.43209838867188
2017-05-04,97.11871337890624
2017-05-05,96.27914428710938
2017-05-08,94.19001007080078
2017-05-09,95.32893371582033
2017-05-10,94.9840316772461
2017-05-11,94.87989044189452
2017-05-12,95.30289459228516
2017-05-15,95.70968627929688
2017-05-16,96.0936508178711
2017-05-17,93.91016387939452
2017-05-18,95.10767364501952
2017-05-19,94.51541137695312
2017-05-22,94.79853057861328
2017-05-23,94.68135833740234
2017-05-24,94.74644470214844
2017-05-25,94.5382080078125
2017-05-26,93.78973388671876
2017-05-30,92.51415252685548
2017-05-31,92.98597717285156
2017-06-01,94.65859985351562
2017-06-02,96.25311279296876
2017-06-05,95.71941375732422
2017-06-06,95.2801284790039
2017-06-07,95.33871459960938
2017-06-08,95.91468048095705
2017-06-09,95.70643615722656
2017-06-12,95.42005157470705
2017-06-13,95.81056213378906
2017-06-14,96.35072326660156
2017-06-15,95.60554504394533
2017-06-16,95.25737762451172
2017-06-19,97.55475616455078
2017-06-20,98.7913055419922
2017-06-21,102.8622055053711
2017-06-22,104.16707611083984
2017-06-23,104.37207794189452
2017-06-26,104.0401611328125
2017-06-27,101.22283172607422
2017-06-28,103.1731185913086
2017-06-29,101.6982192993164
2017-06-30,100.95911407470705
2017-07-03,101.2423858642578
2017-07-05,102.65544128417967
2017-07-06,101.07955932617188
2017-07-07,101.7340087890625
2017-07-10,100.91352081298828
2017-07-11,101.5875015258789
2017-07-12,102.23870849609376
2017-07-13,103.02012634277344
2017-07-14,103.02012634277344
2017-07-17,102.58705139160156
2017-07-18,102.60660552978516
2017-07-19,104.06851196289062
2017-07-20,105.13970947265624
2017-07-21,105.77787017822266
2017-07-24,106.5788345336914
2017-07-25,105.42948150634766
2017-07-26,106.10995483398438
2017-07-27,104.12060546875
2017-07-28,104.7815399169922
2017-07-31,103.89266967773438
2017-08-01,102.81173706054688
2017-08-02,103.22522735595705
2017-08-03,102.4145278930664
2017-08-04,102.74986267089844
2017-08-07,103.30010223388672
2017-08-08,102.3298568725586
2017-08-09,102.0075225830078
2017-08-10,99.12604522705078
2017-08-11,99.76422119140624
2017-08-14,100.79633331298828
2017-08-15,100.70841979980467
2017-08-16,100.95911407470705
2017-08-17,99.24325561523438
2017-08-18,98.99907684326172
2017-08-21,99.20093536376952
2017-08-22,101.10238647460938
2017-08-23,100.65955352783205
2017-08-24,101.8675308227539
2017-08-25,101.27493286132812
2017-08-28,103.17637634277344
2017-08-29,103.47919464111328
2017-08-30,105.59552001953124
2017-08-31,108.5355987548828
2017-09-01,109.34632873535156
2017-09-05,108.43467712402344
2017-09-06,108.85794067382812
2017-09-07,109.14773559570312
2017-09-08,108.77980041503906
2017-09-11,108.88074493408205
2017-09-12,109.12167358398438
2017-09-13,108.75700378417967
2017-09-14,108.11557006835938
2017-09-15,108.03746032714844
2017-09-18,108.15142059326172
2017-09-19,107.43184661865234
2017-09-20,108.3402328491211
2017-09-21,107.85838317871094
2017-09-22,107.42535400390624
2017-09-25,107.90071868896484
2017-09-26,106.90047454833984
2017-09-27,107.51277160644533
2017-09-28,107.66259765625
2017-09-29,108.65277862548828
2017-10-02,110.29756927490234
2017-10-03,110.04026794433594
2017-10-04,110.89689636230467
2017-10-05,111.01741027832033
2017-10-06,110.89689636230467
2017-10-09,110.5711898803711
2017-10-10,110.60699462890624
2017-10-11,110.3790054321289
2017-10-12,109.80575561523438
2017-10-13,109.5614776611328
2017-10-16,109.7113265991211
2017-10-17,110.12821197509766
2017-10-18,109.42794036865234
2017-10-19,109.1478500366211
2017-10-20,108.06977081298828
2017-10-23,106.74738311767578
2017-10-24,105.91031646728516
2017-10-25,104.69869995117188
2017-10-26,102.26566314697266
2017-10-27,102.962646484375
2017-10-30,103.13854217529295
2017-10-31,102.3307876586914
2017-11-01,101.68263244628906
2017-11-02,101.64028930664062
2017-11-03,103.20696258544922
2017-11-06,102.7900390625
2017-11-07,102.27865600585938
2017-11-08,101.88128662109376
2017-11-09,101.30804443359376
2017-11-10,101.67936706542967
2017-11-13,100.99539184570312
2017-11-14,99.35706329345705
2017-11-15,99.74793243408205
2017-11-16,101.23314666748048
2017-11-17,101.3634262084961
2017-11-20,100.42539978027344
2017-11-21,101.20057678222656
2017-11-22,101.79007720947266
2017-11-24,101.82594299316406
2017-11-27,101.1158676147461
2017-11-28,101.39598083496094
2017-11-29,101.38298034667967
2017-11-30,102.84538269042967
2017-12-01,103.28182983398438
2017-12-04,101.65007781982422
2017-12-05,100.96605682373048
2017-12-06,100.23322296142578
2017-12-07,101.66959381103516
2017-12-08,103.64338684082033
2017-12-11,103.79972076416016
2017-12-12,103.34046173095705
2017-12-13,104.27853393554688
2017-12-14,102.76396942138672
2017-12-15,104.16127014160156
2017-12-18,103.92675018310548
2017-12-19,103.68247985839844
2017-12-20,104.21988677978516
2017-12-21,104.47913360595705
2017-12-22,104.61608123779295
2017-12-26,105.10523223876952
2017-12-27,105.251953125
2017-12-28,105.44760131835938
2017-12-29,104.44976806640624
2018-01-02,106.9639129638672
2018-01-03,108.4704818725586
2018-01-04,107.5802230834961
2018-01-05,107.44328308105467
2018-01-08,106.0150146484375
2018-01-09,108.01068878173828
2018-01-10,108.49980926513672
2018-01-11,108.81285858154295
2018-01-12,109.54656982421876
2018-01-16,108.19657135009766
2018-01-17,108.98895263671876
2018-01-18,108.85197448730467
2018-01-19,109.56613159179688
2018-01-22,113.00962829589844
2018-01-23,114.27159881591795
2018-01-24,113.3813934326172
2018-01-25,114.09551239013672
2018-01-26,115.47486114501952
2018-01-29,115.92488098144533
2018-01-30,113.74335479736328
2018-01-31,111.60092163085938
2018-02-01,111.50308227539062
2018-02-02,109.70307159423828
2018-02-05,104.8508758544922
2018-02-06,106.98351287841795
2018-02-07,107.03240966796876
2018-02-08,102.58128356933594
2018-02-09,103.3736801147461
2018-02-12,105.01717376708984
2018-02-13,105.20304107666016
2018-02-14,107.3454360961914
2018-02-15,108.3530731201172
2018-02-16,107.96174621582033
2018-02-20,106.8758773803711
2018-02-21,106.7095947265625
2018-02-22,106.0639190673828
2018-02-23,108.27481842041016
2018-02-26,109.06719207763672
2018-02-27,107.70740509033205
2018-02-28,105.7313232421875
2018-03-01,104.71390533447266
2018-03-02,107.2671890258789
2018-03-05,108.45088958740234
2018-03-06,108.70524597167967
2018-03-07,109.37047576904295
2018-03-08,110.1726531982422
2018-03-09,111.87482452392578
2018-03-12,112.2367935180664
2018-03-13,111.44441223144533
2018-03-14,111.30746459960938
2018-03-15,110.22156524658205
2018-03-16,110.2900390625
2018-03-19,108.07917022705078
2018-03-20,108.13787841796876
2018-03-21,108.26502990722656
2018-03-22,105.78021240234376
2018-03-23,103.0019302368164
2018-03-26,105.76065063476562
2018-03-27,102.83562469482422
2018-03-28,103.67696380615234
2018-03-29,104.42044067382812
2018-04-02,100.29212951660156
2018-04-03,100.66387939453124
2018-04-04,103.58889770507812
2018-04-05,101.90628051757812
2018-04-06,98.8345184326172
2018-04-09,100.63455200195312
2018-04-10,103.40301513671876
2018-04-11,103.04106903076172
2018-04-12,104.40087890625
2018-04-13,103.6573715209961
2018-04-16,102.95303344726562
2018-04-17,104.94869995117188
2018-04-18,105.01717376708984
2018-04-19,103.58889770507812
2018-04-20,102.67910766601562
2018-04-23,102.51283264160156
2018-04-24,101.02584838867188
2018-04-25,101.01603698730467
2018-04-26,103.01175689697266
2018-04-27,103.31497955322266
2018-04-30,101.39759826660156
2018-05-01,101.78887939453124
2018-05-02,100.44866180419922
2018-05-03,99.0790557861328
2018-05-04,100.12581634521484
2018-05-07,100.76173400878906
2018-05-08,100.1845474243164
2018-05-09,101.53455352783205
2018-05-10,101.47584533691406
2018-05-11,104.26390838623048
2018-05-14,105.33999633789062
2018-05-15,104.26390838623048
2018-05-16,105.19326782226562
2018-05-17,105.251953125
2018-05-18,105.4573745727539
2018-05-21,104.06825256347656
2018-05-22,104.40087890625
2018-05-23,104.91934204101562
2018-05-24,105.00740051269533
2018-05-25,105.22260284423828
2018-05-29,104.75305938720705
2018-05-30,106.1520004272461
2018-05-31,106.09326171875
2018-06-01,107.45306396484376
2018-06-04,106.7584991455078
2018-06-05,106.78785705566406
2018-06-06,108.11827087402344
2018-06-07,107.37479400634766
2018-06-08,107.71717834472656
2018-06-11,107.59003448486328
2018-06-12,108.49980926513672
2018-06-13,108.08893585205078
2018-06-14,108.95957946777344
2018-06-15,108.84220123291016
2018-06-18,108.03023529052734
2018-06-19,109.60526275634766
2018-06-20,111.4248504638672
2018-06-21,110.1628646850586
2018-06-22,109.7911376953125
2018-06-25,107.80522918701172
2018-06-26,107.34088897705078
2018-06-27,105.1562728881836
2018-06-28,105.75382995605467
2018-06-29,107.58576965332033
2018-07-02,108.43809509277344
2018-07-03,108.34012603759766
2018-07-05,109.70185089111328
2018-07-06,113.84578704833984
2018-07-09,114.43360900878906
2018-07-10,114.23768615722656
2018-07-11,113.9045867919922
2018-07-12,115.746337890625
2018-07-13,115.94226837158205
2018-07-16,115.09976196289062
2018-07-17,115.9618682861328
2018-07-18,115.82470703125
2018-07-19,115.94226837158205
2018-07-20,115.8541030883789
2018-07-23,115.78553009033205
2018-07-24,115.61896514892578
2018-07-25,116.9023208618164
2018-07-26,115.4524383544922
2018-07-27,113.06207275390624
2018-07-30,111.80811309814452
2018-07-31,114.12010192871094
2018-08-01,114.7862777709961
2018-08-02,115.64838409423828
2018-08-03,114.7862777709961
2018-08-06,114.56095886230467
2018-08-07,115.9716567993164
2018-08-08,115.15853881835938
2018-08-09,114.9822006225586
2018-08-10,114.35520935058594
2018-08-13,114.18868255615234
2018-08-14,114.825439453125
2018-08-15,113.03267669677734
2018-08-16,113.9045867919922
2018-08-17,113.92417907714844
2018-08-20,113.72824096679688
2018-08-21,114.7862777709961
2018-08-22,115.599365234375
2018-08-23,114.93318939208984
2018-08-24,115.01160430908205
2018-08-27,117.02967834472656
2018-08-28,117.60767364501952
2018-08-29,119.08695220947266
2018-08-30,119.5473861694336
2018-08-31,119.7041244506836
2018-09-04,118.53831481933594
2018-09-05,118.1073226928711
2018-09-06,116.0108413696289
2018-09-07,115.34467315673828
2018-09-10,115.5406265258789
2018-09-11,115.05078125
2018-09-12,115.10954284667967
2018-09-13,115.9618682861328
2018-09-14,115.37406158447266
2018-09-17,113.84578704833984
2018-09-18,115.11936950683594
2018-09-19,115.26628112792967
2018-09-20,116.86315155029295
2018-09-21,116.13819885253906
2018-09-24,117.51952362060548
2018-09-25,117.78401184082033
2018-09-26,118.1877212524414
2018-09-27,119.42243957519533
2018-09-28,119.49102020263672
2018-10-01,118.73651123046876
2018-10-02,117.95256042480467
2018-10-03,118.82467651367188
2018-10-04,115.51256561279295
2018-10-05,114.18968963623048
2018-10-08,113.32736206054688
2018-10-09,112.81781005859376
2018-10-10,109.0745086669922
2018-10-11,106.88931274414062
2018-10-12,109.01569366455078
2018-10-15,107.8790054321289
2018-10-16,112.4454345703125
2018-10-17,112.38664245605467
2018-10-18,110.7305679321289
2018-10-19,108.98628997802734
2018-10-22,107.41844177246094
2018-10-23,106.89910125732422
2018-10-24,100.74523162841795
2018-10-25,101.90152740478516
2018-10-26,101.52914428710938
2018-10-29,100.54924011230467
2018-10-30,101.54874420166016
2018-10-31,101.97991943359376
2018-11-01,105.89959716796876
2018-11-02,105.92899322509766
2018-11-05,105.86038970947266
2018-11-06,106.32095336914062
2018-11-07,108.80010223388672
2018-11-08,107.95742797851562
2018-11-09,105.56642150878906
2018-11-12,102.3522720336914
2018-11-13,101.9406967163086
2018-11-14,99.87311553955078
2018-11-15,102.05831146240234
2018-11-16,102.9402313232422
2018-11-19,100.73542022705078
2018-11-20,100.12786102294922
2018-11-21,100.73542022705078
2018-11-23,101.13717651367188
2018-11-26,102.86183166503906
2018-11-27,102.59725952148438
2018-11-28,105.38024139404295
2018-11-29,105.33124542236328
2018-11-30,106.9088897705078
2018-12-03,108.13378143310548
2018-12-04,104.56688690185548
2018-12-06,104.73348236083984
2018-12-07,101.55855560302734
2018-12-10,101.73491668701172
2018-12-11,102.07789611816406
2018-12-12,103.3616180419922
2018-12-13,101.80352783203124
2018-12-14,99.88289642333984
2018-12-17,98.23663330078124
2018-12-18,96.33560943603516
2018-12-19,94.27777099609376
2018-12-20,92.6609115600586
2018-12-21,89.03524017333984
2018-12-24,87.81033325195312
2018-12-26,92.90589141845705
2018-12-27,93.24886322021484
2018-12-28,92.9352798461914
2018-12-31,94.49335479736328
2019-01-02,95.5418472290039
2019-01-03,95.67906188964844
2019-01-04,100.49044036865234
2019-01-07,103.86135864257812
2019-01-08,104.60609436035156
2019-01-09,105.34104919433594
2019-01-10,106.71292114257812
2019-01-11,106.82071685791016
2019-01-14,105.01766204833984
2019-01-15,107.04608154296876
2019-01-16,106.46792602539062
2019-01-17,107.58502197265624
2019-01-18,108.25138854980467
2019-01-22,106.53653717041016
2019-01-23,105.6447982788086
2019-01-24,105.62521362304688
2019-01-25,107.24207305908205
2019-01-28,105.1058578491211
2019-01-29,105.31160736083984
2019-01-30,106.02696990966795
2019-01-31,107.4870376586914
2019-02-01,108.05540466308594
2019-02-04,108.0260009765625
2019-02-05,107.8496322631836
2019-02-06,107.67321014404295
2019-02-07,104.9784698486328
2019-02-08,105.63500213623048
2019-02-11,106.1641616821289
2019-02-12,107.22250366210938
2019-02-13,107.54583740234376
2019-02-14,108.00641632080078
2019-02-15,109.78985595703124
2019-02-19,109.1626968383789
2019-02-20,108.86872100830078
2019-02-21,106.9578857421875
2019-02-22,108.48655700683594
2019-02-25,110.69135284423828
2019-02-26,110.24060821533205
2019-02-27,111.84766387939452
2019-02-28,110.4757843017578
2019-03-01,112.7981948852539
2019-03-04,111.72029876708984
2019-03-05,111.1421356201172
2019-03-06,107.66342163085938
2019-03-07,106.94810485839844
2019-03-08,106.42874145507812
2019-03-11,108.70213317871094
2019-03-12,109.59386444091795
2019-03-13,111.02454376220705
2019-03-14,110.7207489013672
2019-03-15,111.90647888183594
2019-03-18,111.63209533691406
2019-03-19,111.5634994506836
2019-03-20,111.0308074951172
2019-03-21,109.84380340576172
2019-03-22,106.11595153808594
2019-03-25,106.26311492919922
2019-03-26,108.23493194580078
2019-03-27,106.73397827148438
2019-03-28,107.38147735595705
2019-03-29,109.67701721191406
2019-04-01,109.78494262695312
2019-04-02,110.67765045166016
2019-04-03,111.3349151611328
2019-04-04,110.88365936279295
2019-04-05,112.74755859375
2019-04-08,112.26688385009766
2019-04-09,110.46185302734376
2019-04-10,111.67827606201172
2019-04-11,109.77511596679688
2019-04-12,108.94126892089844
2019-04-15,108.3918685913086
2019-04-16,107.3127670288086
2019-04-17,103.14347839355467
2019-04-18,102.55487823486328
2019-04-22,102.60391998291016
2019-04-23,104.77195739746094
2019-04-24,103.6340103149414
2019-04-25,104.68367767333984
2019-04-26,105.36058044433594
2019-04-29,105.27227783203124
2019-04-30,104.3991928100586
2019-05-01,103.55550384521484
2019-05-02,103.96753692626952
2019-05-03,105.86089324951172
2019-05-06,106.76343536376952
2019-05-07,103.6241683959961
2019-05-08,103.5849380493164
2019-05-09,103.33968353271484
2019-05-10,103.0061492919922
2019-05-13,99.39603424072266
2019-05-14,100.49475860595705
2019-05-15,101.40708923339844
2019-05-16,102.45677947998048
2019-05-17,101.79950714111328
2019-05-20,100.37702941894533
2019-05-21,102.36848449707033
2019-05-22,102.69222259521484
2019-05-23,101.79950714111328
2019-05-24,102.2213363647461
2019-05-28,100.9460220336914
2019-05-29,99.81787109375
2019-05-30,99.85710906982422
2019-05-31,98.08146667480467
2019-06-03,99.1409683227539
2019-06-04,101.05392456054688
2019-06-05,101.220703125
2019-06-06,100.22986602783205
2019-06-07,101.85836791992188
2019-06-10,101.25012969970705
2019-06-11,100.74980926513672
2019-06-12,101.36785125732422
2019-06-13,102.12325286865234
2019-06-14,101.1716537475586
2019-06-17,104.16605377197266
2019-06-18,105.59944152832033
2019-06-19,106.19832611083984
2019-06-20,106.64012908935548
2019-06-21,107.45500183105467
2019-06-24,105.16747283935548
2019-06-25,104.9416732788086
2019-06-26,103.89118194580078
2019-06-27,105.32455444335938
2019-06-28,107.11138153076172
2019-07-01,107.72987365722656
2019-07-02,107.65137481689452
2019-07-03,108.90803527832033
2019-07-05,107.22918701171876
2019-07-08,105.77615356445312
2019-07-09,106.8561019897461
2019-07-10,106.5517578125
2019-07-11,105.030029296875
2019-07-12,103.59661865234376
2019-07-15,104.14642333984376
2019-07-16,103.54753875732422
2019-07-17,103.65553283691406
2019-07-18,104.50967407226562
2019-07-19,102.9682846069336
2019-07-22,103.20391082763672
2019-07-23,103.46900939941406
2019-07-24,103.7537078857422
2019-07-25,102.30068969726562
2019-07-26,103.4002685546875
2019-07-29,103.48863220214844
2019-07-30,104.42133331298828
2019-07-31,103.73407745361328
2019-08-01,104.44093322753906
2019-08-02,103.15483856201172
2019-08-05,100.4255142211914
2019-08-06,101.84908294677734
2019-08-07,102.12395477294922
2019-08-08,103.95008850097656
2019-08-09,103.55736541748048
2019-08-12,102.26142120361328
2019-08-13,103.4591827392578
2019-08-14,101.15201568603516
2019-08-15,100.8083953857422
2019-08-16,103.05665588378906
2019-08-19,104.22496795654295
2019-08-20,103.1646499633789
2019-08-21,104.1071548461914
2019-08-22,103.17445373535156
2019-08-23,100.54330444335938
2019-08-26,101.27964782714844
2019-08-27,100.35676574707033
2019-08-28,101.00474548339844
2019-08-29,101.73127746582033
2019-08-30,101.05382537841795
2019-09-03,99.30630493164062
2019-09-04,99.36519622802734
2019-09-05,100.523681640625
2019-09-06,100.37642669677734
2019-09-09,99.97388458251952
2019-09-10,101.10292053222656
2019-09-11,102.85047149658205
2019-09-12,102.25160217285156
2019-09-13,102.30068969726562
2019-09-16,103.22356414794922
2019-09-17,103.27264404296876
2019-09-18,102.53630828857422
2019-09-19,102.72286224365234
2019-09-20,103.6260986328125
2019-09-23,102.72286224365234
2019-09-24,100.62142944335938
2019-09-25,100.3365249633789
2019-09-26,98.32250213623048
2019-09-27,97.55623626708984
2019-09-30,97.75267791748048
2019-10-01,96.27903747558594
2019-10-02,95.53235626220705
2019-10-03,97.05516052246094
2019-10-04,97.78213500976562
2019-10-07,97.6642837524414
2019-10-08,95.89588928222656
2019-10-09,96.03343963623048
2019-10-10,97.261474609375
2019-10-11,98.47969818115234
2019-10-14,98.8530044555664
2019-10-15,100.66071319580078
2019-10-16,100.55265808105467
2019-10-17,101.22071075439452
2019-10-18,100.47404479980467
2019-10-21,101.76104736328124
2019-10-22,103.45083618164062
2019-10-23,103.78487396240234
2019-10-24,103.88312530517578
2019-10-25,103.73574829101562
2019-10-28,105.12097930908205
2019-10-29,105.57290649414062
2019-10-30,105.70063018798828
2019-10-31,105.45502471923828
2019-11-01,107.92092895507812
2019-11-04,107.57707977294922
2019-11-05,107.59674072265624
2019-11-06,106.40798950195312
2019-11-07,106.4472885131836
2019-11-08,108.42198944091795
2019-11-11,108.10759735107422
2019-11-12,108.4416275024414
2019-11-13,108.63812255859376
2019-11-14,107.92092895507812
2019-11-15,109.54196166992188
2019-11-18,109.28653717041016
2019-11-19,111.45771026611328
2019-11-20,111.9587631225586
2019-11-21,112.2927703857422
2019-11-22,113.38330841064452
2019-11-25,116.17341613769533
2019-11-26,116.39939880371094
2019-11-27,117.29341888427734
2019-11-29,117.54883575439452
2019-12-02,116.36991119384766
2019-12-03,117.05762481689452
2019-12-04,118.28567504882812
2019-12-05,116.7727279663086
2019-12-06,117.92218017578124
2019-12-09,117.31306457519533
2019-12-10,117.99095153808594
2019-12-11,117.38182067871094
2019-12-12,118.17759704589844
2019-12-13,118.5116195678711
2019-12-16,119.53189086914062
2019-12-17,118.92247009277344
2019-12-18,118.49982452392578
2019-12-19,119.07976531982422
2019-12-20,119.96439361572266
2019-12-23,120.81949615478516
2019-12-24,121.38961791992188
2019-12-26,120.4853286743164
2019-12-27,119.48274993896484
2019-12-30,118.18758392333984
2019-12-31,118.51212310791016
2020-01-02,117.90239715576172
2020-01-03,116.39776611328124
2020-01-06,117.14517211914062
2020-01-07,117.17465209960938
2020-01-08,118.22691345214844
2020-01-09,119.0333251953125
2020-01-10,118.45311737060548
2020-01-13,117.18451690673828
2020-01-14,119.10215759277344
2020-01-15,119.7118911743164
2020-01-16,120.3216323852539
2020-01-17,119.86924743652344
2020-01-21,118.71863555908205
2020-01-22,118.46292877197266
2020-01-23,117.51887512207033
2020-01-24,114.94229888916016
2020-01-27,114.1653823852539
2020-01-28,115.37501525878906
2020-01-29,115.29632568359376
2020-01-30,113.62451171875
2020-01-31,111.92318725585938
2020-02-03,113.8998565673828
2020-02-04,116.58460998535156
2020-02-05,119.54470825195312
2020-02-06,120.43961334228516
2020-02-07,119.51519012451172
2020-02-10,120.6953125
2020-02-11,120.63629913330078
2020-02-12,120.90182495117188
2020-02-13,119.92823791503906
2020-02-14,120.43961334228516
2020-02-18,120.48877716064452
2020-02-19,121.43287658691406
2020-02-20,121.26570892333984
2020-02-21,121.03951263427734
2020-02-24,117.85321807861328
2020-02-25,114.86361694335938
2020-02-26,116.39776611328124
2020-02-27,111.54946899414062
2020-02-28,111.9920425415039
2020-03-02,117.44017791748048
2020-03-03,114.30306243896484
2020-03-04,119.66272735595705
2020-03-05,117.57785034179688
2020-03-06,116.07322692871094
2020-03-09,108.17633819580078
2020-03-10,110.4480438232422
2020-03-11,105.19659423828124
2020-03-12,95.88357543945312
2020-03-13,101.9611587524414
2020-03-16,92.82514190673828
2020-03-17,99.62059020996094
2020-03-18,96.6998519897461
2020-03-19,99.3845672607422
2020-03-20,96.41463470458984
2020-03-23,95.88357543945312
2020-03-24,100.91870880126952
2020-03-25,100.3627471923828
2020-03-26,105.07589721679688
2020-03-27,103.02926635742188
2020-03-30,107.09297943115234
2020-03-31,106.01062774658205
2020-04-01,102.1240463256836
2020-04-02,105.97128295898438
2020-04-03,104.54454803466795
2020-04-06,109.91690826416016
2020-04-07,107.78173828125
2020-04-08,111.12718200683594
2020-04-09,112.1406478881836
2020-04-13,112.65230560302734
2020-04-14,116.74552154541016
2020-04-15,113.83303833007812
2020-04-16,117.16861724853516
2020-04-17,122.63937377929688
2020-04-20,124.22354125976562
2020-04-21,120.4550323486328
2020-04-22,121.59639739990234
2020-04-23,121.22249603271484
2020-04-24,124.15465545654295
2020-04-27,125.48300170898438
2020-04-28,122.806640625
2020-04-29,123.78075408935548
2020-04-30,122.00965118408205
2020-05-01,118.95941925048828
2020-05-04,122.55083465576172
2020-05-05,124.94184112548828
2020-05-06,124.96150207519533
2020-05-07,125.1287612915039
2020-05-08,126.348876953125
2020-05-11,131.7506866455078
2020-05-12,128.94650268554688
2020-05-13,127.51976776123048
2020-05-14,126.94908142089844
2020-05-15,130.127197265625
2020-05-18,131.63267517089844
2020-05-19,129.10389709472656
2020-05-20,131.7605438232422
2020-05-21,130.34368896484375
2020-05-22,131.19976806640625
2020-05-26,128.71038818359375
2020-05-27,129.8812255859375
2020-05-28,130.20594787597656
2020-05-29,132.5773162841797
2020-06-01,131.95741271972656
2020-06-02,132.27223205566406
2020-06-03,130.5207977294922
2020-06-04,129.33021545410156
2020-06-05,129.24166870117188
2020-06-08,130.96360778808594
2020-06-09,130.776611328125
2020-06-10,131.19976806640625
2020-06-11,125.36492156982422
2020-06-12,126.024169921875
2020-06-15,128.5327606201172
2020-06-16,130.33518981933594
2020-06-17,130.8177947998047
2020-06-18,131.47767639160156
2020-06-19,135.77194213867188
2020-06-22,136.0477752685547
2020-06-23,136.55990600585938
2020-06-24,134.34381103515625
2020-06-25,135.84091186523438
2020-06-26,133.12252807617188
2020-06-29,132.64974975585938
2020-06-30,134.62948608398438
2020-07-01,135.2991943359375
2020-07-02,136.45155334472656
2020-07-06,137.33802795410156
2020-07-07,137.9486541748047
2020-07-08,138.68734741210938
2020-07-09,138.45095825195312
2020-07-10,137.11148071289062
2020-07-13,135.2794952392578
2020-07-14,138.1456298828125
2020-07-15,140.47007751464844
2020-07-16,139.3177032470703
2020-07-17,141.7898406982422
2020-07-20,143.60211181640625
2020-07-21,140.31248474121094
2020-07-22,139.95790100097656
2020-07-23,137.3675537109375
2020-07-24,134.3536834716797
2020-07-27,137.93881225585938
2020-07-28,136.0773162841797
2020-07-29,134.56051635742188
2020-07-30,134.95449829101562
2020-07-31,132.3444366455078
2020-08-03,136.4811248779297
2020-08-04,135.6045379638672
2020-08-05,135.2105712890625
2020-08-06,134.69839477539062
2020-08-07,134.17636108398438
2020-08-10,132.83689880371094
2020-08-11,129.8920135498047
2020-08-12,131.79286193847656
2020-08-13,131.98001098632812
2020-08-14,131.3496551513672
2020-08-17,133.9399871826172
2020-08-18,133.1815643310547
2020-08-19,131.76333618164062
2020-08-20,131.36936950683594
2020-08-21,130.60107421875
2020-08-24,129.07449340820312
2020-08-25,131.0443115234375
2020-08-26,130.8177947998047
2020-08-27,130.67005920410156
2020-08-28,131.0443115234375
2020-08-31,133.555908203125
2020-09-01,131.01478576660156
2020-09-02,132.93540954589844
2020-09-03,127.95167541503906
2020-09-04,127.3311538696289
2020-09-08,124.9673309326172
2020-09-09,127.4099578857422
2020-09-10,125.25296020507812
2020-09-11,125.86363220214844
2020-09-14,132.67933654785156
2020-09-15,134.01881408691406
2020-09-16,134.10743713378906
2020-09-17,133.58546447753906
2020-09-18,134.26504516601562
2020-09-21,130.82763671875
2020-09-22,131.8224334716797
2020-09-23,130.15023803710938
2020-09-24,128.78053283691406
2020-09-25,131.51988220214844
2020-09-28,132.51512145996094
2020-09-29,132.6432647705078
2020-09-30,133.4315643310547
2020-10-01,134.67315673828125
2020-10-02,131.91404724121094
2020-10-05,137.5308074951172
2020-10-06,135.86546325683594
2020-10-07,138.93002319335938
2020-10-08,139.31434631347656
2020-10-09,140.44752502441406
2020-10-12,141.55116271972656
2020-10-13,142.23109436035156
2020-10-14,140.36866760253906
2020-10-15,137.176025390625
2020-10-16,137.6687774658203
2020-10-19,135.42202758789062
2020-10-20,134.53518676757812
2020-10-21,132.2293701171875
2020-10-22,134.16075134277344
2020-10-23,134.4958038330078
2020-10-26,133.1359100341797
2020-10-27,133.8848114013672
2020-10-28,130.42611694335938
2020-10-29,131.11590576171875
2020-10-30,128.7115478515625
2020-11-02,128.47508239746094
2020-11-03,130.75131225585938
2020-11-04,138.644287109375
2020-11-05,138.5753173828125
2020-11-06,135.7275390625
2020-11-09,135.6190948486328
2020-11-10,135.7275390625
2020-11-11,137.47161865234375
2020-11-12,137.4913330078125
2020-11-13,138.99900817871094
2020-11-16,139.01869201660156
2020-11-17,138.70339965820312
2020-11-18,135.9048614501953
2020-11-19,136.07235717773438
2020-11-20,136.84100341796875
2020-11-23,137.0479278564453
2020-11-24,136.23007202148438
2020-11-25,136.9198455810547
2020-11-27,141.12747192382812
2020-11-30,142.86172485351562
2020-12-01,143.19677734375
2020-12-02,142.87159729003906
2020-12-03,144.3004150390625
2020-12-04,145.64056396484375
2020-12-07,145.6503448486328
2020-12-08,148.2321014404297
2020-12-09,145.4434356689453
2020-12-10,147.63101196289062
2020-12-11,147.99560546875
2020-12-14,151.45091247558594
2020-12-15,151.7367706298828
2020-12-16,150.7312469482422
2020-12-17,152.8901824951172
2020-12-18,153.5408172607422
2020-12-21,154.08303833007812
2020-12-22,154.37876892089844
2020-12-23,155.0786895751953
2020-12-24,153.9055633544922
2020-12-28,151.49034118652344
2020-12-29,149.75527954101562
2020-12-30,150.31719970703125
2020-12-31,149.34124755859375
2021-01-04,148.35543823242188
2021-01-05,148.6610565185547
2021-01-06,150.465087890625
2021-01-07,155.03929138183594
2021-01-08,155.9856414794922
2021-01-11,155.72935485839844
2021-01-12,156.1138153076172
2021-01-13,155.78846740722656
2021-01-14,159.57398986816406
2021-01-15,159.41629028320312
2021-01-19,162.49200439453125
2021-01-20,162.6595916748047
2021-01-21,161.21044921875
2021-01-22,162.35401916503906
2021-01-25,165.3706512451172
2021-01-26,162.49200439453125
2021-01-27,157.5826873779297
2021-01-28,158.13470458984375
2021-01-29,158.36146545410156
2021-02-01,160.38241577148438
2021-02-02,162.1666717529297
2021-02-03,161.55552673339844
2021-02-04,163.7637176513672
2021-02-05,166.65219116210938
2021-02-08,170.15187072753906
2021-02-09,169.2251434326172
2021-02-10,167.84500122070312
2021-02-11,167.322509765625
2021-02-12,168.2984619140625
2021-02-16,164.64108276367188
2021-02-17,165.15371704101562
2021-02-18,162.3638458251953
2021-02-19,163.9510498046875
2021-02-22,159.84019470214844
2021-02-23,157.60240173339844
2021-02-24,159.13040161132812
2021-02-25,154.92098999023438
2021-02-26,154.70408630371094
2021-03-01,157.385498046875
2021-03-02,154.1520538330078
2021-03-03,148.63148498535156
2021-03-04,145.05296325683594
2021-03-05,148.02027893066406
2021-03-08,145.14166259765625
2021-03-09,149.41024780273438
2021-03-10,149.4595489501953
2021-03-11,153.66896057128906
2021-03-12,152.5550079345703
2021-03-15,154.83224487304688
2021-03-16,154.86184692382812
2021-03-17,155.9462127685547
2021-03-18,151.10586547851562
2021-03-19,153.67884826660156
2021-03-22,155.58148193359375
2021-03-23,149.46939086914062
2021-03-24,145.2205352783203
2021-03-25,146.70156860351562
2021-03-26,147.1554412841797
2021-03-29,145.29063415527344
2021-03-30,144.72817993164062
2021-03-31,148.5565643310547
2021-04-01,149.5037841796875
2021-04-05,150.14512634277344
2021-04-06,149.55311584472656
2021-04-07,146.86932373046875
2021-04-08,147.40211486816406
2021-04-09,146.75088500976562
2021-04-12,144.55056762695312
2021-04-13,147.22454833984375
2021-04-14,149.32618713378906
2021-04-15,151.15159606933594
2021-04-16,151.2205810546875
2021-04-19,149.56297302246094
2021-04-20,149.56297302246094
2021-04-21,152.51316833496094
2021-04-22,152.6019744873047
2021-04-23,153.24331665039062
2021-04-26,156.18370056152344
2021-04-27,155.77914428710938
2021-04-28,154.68392944335938
2021-04-29,152.84866333007812
2021-04-30,152.58226013183594
2021-05-03,152.6019744873047
2021-05-04,148.27041625976562
2021-05-05,146.94822692871094
2021-05-06,146.42529296875
2021-05-07,147.7178497314453
2021-05-10,145.0735626220703
2021-05-11,145.87274169921875
2021-05-12,144.41246032714844
2021-05-13,144.185546875
2021-05-14,147.6882781982422
2021-05-17,148.00401306152344
2021-05-18,148.5367889404297
2021-05-19,147.16531372070312
2021-05-20,150.1549835205078
2021-05-21,149.3656768798828
2021-05-24,148.45790100097656
2021-05-25,147.6981201171875
2021-05-26,148.58612060546875
2021-05-27,148.7637939453125
2021-05-28,149.9280242919922
2021-06-01,148.8920440673828
2021-06-02,149.06964111328125
2021-06-03,148.872314453125
2021-06-04,150.98385620117188
2021-06-07,156.17379760742188
2021-06-08,155.9764862060547
2021-06-09,158.3741455078125
2021-06-10,161.05140686035156
2021-06-11,159.9757843017578
2021-06-14,159.70933532714844
2021-06-15,157.34095764160156
2021-06-16,156.20606994628906
2021-06-17,156.96591186523438
2021-06-18,156.6797637939453
2021-06-21,158.09091186523438
2021-06-22,158.79159545898438
2021-06-23,158.38697814941406
2021-06-24,159.6402587890625
2021-06-25,160.9823760986328
2021-06-28,161.2191619873047
2021-06-29,161.44613647460938
2021-06-30,161.49549865722656
2021-07-01,162.93629455566406
2021-07-02,162.57118225097656
2021-07-06,160.71588134765625
2021-07-07,159.30471801757812
2021-07-08,159.62054443359375
2021-07-09,161.0021209716797
2021-07-12,160.40011596679688
2021-07-13,158.82119750976562
2021-07-14,156.7981719970703
2021-07-15,157.15345764160156
2021-07-16,158.5646209716797
2021-07-19,159.65013122558594
2021-07-20,161.9198760986328
2021-07-21,162.66986083984375
2021-07-22,163.09417724609375
2021-07-23,164.52508544921875
2021-07-26,161.4165496826172
2021-07-27,160.11395263671875
2021-07-28,164.61390686035156
2021-07-29,163.61721801757812
2021-07-30,163.5974578857422
2021-08-02,163.6665496826172
2021-08-03,167.16981506347656
2021-08-04,169.88356018066406
2021-08-05,172.54808044433594
2021-08-06,169.85398864746094
2021-08-09,173.89019775390625
2021-08-10,170.7421417236328
2021-08-11,165.6402587890625
2021-08-12,167.01190185546875
2021-08-13,167.16981506347656
2021-08-16,165.19613647460938
2021-08-17,168.31451416015625
2021-08-18,166.123779296875
2021-08-19,162.4527130126953
2021-08-20,164.9593048095703
2021-08-23,169.66648864746094
2021-08-24,169.1928253173828
2021-08-25,170.3276824951172
2021-08-26,169.15338134765625
2021-08-27,169.54806518554688
2021-08-30,169.72572326660156
2021-08-31,170.01187133789062
2021-09-01,171.76849365234375
2021-09-02,173.68292236328125
2021-09-03,173.49542236328125
2021-09-07,173.1303253173828
2021-09-08,171.47239685058594
2021-09-09,171.59083557128906
2021-09-10,170.94935607910156
2021-09-13,168.0777130126953
2021-09-14,167.6928253173828
2021-09-15,169.5382080078125
2021-09-16,170.23886108398438
2021-09-17,171.32437133789062
2021-09-20,167.67312622070312
2021-09-21,169.3013153076172
2021-09-22,169.34085083007812
2021-09-23,171.63026428222656
2021-09-24,168.3655242919922
2021-09-27,165.42263793945312
2021-09-28,160.10968017578125
2021-09-29,159.39866638183594
2021-09-30,159.66525268554688
2021-10-01,156.9495391845703
2021-10-04,153.74005126953125
2021-10-05,153.84869384765625
2021-10-06,152.00196838378906
2021-10-07,154.28318786621094
2021-10-08,153.117919921875
2021-10-11,152.5846710205078
2021-10-12,152.7623748779297
2021-10-13,153.65118408203125
2021-10-14,155.9027099609375
2021-10-15,155.10284423828125
2021-10-18,153.779541015625
2021-10-19,155.43861389160156
2021-10-20,155.73487854003906
2021-10-21,156.91990661621094
2021-10-22,156.46566772460938
2021-10-25,158.24322509765625
2021-10-26,158.04571533203125
2021-10-27,155.57687377929688
2021-10-28,158.19383239746094
2021-10-29,157.61119079589844
2021-11-01,159.61590576171875
2021-11-02,160.64292907714844
2021-11-03,162.72669982910156
2021-11-04,159.81344604492188
2021-11-05,154.98435974121094
2021-11-08,155.66574096679688
2021-11-09,153.58206176757812
2021-11-10,151.59710693359375
2021-11-11,151.50820922851562
2021-11-12,152.08096313476562
2021-11-15,151.2711639404297
2021-11-16,152.14022827148438
2021-11-17,152.17977905273438
2021-11-18,151.76495361328125
2021-11-19,152.63397216796875
2021-11-22,151.76495361328125
2021-11-23,151.1033477783203
2021-11-24,151.48846435546875
2021-11-26,152.9697265625
2021-11-29,154.11532592773438
2021-11-30,152.29824829101562
2021-12-01,148.86160278320312
2021-12-02,149.3455047607422
2021-12-03,146.54090881347656
2021-12-06,143.45974731445312
2021-12-07,149.08872985839844
2021-12-08,150.77743530273438
2021-12-09,147.6568145751953
2021-12-10,145.40521240234375
2021-12-13,147.53988647460938
2021-12-14,146.80889892578125
2021-12-15,150.04891967773438
2021-12-16,148.55734252929688
2021-12-17,152.57774353027344
2021-12-20,151.14541625976562
2021-12-21,152.07398986816406
2021-12-22,151.88626098632812
2021-12-23,152.80496215820312
2021-12-27,151.50100708007812
2021-12-28,150.34524536132812
2021-12-29,150.96762084960938
2021-12-30,151.88626098632812
2021-12-31,150.76014709472656
2022-01-03,150.51321411132812
2022-01-04,146.48291015625
2022-01-05,140.76345825195312
2022-01-06,140.6844482421875
2022-01-07,138.83724975585938
2022-01-10,140.42764282226562
2022-01-11,141.77108764648438
2022-01-12,140.20042419433594
2022-01-13,136.36767578125
2022-01-14,137.25674438476562
2022-01-18,131.8336639404297
2022-01-19,130.2235107421875
2022-01-20,129.05787658691406
2022-01-21,127.11189270019533
2022-01-24,128.2775421142578
2022-01-25,126.03517150878906
2022-01-26,124.681884765625
2022-01-27,122.1728286743164
2022-01-28,126.4105453491211
2022-01-31,130.253173828125
2022-02-01,132.614013671875
2022-02-02,131.3594970703125
2022-02-03,128.62322998046875
2022-02-04,129.0381317138672
2022-02-07,130.03582763671875
2022-02-08,129.94692993164062
2022-02-09,133.45367431640625
2022-02-10,130.19386291503906
2022-02-11,128.4849853515625
2022-02-14,126.12408447265624
2022-02-15,128.3960418701172
2022-02-16,128.32691955566406
2022-02-17,124.4645538330078
2022-02-18,123.5162582397461
2022-02-22,122.64697265625
2022-02-23,120.0193862915039
2022-02-24,123.07171630859376
2022-02-25,124.75102996826172
2022-02-28,124.5337142944336
2022-03-01,123.87188720703124
2022-03-02,124.5337142944336
2022-03-03,122.92356872558594
2022-03-04,121.07633972167967
2022-03-07,119.1501235961914
2022-03-08,118.85376739501952
2022-03-09,122.74576568603516
2022-03-10,121.5011215209961
2022-03-11,119.17976379394533
2022-03-14,118.1425552368164
2022-03-15,119.6539077758789
2022-03-16,124.43492126464844
2022-03-17,127.05261993408205
2022-03-18,129.39373779296875
2022-03-21,127.65518951416016
2022-03-22,130.08522033691406
2022-03-23,126.8056640625
2022-03-24,128.56361389160156
2022-03-25,126.7147216796875
2022-03-28,127.61446380615234
2022-03-29,131.21339416503906
2022-03-30,129.49302673339844
2022-03-31,128.83058166503906
2022-04-01,131.55946350097656
2022-04-04,133.2402801513672
2022-04-05,131.18374633789062
2022-04-06,130.98599243164062
2022-04-07,132.3998565673828
2022-04-08,131.8363037109375
2022-04-11,128.80093383789062
2022-04-12,127.81221771240234
2022-04-13,131.00572204589844
2022-04-14,129.38427734375
2022-04-18,125.66666412353516
2022-04-19,126.87291717529295
2022-04-20,127.54523468017578
2022-04-21,124.53952026367188
2022-04-22,121.65245056152344
2022-04-25,122.77959442138672
2022-04-26,118.04361724853516
2022-04-27,117.70745086669922
2022-04-28,117.70745086669922
2022-04-29,115.33452606201172
2022-05-02,117.02522277832033
2022-05-03,118.0930633544922
2022-05-04,120.48577117919922
2022-05-05,116.03651428222656
2022-05-06,111.8937759399414
2022-05-09,106.07018280029295
2022-05-10,108.8979263305664
2022-05-11,105.25942993164062
2022-05-12,108.21571350097656
2022-05-13,111.86409759521484
2022-05-16,112.01241302490234
2022-05-17,115.20598602294922
2022-05-18,112.27935791015624
2022-05-19,113.73279571533205
2022-05-20,114.30624389648438
2022-05-23,115.12688446044922
2022-05-24,113.2878646850586
2022-05-25,113.47570037841795
2022-05-26,114.49411010742188
2022-05-27,118.15237426757812
2022-05-31,115.35428619384766
2022-06-01,114.13816833496094
2022-06-02,115.04778289794922
2022-06-03,115.18620300292967
2022-06-06,113.9404296875
2022-06-07,116.5011978149414
2022-06-08,116.7978057861328
2022-06-09,112.72420501708984
2022-06-10,109.26277160644533
2022-06-13,104.8024673461914
2022-06-14,105.0595932006836
2022-06-15,107.46282958984376
2022-06-16,104.65412139892578
2022-06-17,108.35289764404295
2022-06-21,110.63745880126952
2022-06-22,112.00225067138672
2022-06-23,116.70980834960938
2022-06-24,118.71744537353516
2022-06-27,118.79654693603516
2022-06-28,116.06697845458984
2022-06-29,116.69002532958984
2022-06-30,116.33397674560548
2022-07-01,118.84600067138672
2022-07-05,121.45692443847656
2022-07-06,121.43712615966795
2022-07-07,124.43376922607422
2022-07-08,125.2645034790039
2022-07-11,122.9404067993164
2022-07-12,122.13932800292967
2022-07-13,122.18878936767578
2022-07-14,120.1316909790039
2022-07-15,121.8920669555664
2022-07-18,119.19214630126952
2022-07-19,122.25799560546876
2022-07-20,122.57447052001952
2022-07-21,123.72168731689452
2022-07-22,121.26902770996094
2022-07-25,121.26902770996094
2022-07-26,121.51628112792967
2022-07-27,122.63381958007812
2022-07-28,122.7524871826172
2022-07-29,122.7129364013672
2022-08-01,120.9228744506836
2022-08-02,121.27889251708984
2022-08-03,125.9271240234375
2022-08-04,128.7456817626953
2022-08-05,129.9918212890625
2022-08-08,130.5753173828125
2022-08-09,128.47869873046875
2022-08-10,131.57421875
2022-08-11,129.843505859375
2022-08-12,131.0599365234375
2022-08-15,133.3345947265625
2022-08-16,131.52476501464844
2022-08-17,128.96328735351562
2022-08-18,127.49960327148438
2022-08-19,126.24359893798828
2022-08-22,124.22607421875
2022-08-23,123.9887237548828
2022-08-24,125.66998291015624
2022-08-25,126.0457992553711
2022-08-26,121.59536743164062
2022-08-29,120.75474548339844
2022-08-30,119.8053207397461
2022-08-31,120.12179565429688
2022-09-01,121.86241149902344
2022-09-02,119.85477447509766
2022-09-06,118.2229461669922
2022-09-07,121.5360336303711
2022-09-08,125.58098602294922
2022-09-09,126.9853286743164
2022-09-12,127.21281433105467
2022-09-13,121.48658752441406
2022-09-14,122.55467987060548
2022-09-15,122.68327331542967
2022-09-16,121.6052703857422
2022-09-19,120.45804595947266
2022-09-20,119.2218246459961
2022-09-21,116.61091613769533
2022-09-22,115.44391632080078
2022-09-23,114.04942321777344
2022-09-26,112.32525634765624
2022-09-27,113.71173095703124
2022-09-28,118.17820739746094
2022-09-29,116.46490478515624
2022-09-30,115.83106994628906
2022-10-03,118.08907318115234
2022-10-04,121.46617126464844
2022-10-05,121.6840591430664
2022-10-06,121.0898208618164
2022-10-07,117.69293975830078
2022-10-10,116.81153106689452
2022-10-11,117.02940368652344
2022-10-12,117.88109588623048
2022-10-13,120.23812866210938
2022-10-14,118.42579650878906
2022-10-17,121.30770874023438
2022-10-18,121.52557373046876
2022-10-19,117.38592529296876
2022-10-20,116.4450912475586
2022-10-21,119.7330551147461
2022-10-24,121.00070190429688
2022-10-25,123.4270477294922
2022-10-26,125.37803649902344
2022-10-27,123.67464447021484
2022-10-28,128.42831420898438
2022-10-31,127.34882354736328
2022-11-01,128.49765014648438
2022-11-02,126.3485870361328
2022-11-03,126.78433990478516
2022-11-04,127.10124969482422
2022-11-07,127.83409881591795
2022-11-08,129.09185791015625
2022-11-09,127.80440521240234
2022-11-10,132.29066467285156
2022-11-11,132.95419311523438
2022-11-14,133.38002014160156
2022-11-15,133.80587768554688
2022-11-16,132.9145965576172
2022-11-17,131.99354553222656
2022-11-18,132.44912719726562
2022-11-21,131.71624755859375
2022-11-22,132.75611877441406
2022-11-23,132.26095581054688
2022-11-25,132.5283660888672
2022-11-28,131.60736083984375
2022-11-29,130.99331665039062
2022-11-30,135.2122039794922
2022-12-01,135.8361053466797
2022-12-02,137.09385681152344
2022-12-05,134.18222045898438
2022-12-06,131.9638214111328
2022-12-07,132.83534240722656
2022-12-08,134.578369140625
2022-12-09,131.72618103027344
2022-12-12,132.76600646972656
2022-12-13,134.7888641357422
2022-12-14,135.51234436035156
2022-12-15,133.04452514648438
2022-12-16,131.81556701660156
2022-12-19,129.3972930908203
2022-12-20,130.90374755859375
2022-12-21,132.5390625
2022-12-22,132.63815307617188
2022-12-23,130.85418701171875
2022-12-27,128.11880493164062
2022-12-28,127.2466278076172
2022-12-29,130.17034912109375
2022-12-30,130.1208038330078
2023-01-03,128.88194274902344
2023-01-04,130.5370635986328
2023-01-05,130.6460723876953
2023-01-06,131.9542999267578
2023-01-09,129.11981201171875
2023-01-10,132.04351806640625
2023-01-11,132.79678344726562
2023-01-12,133.90676879882812
2023-01-13,135.0167999267578
2023-01-17,135.0663604736328
2023-01-18,134.05543518066406
2023-01-19,132.85623168945312
2023-01-20,134.26358032226562
2023-01-23,135.57180786132812
2023-01-24,135.56187438964844
2023-01-25,135.57180786132812
2023-01-26,135.9385223388672
2023-01-27,136.00790405273438
2023-01-30,133.59954833984375
2023-01-31,135.33395385742188
2023-02-01,135.49253845214844
2023-02-02,135.94842529296875
2023-02-03,135.3736114501953
2023-02-06,134.40231323242188
2023-02-07,135.1060333251953
2023-02-08,132.1426544189453
2023-02-09,131.22091674804688
2023-02-10,131.18128967285156
2023-02-13,132.98504638671875
2023-02-14,132.57875061035156
2023-02-15,132.57875061035156
2023-02-16,130.91368103027344
2023-02-17,132.17236328125
2023-02-21,128.48550415039062
2023-02-22,128.24765014648438
2023-02-23,127.85118865966795
2023-02-24,125.28425598144533
2023-02-27,125.74016571044922
2023-02-28,126.0473861694336
2023-03-01,126.91956329345705
2023-03-02,127.21687316894533
2023-03-03,129.3576202392578
2023-03-06,128.14852905273438
2023-03-07,126.11678314208984
2023-03-08,125.25453186035156
2023-03-09,122.84616088867188
2023-03-10,120.88379669189452
2023-03-13,124.25352478027344
2023-03-14,125.81944274902344
2023-03-15,124.9373779296875
2023-03-16,125.611328125
2023-03-17,123.39126586914062
2023-03-20,124.72923278808594
2023-03-21,124.87789916992188
2023-03-22,122.20195770263672
2023-03-23,123.30760955810548
2023-03-24,124.81487274169922
2023-03-27,124.97351837158205
2023-03-28,125.00326538085938
2023-03-29,126.75843811035156
2023-03-30,126.16346740722656
2023-03-31,128.07728576660156
2023-04-03,128.68214416503906
2023-04-04,127.77980041503906
2023-04-05,128.42434692382812
2023-04-06,129.9514617919922
2023-04-10,129.26722717285156
2023-04-11,129.61431884765625
2023-04-12,129.46554565429688
2023-04-13,132.4602508544922
2023-04-14,131.31985473632812
2023-04-17,132.45034790039062
2023-04-18,131.54794311523438
2023-04-19,132.10325622558594
2023-04-20,130.833984375
2023-04-21,132.3412322998047
2023-04-24,131.93466186523438
2023-04-25,129.4060516357422
2023-04-26,127.66080474853516
2023-04-27,128.116943359375
2023-04-28,129.4159698486328
2023-05-01,130.4373016357422
2023-05-02,128.72181701660156
2023-05-03,129.58453369140625
2023-05-04,129.20774841308594
2023-05-05,130.8141326904297
2023-05-08,129.75314331054688
2023-05-09,129.50521850585938
2023-05-10,129.9315948486328
2023-05-11,129.33663940429688
2023-05-12,129.08872985839844
2023-05-15,130.6356658935547
2023-05-16,127.95828247070312
2023-05-17,128.24586486816406
2023-05-18,127.88888549804688
2023-05-19,128.9895782470703
2023-05-22,130.05059814453125
2023-05-23,130.01092529296875
2023-05-24,128.19627380371094
2023-05-25,125.7767333984375
2023-05-26,126.02462005615234
2023-05-30,125.11234283447266
2023-05-31,125.2214126586914
2023-06-01,125.70730590820312
2023-06-02,127.89879608154295
2023-06-05,128.38467407226562
2023-06-06,127.99797821044922
2023-06-07,127.75598907470705
2023-06-08,127.9543228149414
2023-06-09,127.76590728759766
2023-06-12,128.7873077392578
2023-06-13,130.25497436523438
2023-06-14,129.2137451171875
2023-06-15,130.71116638183594
2023-06-16,130.20538330078125
2023-06-20,129.2930908203125
2023-06-21,128.7377166748047
2023-06-22,128.7675018310547
2023-06-23,127.42872619628906
2023-06-26,126.01065063476562
2023-06-27,124.4834976196289
2023-06-28,125.19750213623048
2023-06-29,124.89999389648438
2023-06-30,125.9015655517578
2023-07-03,125.75281524658205
2023-07-05,125.97100067138672
2023-07-06,124.40416717529295
2023-07-07,123.34308624267578
2023-07-10,125.59415435791016
2023-07-11,125.66358184814452
2023-07-12,126.89323425292967
2023-07-13,127.23041534423828
2023-07-14,127.17090606689452
2023-07-17,128.16258239746094
2023-07-18,128.6385498046875
2023-07-19,129.32281494140625
2023-07-20,129.17405700683594
2023-07-21,130.3739776611328
2023-07-24,128.34107971191406
2023-07-25,128.03366088867188
2023-07-26,127.76590728759766
2023-07-27,126.8436508178711
2023-07-28,128.7774200439453
2023-07-31,128.2319793701172
2023-08-01,126.98249816894533
2023-08-02,126.29822540283205
2023-08-03,125.83216094970705
2023-08-04,126.28833770751952
2023-08-07,125.49500274658205
2023-08-08,126.26849365234376
2023-08-09,126.68498229980467
2023-08-10,127.10150146484376
2023-08-11,127.49816131591795
2023-08-14,127.3494110107422
2023-08-15,126.94281005859376
2023-08-16,125.12808990478516
2023-08-17,124.51324462890624
2023-08-18,124.364501953125
2023-08-21,126.1693344116211
2023-08-22,126.22883605957033
2023-08-23,126.96266174316406
2023-08-24,125.80241394042967
2023-08-25,126.51641082763672
2023-08-28,127.03207397460938
2023-08-29,128.39065551757812
2023-08-30,128.7675018310547
2023-08-31,127.63700103759766
2023-09-01,128.92613220214844
2023-09-05,127.07173919677734
2023-09-06,126.24864959716795
2023-09-07,125.8222427368164
2023-09-08,125.79248809814452
2023-09-11,126.6155776977539
2023-09-12,126.41725158691406
2023-09-13,126.04041290283205
2023-09-14,126.51641082763672
2023-09-15,125.55449676513672
2023-09-18,124.2058334350586
2023-09-19,124.6620101928711
2023-09-20,123.59098815917967
2023-09-21,122.02418518066406
2023-09-22,121.53824615478516
2023-09-25,121.25067901611328
2023-09-26,121.67068481445312
2023-09-27,122.2366180419922
2023-09-28,121.96854400634766
2023-09-29,121.42244720458984
2023-10-02,119.7841567993164
2023-10-03,118.4735107421875
2023-10-04,119.3274154663086
2023-10-05,120.91606903076172
2023-10-06,121.6111068725586
2023-10-09,121.17422485351562
2023-10-10,122.15721130371094
2023-10-11,122.75294494628906
2023-10-12,120.28060913085938
2023-10-13,120.76712799072266
2023-10-16,121.43238067626952
2023-10-17,121.27351379394533
2023-10-18,118.72174835205078
2023-10-19,116.7756576538086
2023-10-20,116.3387680053711
2023-10-23,115.1969223022461
2023-10-24,116.51748657226562
2023-10-25,114.29337310791016
2023-10-26,114.23381805419922
2023-10-27,111.612548828125
2023-10-30,112.22814178466795
2023-10-31,112.87352752685548
2023-11-01,114.39266967773438
2023-11-02,115.99127197265624
2023-11-03,118.94019317626952
2023-11-06,118.56288146972656
2023-11-07,119.4465789794922
2023-11-08,117.63948059082033
2023-11-09,114.16432189941406
2023-11-10,114.71039581298828
2023-11-13,114.60118865966795
2023-11-14,117.07351684570312
2023-11-15,117.1926727294922
2023-11-16,116.19976043701172
2023-11-17,117.26216888427734
2023-11-20,118.07635498046876
2023-11-21,117.13311004638672
2023-11-22,117.87777709960938
2023-11-24,118.51323699951172
2023-11-27,117.72884368896484
2023-11-28,117.37139129638672
2023-11-29,118.4933853149414
2023-11-30,120.07209014892578
2023-12-01,121.73025512695312
2023-12-04,122.5146484375
2023-12-05,122.02812957763672
2023-12-06,122.9813232421875
2023-12-07,123.85507202148438
2023-12-08,123.00116729736328
2023-12-11,123.88485717773438
2023-12-12,125.2352066040039
2023-12-13,130.4678192138672
2023-12-14,131.80824279785156
2023-12-15,130.84510803222656
2023-12-18,129.90185546875
2023-12-19,131.97705078125
2023-12-20,128.08518981933594
2023-12-21,130.1026611328125
2023-12-22,132.9450225830078
2023-12-26,134.197265625
2023-12-27,136.01597595214844
2023-12-28,136.1849365234375
2023-12-29,135.01220703125
2024-01-02,137.218505859375
2024-01-03,135.08175659179688
2024-01-04,135.67803955078125
2024-01-05,135.28053283691406
2024-01-08,138.5303497314453
2024-01-09,138.0831298828125
2024-01-10,137.1092071533203
2024-01-11,136.03585815429688
2024-01-12,136.28431701660156
2024-01-16,135.09170532226562
2024-01-17,134.1873321533203
2024-01-18,133.72023010253906
2024-01-19,134.34632873535156
2024-01-22,134.7836151123047
2024-01-23,135.51907348632812
2024-01-24,133.96868896484375
2024-01-25,134.85316467285156
2024-01-26,134.5153045654297
2024-01-29,136.64210510253906
2024-01-30,135.7377166748047
2024-01-31,133.55126953125
2024-02-01,135.4097442626953
2024-02-02,133.7698974609375
2024-02-05,134.0183868408203
2024-02-06,135.30043029785156
2024-02-07,132.89532470703125
2024-02-08,133.4220733642578
2024-02-09,133.75997924804688
2024-02-12,134.92276000976562
2024-02-13,131.4840850830078
2024-02-14,133.96868896484375
2024-02-15,135.67803955078125
2024-02-16,134.89292907714844
2024-02-20,134.03823852539062
2024-02-21,134.42584228515625
2024-02-22,136.32406616210938
2024-02-23,137.33778381347656
2024-02-26,138.30178833007812
2024-02-27,140.02110290527344
2024-02-28,138.56021118164062
2024-02-29,135.99609375
2024-03-01,138.94776916503906
2024-03-04,137.65579223632812
2024-03-05,136.49301147460938
2024-03-06,137.0197296142578
2024-03-07,137.46697998046875
2024-03-08,137.794921875
2024-03-11,137.8446044921875
2024-03-12,137.18870544433594
2024-03-13,137.40731811523438
2024-03-14,134.87307739257812
2024-03-15,135.08175659179688
2024-03-18,134.42584228515625
2024-03-19,135.30043029785156
2024-03-20,135.6482696533203
2024-03-21,136.5096893310547
2024-03-22,135.53485107421875
2024-03-25,135.2960968017578
2024-03-26,135.15684509277344
2024-03-27,137.06678771972656
2024-03-28,136.49977111816406
2024-04-01,136.0919189453125
2024-04-02,133.187255859375
2024-04-03,132.82911682128906
2024-04-04,130.93910217285156
2024-04-05,131.81448364257812
2024-04-08,131.97366333007812
2024-04-09,133.56524658203125
2024-04-10,131.15792846679688
2024-04-11,131.63543701171875
2024-04-12,128.89984130859375
2024-04-15,127.1689910888672
2024-04-16,126.3035659790039
2024-04-17,125.22923278808594
2024-04-18,123.98578643798828
2024-04-19,124.06537628173828
2024-04-22,125.44807434082033
2024-04-23,127.34806060791016
2024-04-24,127.08941650390624
2024-04-25,125.01038360595705
2024-04-26,125.82608032226562
2024-04-29,127.69620513916016
2024-04-30,126.25382232666016
2024-05-01,128.8103485107422
2024-05-02,129.9642333984375
2024-05-03,132.2621307373047
2024-05-06,132.3218231201172
2024-05-07,132.58042907714844
2024-05-08,131.89405822753906
2024-05-09,132.7197265625
2024-05-10,132.69981384277344
2024-05-13,133.70452880859375
2024-05-14,134.7589569091797
2024-05-15,136.61912536621094
2024-05-16,136.5694122314453
2024-05-17,135.9725341796875
2024-05-20,136.78822326660156
2024-05-21,136.19140625
2024-05-22,137.166259765625
2024-05-23,134.9181365966797
2024-05-24,134.9578857421875
2024-05-28,133.376220703125
2024-05-29,131.81448364257812
2024-05-30,132.6501007080078
2024-05-31,133.1772918701172
2024-06-03,134.78878784179688
2024-06-04,134.76889038085938
2024-06-05,137.33534240722656
2024-06-06,136.87779235839844
2024-06-07,136.0023956298828
2024-06-10,136.22122192382812
2024-06-11,136.0919189453125
2024-06-12,137.086669921875
2024-06-13,136.6091766357422
2024-06-14,135.73379516601562
2024-06-17,134.72909545898438
2024-06-18,133.67466735839844
2024-06-20,134.98773193359375
2024-06-21,136.61912536621094
2024-06-24,139.22540283203125
2024-06-25,138.79763793945312
2024-06-26,137.19607543945312
2024-06-27,137.18614196777344
2024-06-28,136.53953552246094
2024-07-01,136.25106811523438
2024-07-02,135.30604553222656
2024-07-03,134.38095092773438
2024-07-05,135.48512268066406
2024-07-08,137.00709533691406
2024-07-09,138.1311492919922
2024-07-10,139.7924041748047
2024-07-11,143.094970703125
2024-07-12,144.2687530517578
2024-07-15,144.38815307617188
2024-07-16,147.153564453125
2024-07-17,145.60174560546875
2024-07-18,143.36355590820312
2024-07-19,143.2640838623047
2024-07-22,145.47242736816406
2024-07-23,144.5870819091797
2024-07-24,144.88552856445312
2024-07-25,146.2582550048828
2024-07-26,147.4818115234375
2024-07-29,147.13365173339844
2024-07-30,147.10382080078125
2024-07-31,147.19334411621094
2024-08-01,146.32789611816406
2024-08-02,143.4132843017578
2024-08-05,139.36465454101562
2024-08-06,139.9913330078125
2024-08-07,137.4646759033203
2024-08-08,141.43373107910156
2024-08-09,141.42379760742188
2024-08-12,140.81698608398438
2024-08-13,142.79653930664062
2024-08-14,142.04052734375
2024-08-15,144.189208984375
2024-08-16,144.0897216796875
2024-08-19,147.02426147460938
2024-08-20,146.6064453125
2024-08-21,147.37237548828125
2024-08-22,145.68130493164062
2024-08-23,147.17344665527344
2024-08-26,147.10382080078125
2024-08-27,147.0938720703125
2024-08-28,147.00433349609375
2024-08-29,147.50172424316406
2024-08-30,147.3922882080078
2024-09-03,144.89547729492188
2024-09-04,144.73629760742188
2024-09-05,144.030029296875
2024-09-06,142.000732421875
2024-09-09,143.77139282226562
2024-09-10,144.15936279296875
2024-09-11,144.8556671142578
2024-09-12,144.79598999023438
2024-09-13,147.03416442871094
2024-09-16,147.31271362304688
2024-09-17,147.05409240722656
2024-09-18,146.74569702148438
2024-09-19,148.68545532226562
2024-09-20,147.20327758789062
2024-09-23,144.8158721923828
2024-09-24,144.3185272216797
2024-09-25,142.1270294189453
2024-09-26,143.68099975585938
2024-09-27,144.3384246826172
2024-09-30,145.03573608398438
2024-10-01,144.2089385986328
2024-10-02,144.2388153076172
2024-10-03,142.05731201171875
2024-10-04,143.34230041503906
2024-10-07,141.6289825439453
2024-10-08,142.44577026367188
2024-10-09,142.5852508544922
2024-10-10,142.59519958496094
2024-10-11,145.02574157714844
2024-10-14,145.14529418945312
2024-10-15,145.25486755371094
2024-10-16,145.83261108398438
2024-10-17,145.12535095214844
2024-10-18,145.34451293945312
2024-10-21,143.43194580078125
2024-10-22,143.4419403076172
2024-10-23,141.60906982421875
2024-10-24,141.041259765625
2024-10-25,140.96156311035156
2024-10-28,142.1868133544922
2024-10-29,141.86802673339844
2024-10-30,141.85809326171875
2024-10-31,139.7462921142578
2024-11-01,142.22665405273438
2024-11-04,142.29640197753906
2024-11-05,144.49781799316406
2024-11-06,146.03182983398438
2024-11-07,147.4463348388672
2024-11-08,148.2731170654297
2024-11-11,147.1475067138672
2024-11-12,143.80052185058594
2024-11-13,143.24270629882812
2024-11-14,139.5470733642578
2024-11-15,132.86306762695312
2024-11-18,132.52439880371094
2024-11-19,132.873046875
2024-11-20,134.31739807128906
2024-11-21,135.57254028320312
2024-11-22,137.42535400390625
2024-11-25,139.36776733398438
2024-11-26,139.6865234375
2024-11-27,141.041259765625
2024-11-29,141.00143432617188
2024-12-02,141.1807098388672
2024-12-03,139.45742797851562
2024-12-04,140.41371154785156
2024-12-05,139.40760803222656
2024-12-06,140.7523956298828
2024-12-09,141.19068908691406
2024-12-10,140.01524353027344
2024-12-11,139.55703735351562
2024-12-12,137.13644409179688
2024-12-13,136.08055114746094
2024-12-16,136.71807861328125
2024-12-17,137.18846130371094
2024-12-18,131.8667449951172
2024-12-19,130.7605743408203
2024-12-20,132.2753448486328
2024-12-23,133.15234375
2024-12-24,133.49114990234375
2024-12-26,134.20870971679688
2024-12-27,133.06263732910156
2024-12-30,131.21896362304688
2024-12-31,131.75714111328125
2025-01-02,132.45474243164062
2025-01-03,133.69049072265625
2025-01-06,133.82998657226562
2025-01-07,135.0059814453125
2025-01-08,134.36814880371094
2025-01-10,132.2753448486328
2025-01-13,133.56094360351562
2025-01-14,131.11932373046875
2025-01-15,132.96298217773438
2025-01-16,132.50457763671875
2025-01-17,132.1956329345703
2025-01-21,135.63381958007812
2025-01-22,135.82315063476562
2025-01-23,137.7764434814453
2025-01-24,136.82969665527344
2025-01-27,137.8960418701172
2025-01-28,137.686767578125
2025-01-29,137.01905822753906
2025-01-30,138.39430236816406
2025-01-31,138.18504333496094
2025-02-03,137.37782287597656
2025-02-04,138.33453369140625
2025-02-05,141.84246826171875
2025-02-06,140.07852172851562
2025-02-07,137.1984100341797
2025-02-10,135.68362426757812
2025-02-11,133.78018188476562
2025-02-12,135.0059814453125
2025-02-13,136.57058715820312
2025-02-14,136.08226013183594
2025-02-18,136.6403350830078
2025-02-19,138.2647705078125
2025-02-20,138.952392578125
2025-02-21,138.43418884277344
2025-02-24,138.2647705078125
2025-02-25,137.38775634765625
2025-02-26,136.57058715820312
2025-02-27,135.0159149169922
2025-02-28,136.5606231689453
2025-03-03,133.78018188476562
2025-03-04,133.8997802734375
2025-03-05,136.32144165039062
2025-03-06,135.74342346191406
2025-03-07,136.48089599609375
2025-03-10,135.3746795654297
2025-03-11,133.53103637695312
2025-03-12,133.7901611328125
2025-03-13,132.68394470214844
2025-03-14,133.7303466796875
2025-03-17,135.63381958007812
2025-03-18,133.74960327148438
2025-03-19,134.22840881347656
2025-03-20,132.4030303955078
2025-03-21,133.24090576171875
2025-03-24,134.96649169921875
2025-03-25,132.6324462890625
2025-03-26,130.8070831298828
2025-03-27,131.2459716796875
2025-03-28,129.959228515625
2025-03-31,127.57532501220705
2025-04-01,124.12410736083984
2025-04-02,126.4681396484375
2025-04-03,123.47575378417967
2025-04-04,116.86258697509766
2025-04-07,115.9149932861328
2025-04-08,111.73562622070312
2025-04-09,118.32884216308594
2025-04-10,112.85279083251952
2025-04-11,116.6630859375
2025-04-14,119.99461364746094
2025-04-15,119.5457534790039
2025-04-16,117.49098205566406
2025-04-17,117.98970794677734
2025-04-21,116.94236755371094
2025-04-22,120.12427520751952
2025-04-23,121.69029998779295
2025-04-24,123.88471221923828
2025-04-25,122.90719604492188
2025-04-28,124.30363464355467
2025-04-29,124.43331146240234
2025-04-30,126.2586669921875
2025-05-01,124.56298065185548
2025-05-02,126.2786102294922
2025-05-05,125.54049682617188
2025-05-06,118.29891967773438
2025-05-07,119.0969009399414
2025-05-08,118.87745666503906
2025-05-09,116.33392333984376
2025-05-12,121.74017333984376
2025-05-13,119.2265625
2025-05-14,116.62318420410156
2025-05-15,118.93729400634766
2025-05-16,120.85243225097656
2025-05-19,122.1989974975586
2025-05-20,124.35350799560548
2025-05-21,121.38108825683594
2025-05-22,121.1117706298828
2025-05-23,120.94219970703124
2025-05-27,122.53813934326172
2025-05-28,121.60053253173828
2025-05-29,123.9246063232422
2025-05-30,121.41100311279295
2025-06-02,123.3959503173828
2025-06-03,124.51310729980467
2025-06-04,124.80238342285156
2025-06-05,124.74251556396484
2025-06-06,126.63770294189452
2025-06-09,127.26609802246094
2025-06-10,128.46304321289062
2025-06-11,127.53541564941406
2025-06-12,128.6725311279297
2025-06-13,127.67505645751952
2025-06-16,127.52544403076172
2025-06-17,125.0018539428711
2025-06-18,125.45072174072266
2025-06-20,125.19139099121094
2025-06-23,124.62283325195312
2025-06-24,127.08656311035156
2025-06-25,126.3683853149414
2025-06-26,126.68757629394533
2025-06-27,126.14894104003906
2025-06-30,126.18885040283205
2025-07-01,127.30599975585938
2025-07-02,129.2211456298828
2025-07-03,129.66998291015625
2025-07-07,127.79474639892578
2025-07-08,129.00167846679688
2025-07-09,131.9541778564453
2025-07-10,133.3107147216797
2025-07-11,131.2559356689453
2025-07-14,131.55517578125
2025-07-15,128.72239685058594
2025-07-16,130.84698486328125
2025-07-17,131.40557861328125
2025-07-18,129.40066528320312
2025-07-21,128.8022003173828
2025-07-22,132.50277709960938
2025-07-23,135.06625366210938
2025-07-24,135.08621215820312
2025-07-25,135.15602111816406
2025-07-28,133.76956176757812
2025-07-29,133.5201873779297
2025-07-30,133.36058044433594
2025-07-31,132.4229736328125
2025-08-01,132.7022705078125
2025-08-04,135.02633666992188
2025-08-05,133.0713348388672
2025-08-06,131.1562042236328
2025-08-07,130.8968505859375
2025-08-08,131.70481872558594
2025-08-11,131.40557861328125
2025-08-12,133.6598358154297
2025-08-13,136.75196838378906
2025-08-14,136.9215545654297
2025-08-15,138.40773010253906
2025-08-18,138.02871704101562
2025-08-19,137.5399627685547
2025-08-20,138.06861877441406
2025-08-21,138.40773010253906
2025-08-22,139.48500061035156
2025-08-25,136.7220458984375
2025-08-26,138.1184844970703
2025-08-27,138.23818969726562
2025-08-28,137.85914611816406
2025-08-29,137.86912536621094
2025-09-02,140.05355834960938
2025-09-03,140.00367736816406
2025-09-04,139.99371337890625
2025-09-05,142.75668334960938
2025-09-08,141.8489990234375
2025-09-09,142.5771484375
2025-09-10,140.29295349121094
2025-09-11,143.43495178222656
2025-09-12,140.6221160888672
2025-09-15,140.36277770996094
2025-09-16,140.66517639160156
2025-09-17,140.72506713867188
2025-09-18,143.3499298095703
2025-09-19,142.4417266845703
2025-09-22,143.13037109375
2025-09-23,142.21217346191406
2025-09-24,141.36383056640625
2025-09-25,138.798828125
2025-09-26,140.68515014648438
2025-09-29,142.13232421875
2025-09-30,144.0885009765625
2025-10-01,148.22042846679688
2025-10-02,149.3282470703125
2025-10-03,150.70558166503906
2025-10-06,150.2265167236328
2025-10-07,150.18658447265625
2025-10-08,151.69363403320312
2025-10-09,151.7535400390625
2025-10-10,149.65760803222656
2025-10-13,150.64569091796875
2025-10-14,151.0249481201172
2025-10-15,153.09091186523438
2025-10-16,153.120849609375
2025-10-17,153.88934326171875
2025-10-20,156.1848602294922
2025-10-21,155.7257537841797
2025-10-22,153.619873046875
2025-10-23,154.2786102294922
2025-10-24,154.8574676513672
2025-10-27,156.80364990234375
2025-10-28,157.3525848388672
2025-10-29,156.66392517089844
2025-10-30,157.0032501220703
2025-10-31,159.06922912597656
2025-11-03,157.15298461914062
2025-11-04,155.77566528320312
2025-11-05,158.00131225585938
2025-11-06,158.12106323242188
2025-11-07,157.41246032714844
2025-11-10,159.22891235351562
2025-11-11,163.8199462890625
2025-11-12,164.6383514404297
2025-11-13,163.0015411376953
2025-11-14,163.86985778808594
2025-11-17,164.93775939941406
2025-11-18,166.14540100097656
2025-11-19,164.89785766601562
2025-11-20,163.9197540283203
2025-11-21,167.193359375
2025-11-24,169.37908935546875
2025-11-25,171.9939727783203
2025-11-26,173.32139587402344
2025-11-28,173.49105834960938
2025-12-01,169.7783203125
2025-12-02,168.89004516601562
2025-12-03,171.8941650390625
2025-12-04,171.77439880371094
2025-12-05,170.82626342773438
2025-12-08,169.6186065673828
2025-12-09,166.76419067382812
2025-12-10,168.6005859375
2025-12-11,169.94796752929688
2025-12-12,169.08966064453125
2025-12-15,169.04974365234375
2025-12-16,167.9636688232422
2025-12-17,167.38417053222656
2025-12-18,166.04534912109375
2025-12-19,170.05184936523438
2025-12-22,172.61961364746094
2025-12-23,171.9501953125
2025-12-24,173.0991973876953
2025-12-26,171.88026428222656
2025-12-29,170.6113739013672
2025-12-30,168.7429962158203
2025-12-31,168.62310791015625
2026-01-02,168.8529052734375
2026-01-05,167.1943359375
2026-01-06,171.09095764160156
2026-01-07,176.58616638183594
2026-01-08,172.1100616455078
2026-01-09,172.23995971679688
2026-01-12,171.2508087158203
2026-01-13,171.17088317871094
2026-01-14,172.67958068847656
2026-01-15,170.41152954101562
2026-01-16,169.81207275390625
2026-01-20,170.57139587402344
2026-01-21,175.00753784179688
2026-01-22,177.48536682128906
2026-01-23,175.17739868164062
2026-01-26,175.6969451904297
2026-01-27,176.7460174560547
2026-01-28,173.87852478027344
2026-01-29,174.09832763671875
2026-01-30,172.2799072265625
2026-02-02,173.98841857910156
2026-02-03,173.6487274169922
2026-02-04,173.89849853515625
2026-02-05,169.89198303222656
2026-02-06,174.82769775390625
2026-02-09,174.2182159423828
2026-02-10,171.9102325439453
2026-02-11,172.5496826171875
2026-02-12,170.49147033691406
2026-02-13,172.349853515625
2026-02-17,173.86854553222656
2026-02-18,174.60787963867188
2026-02-19,174.8776397705078
2026-02-20,174.2382049560547
2026-02-23,174.94760131835938
2026-02-24,176.2064971923828
2026-02-25,175.1474151611328
2026-02-26,173.72865295410156
2026-02-27,175.21734619140625
2026-03-02,173.76861572265625
2026-03-03,169.9519500732422
2026-03-04,172.81944274902344
2026-03-05,168.523193359375
2026-03-06,167.41415405273438
2026-03-09,171.14089965820312
2026-03-10,172.12005615234375
2026-03-11,170.7212677001953
2026-03-12,166.08529663085938
2026-03-13,165.36593627929688
2026-03-16,166.99452209472656
2026-03-17,167.14649963378906
2026-03-18,163.75697326660156
2026-03-19,164.4368896484375
2026-03-20,161.62725830078125
2026-03-23,162.66712951660156
2026-03-24,161.61727905273438
2026-03-25,165.72669982910156
2026-03-26,165.23675537109375
2026-03-27,160.387451171875
2026-03-30,161.8372344970703
2026-03-31,168.82626342773438
2026-04-01,170.1060791015625
2026-04-02,169.4061737060547
2026-04-06,168.80625915527344
2026-04-07,168.47630310058594
2026-04-08,171.83583068847656
2026-04-09,172.13580322265625
2026-04-10,169.34617614746094
2026-04-13,172.16578674316406
2026-04-14,175.82528686523438
2026-04-15,175.9652557373047
2026-04-16,174.09552001953125
2026-04-17,176.63516235351562
2026-04-20,175.7352752685547
2026-04-21,173.96554565429688
2026-04-22,174.33547973632812
2026-04-23,171.50587463378906
2026-04-24,169.75613403320312
2026-04-27,168.99624633789062
2026-04-28,167.78640747070312
2026-04-29,165.35675048828125
2026-04-30,168.66629028320312
2026-05-01,167.24649047851562
2026-05-04,170.13607788085938
2026-05-05,170.3160400390625
2026-05-06,173.84555053710938
2026-05-07,170.0760955810547
2026-05-08,169.91610717773438
2026-05-11,169.97608947753906
2026-05-12,172.25576782226562
2026-05-13,172.62571716308594
2026-05-14,171.305908203125
2026-05-15,166.80654907226562
2026-05-18,164.00692749023438
2026-05-19,164.1669158935547
2026-05-20,167.8863983154297
2026-05-21,169.03622436523438
2026-05-22,168.76626586914062
2026-05-26,169.39617919921875
2026-05-27,169.8561248779297
2026-05-28,172.21578979492188
2026-05-29,172.15577697753906
2026-06-01,169.34617614746094
2026-06-02,164.2469024658203
2026-06-03,167.47645568847656
2026-06-04,171.4058837890625
2026-06-05,168.41632080078125
2026-06-08,166.8965301513672
2026-06-09,169.336181640625
2026-06-10,165.9066619873047
2026-06-11,170.46603393554688
2026-06-12,170.63600158691406
2026-06-15,172.1699981689453
2026-06-16,171.44000244140625
2026-06-17,173.44000244140625
2026-06-18,173.63999938964844
2026-06-22,177.0
2026-06-23,178.08999633789062
2026-06-24,181.52999877929688
2026-06-25,183.6699981689453
2026-06-26,187.3600006103516
2026-06-29,189.7899932861328
2026-06-30,190.19000244140625
2026-07-01,190.1199951171875
2026-07-02,195.6999969482422
2026-07-06,195.3099975585937
2026-07-07,198.22999572753903
2026-07-08,196.33999633789065
2026-07-09,197.33999633789065
2026-07-10,192.0599975585937
2026-07-13,189.5500030517578
2026-07-14,188.6699981689453
2026-07-15,189.8999938964844
2026-07-16,189.509994506836
2026-07-17,189.759994506836
2026-07-20,186.52999877929688
2026-07-21,189.3099975585937
2026-07-22,187.0
2026-07-23,188.97999572753903
2026-07-24,188.13999938964844
2026-07-27,188.3300018310547
2026-07-28,190.5200042724609
2026-07-29,188.52999877929688
2026-07-30,189.9600067138672
2026-07-31,186.4100036621093
2026-08-03,185.9100036621093
2026-08-04,190.1499938964844
2026-08-05,191.8000030517578
2026-08-06,192.97000122070312
2026-08-07,197.7100067138672
2026-08-10,200.0200042724609
2026-08-11,199.7400054931641
2026-08-12,200.72000122070312
2026-08-13,198.94000244140625
2026-08-14,198.25999450683594
2026-08-17,201.92999267578125
2026-08-18,203.55999755859375
2026-08-19,216.9600067138672
2026-08-20,210.8300018310547
2026-08-21,213.55999755859375
2026-08-24,212.52999877929688
2026-08-25,216.39999389648438
2026-08-26,215.22999572753906
2026-08-27,214.75999450683594
