date,value
2000-01-03,11.052186012268066
2000-01-04,10.56903076171875
2000-01-05,10.48598861694336
2000-01-06,10.946493148803713
2000-01-07,11.127684593200684
2000-01-10,10.931395530700684
2000-01-11,10.750213623046877
2000-01-12,10.961594581604004
2000-01-13,11.29376983642578
2000-01-14,11.557994842529297
2000-01-18,11.172971725463867
2000-01-19,11.135231971740724
2000-01-20,10.931395530700684
2000-01-21,10.795514106750488
2000-01-24,10.59923267364502
2000-01-25,10.71246337890625
2000-01-26,11.112581253051758
2000-01-27,11.233372688293455
2000-01-28,10.840802192687988
2000-01-31,11.142778396606444
2000-02-01,11.203177452087402
2000-02-02,11.08993434906006
2000-02-03,11.021989822387695
2000-02-04,10.90875244140625
2000-02-07,10.795514106750488
2000-02-08,10.916298866271973
2000-02-09,10.659626007080078
2000-02-10,10.365200996398926
2000-02-11,10.38784885406494
2000-02-14,10.478442192077637
2000-02-15,10.493535995483398
2000-02-16,10.27460479736328
2000-02-17,10.14627170562744
2000-02-18,9.783902168273926
2000-02-22,9.874497413635254
2000-02-23,9.836748123168944
2000-02-24,9.632916450500488
2000-02-25,9.572524070739746
2000-02-28,9.882043838500977
2000-02-29,9.949986457824709
2000-03-01,10.08587646484375
2000-03-02,10.025480270385742
2000-03-03,10.116070747375488
2000-03-06,10.01793098449707
2000-03-07,9.715959548950195
2000-03-08,9.602723121643066
2000-03-09,9.655566215515137
2000-03-10,9.685762405395508
2000-03-13,9.783902168273926
2000-03-14,9.74615478515625
2000-03-15,10.342552185058594
2000-03-16,11.233372688293455
2000-03-17,11.236702919006348
2000-03-20,11.024545669555664
2000-03-21,11.426132202148438
2000-03-22,11.524627685546877
2000-03-23,11.92620849609375
2000-03-24,12.062596321105955
2000-03-27,11.668593406677246
2000-03-28,11.759520530700684
2000-03-29,11.668593406677246
2000-03-30,11.691327095031738
2000-03-31,11.76708984375
2000-04-03,12.33537769317627
2000-04-04,11.842864990234377
2000-04-05,11.751935005187988
2000-04-06,11.880746841430664
2000-04-07,11.63829231262207
2000-04-10,11.97167682647705
2000-04-11,12.123217582702637
2000-04-12,12.176258087158203
2000-04-13,11.85801887512207
2000-04-14,10.89573860168457
2000-04-17,10.986661911010742
2000-04-18,11.426132202148438
2000-04-19,11.2745943069458
2000-04-20,11.486739158630373
2000-04-24,11.759520530700684
2000-04-25,12.123217582702637
2000-04-26,11.880746841430664
2000-04-27,11.63829231262207
2000-04-28,11.880746841430664
2000-05-01,11.615555763244627
2000-05-02,11.501901626586914
2000-05-03,11.297320365905762
2000-05-04,11.123051643371582
2000-05-05,11.198822021484377
2000-05-08,11.418550491333008
2000-05-09,11.3882474899292
2000-05-10,11.085162162780762
2000-05-11,11.418550491333008
2000-05-12,11.547359466552734
2000-05-15,12.062596321105955
2000-05-16,11.99440574645996
2000-05-17,11.789824485778809
2000-05-18,11.941365242004396
2000-05-19,11.72921085357666
2000-05-22,11.880746841430664
2000-05-23,11.956524848937988
2000-05-24,12.10806655883789
2000-05-25,11.804976463317873
2000-05-26,11.759520530700684
2000-05-30,12.001985549926758
2000-05-31,12.145946502685549
2000-06-01,12.547530174255373
2000-06-02,13.062763214111328
2000-06-05,12.767257690429688
2000-06-06,12.486916542053224
2000-06-07,12.668756484985352
2000-06-08,12.45660400390625
2000-06-09,12.244444847106934
2000-06-12,12.350525856018066
2000-06-13,12.33537769317627
2000-06-14,12.547530174255373
2000-06-15,12.252023696899414
2000-06-16,11.67850399017334
2000-06-19,11.982627868652344
2000-06-20,11.830559730529783
2000-06-21,11.739327430725098
2000-06-22,11.731724739074709
2000-06-23,11.64808464050293
2000-06-26,11.830559730529783
2000-06-27,11.94461727142334
2000-06-28,11.853376388549805
2000-06-29,11.845765113830566
2000-06-30,11.556848526000977
2000-07-03,11.769739151000977
2000-07-05,11.898990631103516
2000-07-06,11.990229606628418
2000-07-07,12.195511817932127
2000-07-10,12.22593593597412
2000-07-11,12.286752700805664
2000-07-12,12.461636543273926
2000-07-13,12.339973449707031
2000-07-14,12.545270919799805
2000-07-17,12.309563636779783
2000-07-18,12.332377433776855
2000-07-19,12.286752700805664
2000-07-20,12.59848403930664
2000-07-21,12.560469627380373
2000-07-24,12.636500358581545
2000-07-25,12.65931224822998
2000-07-26,12.59848403930664
2000-07-27,12.636500358581545
2000-07-28,12.36279010772705
2000-07-31,12.575679779052734
2000-08-01,12.65931224822998
2000-08-02,12.6441011428833
2000-08-03,12.978643417358398
2000-08-04,13.480448722839355
2000-08-07,13.518470764160156
2000-08-08,13.518470764160156
2000-08-09,13.427228927612305
2000-08-10,13.351200103759766
2000-08-11,13.55648422241211
2000-08-14,13.731365203857422
2000-08-15,13.480448722839355
2000-08-16,13.32078456878662
2000-08-17,13.495659828186035
2000-08-18,13.396824836730955
2000-08-21,13.503263473510742
2000-08-22,13.647725105285645
2000-08-23,13.472855567932127
2000-08-24,13.450044631958008
2000-08-25,13.267562866210938
2000-08-28,13.518470764160156
2000-08-29,13.381620407104492
2000-08-30,13.503263473510742
2000-08-31,13.85301113128662
2000-09-01,13.624917984008787
2000-09-05,13.79218864440918
2000-09-06,13.898635864257812
2000-09-07,13.784581184387209
2000-09-08,14.096307754516602
2000-09-11,14.377629280090332
2000-09-12,14.354825973510742
2000-09-13,14.263585090637209
2000-09-14,14.210360527038574
2000-09-15,13.978774070739746
2000-09-18,13.51357650756836
2000-09-19,13.803367614746094
2000-09-20,13.605083465576172
2000-09-21,13.452569007873535
2000-09-22,13.71185302734375
2000-09-25,13.933013916015623
2000-09-26,13.841497421264648
2000-09-27,13.84911823272705
2000-09-28,14.199925422668455
2000-09-29,14.15417194366455
2000-10-02,14.35245132446289
2000-10-03,14.33720588684082
2000-10-04,14.15417194366455
2000-10-05,14.291449546813965
2000-10-06,13.696602821350098
2000-10-09,13.483065605163574
2000-10-10,13.094130516052246
2000-10-11,13.117012977600098
2000-10-12,12.354399681091309
2000-10-13,12.994998931884766
2000-10-16,13.10938549041748
2000-10-17,12.750954627990724
2000-10-18,12.606061935424805
2000-10-19,13.200901985168455
2000-10-20,13.25428295135498
2000-10-23,13.033125877380373
2000-10-24,13.361045837402344
2000-10-25,13.43731689453125
2000-10-26,13.002622604370115
2000-10-27,13.429688453674316
2000-10-30,13.917757034301758
2000-10-31,14.032156944274902
2000-11-01,13.97114372253418
2000-11-02,14.039782524108888
2000-11-03,14.001649856567385
2000-11-06,14.192309379577637
2000-11-07,14.146543502807615
2000-11-08,13.89488124847412
2000-11-09,13.994022369384766
2000-11-10,13.841497421264648
2000-11-13,13.51357650756836
2000-11-14,13.589831352233888
2000-11-15,13.483065605163574
2000-11-16,13.43731689453125
2000-11-17,13.330549240112305
2000-11-20,12.933989524841309
2000-11-21,12.964491844177246
2000-11-22,12.651822090148926
2000-11-24,12.743330955505373
2000-11-27,12.918736457824709
2000-11-28,13.056002616882324
2000-11-29,13.37630844116211
2000-11-30,13.315296173095703
2000-12-01,13.239033699035645
2000-12-04,13.178027153015137
2000-12-05,13.727109909057615
2000-12-06,13.666098594665527
2000-12-07,13.696602821350098
2000-12-08,14.093164443969728
2000-12-11,14.207554817199709
2000-12-12,14.039782524108888
2000-12-13,14.047404289245604
2000-12-14,13.643216133117676
2000-12-15,13.58651638031006
2000-12-18,13.984543800354004
2000-12-19,13.831456184387209
2000-12-20,13.70132827758789
2000-12-21,14.022815704345703
2000-12-22,14.137629508972168
2000-12-26,14.390225410461426
2000-12-27,14.482074737548828
2000-12-28,14.627511024475098
2000-12-29,14.451458930969238
2001-01-02,14.045777320861816
2001-01-03,14.803558349609377
2001-01-04,14.54331398010254
2001-01-05,14.237140655517578
2001-01-08,14.09170150756836
2001-01-09,13.854422569274902
2001-01-10,14.084052085876465
2001-01-11,14.114666938781738
2001-01-12,13.846758842468262
2001-01-16,14.09170150756836
2001-01-17,14.114666938781738
2001-01-18,13.907995223999023
2001-01-19,13.808493614196776
2001-01-22,14.053436279296877
2001-01-23,14.19121551513672
2001-01-24,14.275409698486328
2001-01-25,14.405534744262695
2001-01-26,14.459115982055664
2001-01-29,14.47105312347412
2001-01-30,14.598423957824709
2001-01-31,14.417170524597168
2001-02-01,14.436760902404783
2001-02-02,14.475955963134766
2001-02-05,14.573923110961914
2001-02-06,14.289802551269531
2001-02-07,14.255516052246094
2001-02-08,14.216318130493164
2001-02-09,14.275092124938965
2001-02-12,14.475955963134766
2001-02-13,14.39267635345459
2001-02-14,14.226123809814451
2001-02-15,14.226123809814451
2001-02-16,14.231012344360352
2001-02-20,13.706847190856934
2001-02-21,13.300246238708496
2001-02-22,13.393318176269531
2001-02-23,13.329636573791504
2001-02-26,13.623565673828123
2001-02-27,13.770530700683594
2001-02-28,13.447202682495115
2001-03-01,13.461899757385254
2001-03-02,13.481501579284668
2001-03-05,13.412909507751465
2001-03-06,13.452106475830078
2001-03-07,13.736239433288574
2001-03-08,13.790121078491213
2001-03-09,13.47170639038086
2001-03-12,12.8103609085083
2001-03-13,13.153281211853027
2001-03-14,12.545831680297852
2001-03-15,12.92303466796875
2001-03-16,12.75444793701172
2001-03-19,12.901898384094238
2001-03-20,12.543106079101562
2001-03-21,12.179391860961914
2001-03-22,11.864837646484377
2001-03-23,12.36616039276123
2001-03-26,12.562756538391112
2001-03-27,12.91664695739746
2001-03-28,12.847834587097168
2001-03-29,12.818340301513672
2001-03-30,13.044431686401367
2001-04-02,13.103419303894045
2001-04-03,12.661070823669434
2001-04-04,12.351412773132324
2001-04-05,12.80360221862793
2001-04-06,12.518534660339355
2001-04-09,12.513614654541016
2001-04-10,12.877323150634766
2001-04-11,12.985462188720703
2001-04-12,13.083749771118164
2001-04-16,12.990365982055664
2001-04-17,13.09849739074707
2001-04-18,13.648982048034668
2001-04-19,13.722698211669922
2001-04-20,13.486783027648926
2001-04-23,13.319672584533691
2001-04-24,13.250861167907717
2001-04-25,13.393403053283691
2001-04-26,13.44747543334961
2001-04-27,13.73745059967041
2001-04-30,13.516280174255373
2001-05-01,13.629324913024902
2001-05-02,13.73745059967041
2001-05-03,13.742361068725586
2001-05-04,13.909475326538086
2001-05-07,13.821003913879396
2001-05-08,13.678467750549316
2001-05-09,13.663722038269045
2001-05-10,13.668641090393066
2001-05-11,13.540854454040527
2001-05-14,13.65389919281006
2001-05-15,13.73745059967041
2001-05-16,14.10608196258545
2001-05-17,14.032349586486816
2001-05-18,13.953715324401855
2001-05-21,14.150314331054688
2001-05-22,14.292851448059082
2001-05-23,14.233868598937988
2001-05-24,14.287930488586426
2001-05-25,14.096256256103516
2001-05-29,14.10608196258545
2001-05-30,13.988114356994627
2001-05-31,14.11098575592041
2001-06-01,14.086408615112305
2001-06-04,14.199464797973633
2001-06-05,14.263357162475586
2001-06-06,14.155233383178713
2001-06-07,14.061845779418944
2001-06-08,13.978286743164062
2001-06-11,13.845584869384766
2001-06-12,13.88982105255127
2001-06-13,13.776768684387209
2001-06-14,13.535934448242188
2001-06-15,13.605491638183594
2001-06-18,13.640024185180664
2001-06-19,13.763360023498535
2001-06-20,13.837347030639648
2001-06-21,14.394789695739746
2001-06-22,14.207335472106934
2001-06-25,14.0938720703125
2001-06-26,13.916284561157228
2001-06-27,13.921215057373049
2001-06-28,14.10373878479004
2001-06-29,14.010004043579102
2001-07-02,14.18266487121582
2001-07-03,14.172802925109863
2001-07-05,14.08400535583496
2001-07-06,13.797887802124023
2001-07-09,13.842287063598633
2001-07-10,13.506834030151367
2001-07-11,13.482165336608888
2001-07-12,13.718958854675291
2001-07-13,13.881747245788574
2001-07-16,13.684417724609377
2001-07-17,13.965603828430176
2001-07-18,13.886680603027344
2001-07-19,13.792946815490724
2001-07-20,13.728816032409668
2001-07-23,13.654826164245604
2001-07-24,13.477232933044434
2001-07-25,13.580821990966797
2001-07-26,13.689359664916992
2001-07-27,13.768287658691406
2001-07-30,13.723891258239746
2001-07-31,13.876816749572754
2001-08-01,13.936005592346191
2001-08-02,13.916284561157228
2001-08-03,13.97548007965088
2001-08-06,13.773211479187012
2001-08-07,13.921215057373049
2001-08-08,13.640024185180664
2001-08-09,13.704160690307615
2001-08-10,13.714016914367676
2001-08-13,13.69922161102295
2001-08-14,13.704160690307615
2001-08-15,13.649885177612305
2001-08-16,13.610428810119627
2001-08-17,13.408166885375977
2001-08-20,13.541361808776855
2001-08-21,13.373634338378906
2001-08-22,13.432839393615724
2001-08-23,13.43777084350586
2001-08-24,13.472302436828612
2001-08-27,13.33910846710205
2001-08-28,13.12698745727539
2001-08-29,13.008581161499023
2001-08-30,12.919792175292969
2001-08-31,12.959259033203123
2001-09-04,12.904984474182127
2001-09-05,12.82606315612793
2001-09-06,12.530078887939451
2001-09-07,12.28342628479004
2001-09-10,12.308087348937988
2001-09-17,11.765451431274414
2001-09-18,11.617454528808594
2001-09-19,11.533597946166992
2001-09-20,11.025486946105955
2001-09-21,10.85155963897705
2001-09-24,11.416437149047852
2001-09-25,11.599766731262209
2001-09-26,11.713737487792969
2001-09-27,11.906984329223633
2001-09-28,12.2290620803833
2001-10-01,12.194382667541504
2001-10-02,12.362852096557615
2001-10-03,12.561054229736328
2001-10-04,12.461956024169922
2001-10-05,12.120049476623535
2001-10-08,11.847518920898438
2001-10-09,11.94662380218506
2001-10-10,12.134918212890623
2001-10-11,12.328163146972656
2001-10-12,12.134918212890623
2001-10-15,12.18942165374756
2001-10-16,12.387624740600586
2001-10-17,12.263751029968262
2001-10-18,12.248879432678224
2001-10-19,12.050684928894045
2001-10-22,12.34303092956543
2001-10-23,12.372756958007812
2001-10-24,12.328163146972656
2001-10-25,12.49167537689209
2001-10-26,12.635376930236816
2001-10-29,12.18942165374756
2001-10-30,12.164648056030272
2001-10-31,12.055635452270508
2001-11-01,12.253835678100586
2001-11-02,12.318249702453612
2001-11-05,12.58582878112793
2001-11-06,12.739432334899902
2001-11-07,12.788980484008787
2001-11-08,12.828627586364746
2001-11-09,12.744391441345217
2001-11-12,12.684930801391602
2001-11-13,13.02683162689209
2001-11-14,13.00204372406006
2001-11-15,12.92276668548584
2001-11-16,12.858352661132812
2001-11-19,13.120970726013184
2001-11-20,13.046646118164062
2001-11-21,12.9326753616333
2001-11-23,13.130885124206545
2001-11-26,13.200251579284668
2001-11-27,13.22998332977295
2001-11-28,12.83358097076416
2001-11-29,12.972314834594728
2001-11-30,12.838529586791992
2001-12-03,12.660148620605469
2001-12-04,12.83358097076416
2001-12-05,13.011957168579102
2001-12-06,13.180432319641112
2001-12-07,13.0912446975708
2001-12-10,12.883127212524414
2001-12-11,12.95745086669922
2001-12-12,12.90790557861328
2001-12-13,12.704747200012209
2001-12-14,12.635376930236816
2001-12-17,12.808807373046877
2001-12-18,12.927722930908203
2001-12-19,13.180432319641112
2001-12-20,13.125927925109863
2001-12-21,13.033854484558104
2001-12-24,13.02390480041504
2001-12-26,13.08362865447998
2001-12-27,13.073671340942385
2001-12-28,13.213014602661133
2001-12-31,13.088603019714355
2002-01-02,13.073671340942385
2002-01-03,13.163254737854004
2002-01-04,13.33743953704834
2002-01-07,13.302607536315918
2002-01-08,13.11846160888672
2002-01-09,13.188133239746094
2002-01-10,13.138362884521484
2002-01-11,13.063715934753418
2002-01-14,12.964191436767578
2002-01-15,13.247857093811035
2002-01-16,13.08362865447998
2002-01-17,13.208040237426758
2002-01-18,13.158270835876465
2002-01-22,13.11348819732666
2002-01-23,13.173209190368652
2002-01-24,13.188133239746094
2002-01-25,13.272734642028809
2002-01-28,13.138362884521484
2002-01-29,12.566051483154297
2002-01-30,12.72530746459961
2002-01-31,12.939302444458008
2002-02-01,12.780052185058594
2002-02-04,12.317220687866213
2002-02-05,12.317220687866213
2002-02-06,12.143038749694824
2002-02-07,12.257502555847168
2002-02-08,12.580984115600586
2002-02-11,12.690472602844238
2002-02-12,12.54613971710205
2002-02-13,12.79996109008789
2002-02-14,12.775065422058104
2002-02-15,12.576006889343262
2002-02-19,12.232620239257812
2002-02-20,12.461543083190918
2002-02-21,12.317220687866213
2002-02-22,12.242568016052246
2002-02-25,12.556095123291016
2002-02-26,12.54613971710205
2002-02-27,12.675540924072266
2002-02-28,12.71535587310791
2002-03-01,12.889533996582031
2002-03-04,13.32748317718506
2002-03-05,13.33743953704834
2002-03-06,13.561383247375488
2002-03-07,13.44194793701172
2002-03-08,13.501663208007812
2002-03-11,13.581291198730469
2002-03-12,13.586257934570312
2002-03-13,13.461849212646484
2002-03-14,13.496686935424805
2002-03-15,13.781302452087402
2002-03-18,13.751337051391602
2002-03-19,13.74634838104248
2002-03-20,13.531636238098145
2002-03-21,13.53663158416748
2002-03-22,13.531636238098145
2002-03-25,13.316926956176758
2002-03-26,13.481707572937012
2002-03-27,13.656474113464355
2002-03-28,13.556607246398926
2002-04-01,13.531636238098145
2002-04-02,13.58157444000244
2002-04-03,13.381848335266112
2002-04-04,13.501679420471191
2002-04-05,13.566591262817385
2002-04-08,13.606534957885742
2002-04-09,13.691428184509276
2002-04-10,13.741357803344728
2002-04-11,13.401815414428713
2002-04-12,13.57158374786377
2002-04-15,13.396815299987791
2002-04-16,13.671456336975098
2002-04-17,13.706398963928224
2002-04-18,13.706398963928224
2002-04-19,13.681435585021973
2002-04-22,13.496685028076172
2002-04-23,13.431777954101562
2002-04-24,13.346894264221191
2002-04-25,13.22205924987793
2002-04-26,13.172125816345217
2002-04-29,13.057279586791992
2002-04-30,13.212076187133787
2002-05-01,13.301953315734863
2002-05-02,13.431777954101562
2002-05-03,13.366864204406738
2002-05-06,13.057279586791992
2002-05-07,12.99736499786377
2002-05-08,13.381848335266112
2002-05-09,13.22205924987793
2002-05-10,13.05229663848877
2002-05-13,13.286967277526855
2002-05-14,13.491692543029783
2002-05-15,13.426787376403809
2002-05-16,13.586570739746094
2002-05-17,13.646490097045898
2002-05-20,13.411803245544434
2002-05-21,13.286967277526855
2002-05-22,13.31194019317627
2002-05-23,13.456744194030762
2002-05-24,13.366864204406738
2002-05-28,13.227057456970217
2002-05-29,13.22205924987793
2002-05-30,13.167136192321776
2002-05-31,13.172125816345217
2002-06-03,12.9124755859375
2002-06-04,12.82759952545166
2002-06-05,12.952425956726074
2002-06-06,12.67279815673828
2002-06-07,12.712742805480955
2002-06-10,12.7826566696167
2002-06-11,12.557957649230955
2002-06-12,12.627862930297852
2002-06-13,12.33326244354248
2002-06-14,12.448113441467283
2002-06-17,13.007354736328123
2002-06-18,13.032313346862791
2002-06-19,12.90749454498291
2002-06-20,12.64783763885498
2002-06-21,12.508411407470703
2002-06-24,12.543516159057615
2002-06-25,12.423154830932615
2002-06-26,12.18742561340332
2002-06-27,12.448226928710938
2002-06-28,12.608722686767578
2002-07-01,12.347920417785645
2002-07-02,12.177396774291992
2002-07-03,12.041977882385254
2002-07-05,12.503398895263672
2002-07-08,12.438197135925291
2002-07-09,12.112192153930664
2002-07-10,11.7260103225708
2002-07-11,11.886499404907228
2002-07-12,11.710969924926758
2002-07-15,11.710969924926758
2002-07-16,11.475239753723145
2002-07-17,11.405021667480469
2002-07-18,11.008808135986328
2002-07-19,10.773085594177246
2002-07-22,10.406954765319824
2002-07-23,9.815141677856444
2002-07-24,10.406954765319824
2002-07-25,10.331725120544434
2002-07-26,10.64770221710205
2002-07-29,11.359881401062012
2002-07-30,11.384963035583496
2002-07-31,11.560500144958496
2002-08-01,11.274624824523926
2002-08-02,10.98874568939209
2002-08-05,10.557418823242188
2002-08-06,10.90347957611084
2002-08-07,11.043911933898926
2002-08-08,11.620684623718262
2002-08-09,11.720988273620604
2002-08-12,11.590587615966797
2002-08-13,11.314749717712402
2002-08-14,11.766130447387695
2002-08-15,11.911579132080078
2002-08-16,11.826313018798828
2002-08-19,12.127240180969238
2002-08-20,11.9617338180542
2002-08-21,11.986807823181152
2002-08-22,12.127240180969238
2002-08-23,11.871455192565918
2002-08-26,12.046991348266602
2002-08-27,11.936659812927246
2002-08-28,11.741050720214844
2002-08-29,11.751086235046388
2002-08-30,11.776164054870604
2002-09-03,11.19939136505127
2002-09-04,11.410039901733398
2002-09-05,11.239517211914062
2002-09-06,11.410039901733398
2002-09-09,11.590587615966797
2002-09-10,11.520376205444336
2002-09-11,11.45517635345459
2002-09-12,11.134185791015623
2002-09-13,11.219451904296877
2002-09-16,11.194375991821287
2002-09-17,10.95362949371338
2002-09-18,10.863359451293944
2002-09-19,10.487208366394045
2002-09-20,10.437788963317873
2002-09-23,10.442835807800291
2002-09-24,10.241132736206056
2002-09-25,10.442835807800291
2002-09-26,10.745373725891112
2002-09-27,10.412574768066406
2002-09-30,10.422666549682615
2002-10-01,10.8663911819458
2002-10-02,10.43274211883545
2002-10-03,10.014225006103516
2002-10-04,9.736893653869627
2002-10-07,9.42930507659912
2002-10-08,9.792360305786133
2002-10-09,9.378884315490724
2002-10-10,9.873039245605469
2002-10-11,10.392404556274414
2002-10-14,10.468040466308594
2002-10-15,11.2193603515625
2002-10-16,11.01766872406006
2002-10-17,11.345417976379396
2002-10-18,11.335339546203612
2002-10-21,11.521906852722168
2002-10-22,11.416016578674316
2002-10-23,11.421056747436523
2002-10-24,11.214317321777344
2002-10-25,11.49669361114502
2002-10-28,11.46644115447998
2002-10-29,11.34038257598877
2002-10-30,11.46644115447998
2002-10-31,11.375680923461914
2002-11-01,11.537036895751951
2002-11-04,11.63283920288086
2002-11-05,11.673181533813477
2002-11-06,11.69838523864746
2002-11-07,11.274829864501951
2002-11-08,11.214317321777344
2002-11-11,11.093299865722656
2002-11-12,11.209278106689451
2002-11-13,11.15381145477295
2002-11-14,11.49165153503418
2002-11-15,11.597545623779297
2002-11-18,11.395851135253906
2002-11-19,11.400888442993164
2002-11-20,11.688304901123049
2002-11-21,11.965641975402832
2002-11-22,11.88496208190918
2002-11-25,11.86479663848877
2002-11-26,11.542076110839844
2002-11-27,11.900089263916016
2002-11-29,11.79924201965332
2002-12-02,11.79924201965332
2002-12-03,11.62779140472412
2002-12-04,11.62779140472412
2002-12-05,11.426100730895996
2002-12-06,11.516863822937012
2002-12-09,11.295001029968262
2002-12-10,11.46644115447998
2002-12-11,11.476520538330078
2002-12-12,11.426100730895996
2002-12-13,11.295001029968262
2002-12-16,11.617705345153809
2002-12-17,11.562240600585938
2002-12-18,11.345417976379396
2002-12-19,11.244572639465332
2002-12-20,11.48957633972168
2002-12-23,11.464218139648438
2002-12-24,11.36276626586914
2002-12-26,11.327261924743652
2002-12-27,11.119280815124512
2002-12-30,11.20044231414795
2002-12-31,11.15985870361328
2003-01-02,11.565672874450684
2003-01-03,11.55553150177002
2003-01-06,11.946126937866213
2003-01-07,11.814233779907228
2003-01-08,11.692489624023438
2003-01-09,11.925825119018556
2003-01-10,11.92076301574707
2003-01-13,11.95627212524414
2003-01-14,12.04757595062256
2003-01-15,11.870035171508787
2003-01-16,11.75336742401123
2003-01-17,11.717852592468262
2003-01-21,11.525094032287598
2003-01-22,11.342476844787598
2003-01-23,11.514948844909668
2003-01-24,11.073626518249512
2003-01-27,10.906225204467772
2003-01-28,11.063481330871582
2003-01-29,11.083769798278809
2003-01-30,10.804774284362791
2003-01-31,11.017823219299316
2003-02-03,11.043190002441406
2003-02-04,10.779407501220703
2003-02-05,10.677955627441406
2003-02-06,10.551143646240234
2003-02-07,10.480124473571776
2003-02-10,10.551143646240234
2003-02-11,10.404032707214355
2003-02-12,10.272146224975586
2003-02-13,10.348237991333008
2003-02-14,10.581573486328123
2003-02-18,10.748976707458496
2003-02-19,10.72360897064209
2003-02-20,10.62215805053711
2003-02-21,10.779407501220703
2003-02-24,10.495342254638672
2003-02-25,10.596792221069336
2003-02-26,10.475054740905762
2003-02-27,10.627227783203123
2003-02-28,10.677955627441406
2003-03-03,10.561285018920898
2003-03-04,10.40910816192627
2003-03-05,10.556215286254885
2003-03-06,10.40910816192627
2003-03-07,10.50041389465332
2003-03-10,10.119961738586426
2003-03-11,9.952567100524902
2003-03-12,9.967784881591797
2003-03-13,10.393888473510742
2003-03-14,10.439544677734377
2003-03-17,10.759119987487791
2003-03-18,10.81999397277832
2003-03-19,10.97724437713623
2003-03-20,10.992465019226074
2003-03-21,11.271188735961914
2003-03-24,10.878836631774902
2003-03-25,10.960365295410156
2003-03-26,10.909406661987305
2003-03-27,10.843164443969728
2003-03-28,10.832974433898926
2003-03-31,10.578202247619627
2003-04-01,10.858450889587402
2003-04-02,11.14380168914795
2003-04-03,11.09284496307373
2003-04-04,11.204944610595703
2003-04-07,11.245707511901855
2003-04-08,11.245707511901855
2003-04-09,11.087746620178224
2003-04-10,11.179466247558594
2003-04-11,11.174372673034668
2003-04-14,11.39857292175293
2003-04-15,11.592201232910156
2003-04-16,11.434245109558104
2003-04-17,11.63805866241455
2003-04-21,11.59730052947998
2003-04-22,11.95397663116455
2003-04-23,12.040602684020996
2003-04-24,11.790924072265623
2003-04-25,11.66354274749756
2003-04-28,11.867356300354004
2003-04-29,11.882644653320312
2003-04-30,11.908119201660156
2003-05-01,11.90302562713623
2003-05-02,12.091561317443848
2003-05-05,12.040602684020996
2003-05-06,12.132314682006836
2003-05-07,12.055885314941406
2003-05-08,11.918313026428224
2003-05-09,11.99473762512207
2003-05-12,12.132314682006836
2003-05-13,12.096650123596191
2003-05-14,12.091561317443848
2003-05-15,12.213839530944824
2003-05-16,12.24441909790039
2003-05-19,11.913214683532717
2003-05-20,11.92340850830078
2003-05-21,11.948885917663574
2003-05-22,11.984549522399902
2003-05-23,12.030410766601562
2003-05-27,12.249516487121582
2003-05-28,12.397286415100098
2003-05-29,12.264802932739258
2003-05-30,12.514479637145996
2003-06-02,12.626581192016602
2003-06-03,12.697920799255373
2003-06-04,12.881353378295898
2003-06-05,12.962879180908203
2003-06-06,12.952691078186035
2003-06-09,12.68263339996338
2003-06-10,12.789633750915527
2003-06-11,12.98326587677002
2003-06-12,12.957791328430176
2003-06-13,12.911930084228516
2003-06-16,13.227852821350098
2003-06-17,13.222745895385742
2003-06-18,13.095364570617676
2003-06-19,12.78454303741455
2003-06-20,12.823446273803713
2003-06-23,12.623798370361328
2003-06-24,12.695466995239258
2003-06-25,12.613558769226074
2003-06-26,12.721062660217283
2003-06-27,12.613558769226074
2003-06-30,12.567490577697754
2003-07-01,12.715943336486816
2003-07-02,12.874635696411133
2003-07-03,12.81320571899414
2003-07-07,13.033329963684082
2003-07-08,13.120357513427734
2003-07-09,13.09988021850586
2003-07-10,12.910467147827148
2003-07-11,13.089645385742188
2003-07-14,13.33536148071289
2003-07-15,13.26369285583496
2003-07-16,13.197148323059082
2003-07-17,12.977018356323242
2003-07-18,13.13571834564209
2003-07-21,12.98213005065918
2003-07-22,13.110115051269531
2003-07-23,13.069169044494627
2003-07-24,13.012853622436523
2003-07-25,13.320006370544434
2003-07-28,13.268807411193848
2003-07-29,13.125469207763672
2003-07-30,13.13059425354004
2003-07-31,13.115241050720217
2003-08-01,12.859277725219728
2003-08-04,12.874635696411133
2003-08-05,12.664751052856444
2003-08-06,12.838805198669434
2003-08-07,12.900228500366213
2003-08-08,12.96165657043457
2003-08-11,12.93606662750244
2003-08-12,13.089645385742188
2003-08-13,12.992375373840332
2003-08-14,13.115241050720217
2003-08-15,13.104994773864746
2003-08-18,13.120357513427734
2003-08-19,13.104994773864746
2003-08-20,13.074278831481934
2003-08-21,13.074278831481934
2003-08-22,12.823446273803713
2003-08-25,12.869518280029297
2003-08-26,12.89511013031006
2003-08-27,12.84392547607422
2003-08-28,12.900228500366213
2003-08-29,12.96165657043457
2003-09-02,13.192022323608398
2003-09-03,13.217621803283691
2003-09-04,13.16130828857422
2003-09-05,13.09988021850586
2003-09-08,13.22785758972168
2003-09-09,13.16130828857422
2003-09-10,12.946301460266112
2003-09-11,13.002617835998535
2003-09-12,13.02309226989746
2003-09-15,13.02309226989746
2003-09-16,13.176666259765623
2003-09-17,13.197148323059082
2003-09-18,13.514531135559082
2003-09-19,13.49342918395996
2003-09-22,13.297870635986328
2003-09-23,13.390508651733398
2003-09-24,13.158929824829102
2003-09-25,13.09717082977295
2003-09-26,13.025126457214355
2003-09-29,13.164068222045898
2003-09-30,13.076580047607422
2003-10-01,13.40594482421875
2003-10-02,13.431670188903809
2003-10-03,13.534601211547852
2003-10-06,13.59636116027832
2003-10-07,13.678695678710938
2003-10-08,13.658106803894045
2003-10-09,13.694130897521973
2003-10-10,13.694130897521973
2003-10-13,13.910272598266602
2003-10-14,13.992615699768066
2003-10-15,13.95659351348877
2003-10-16,13.97203540802002
2003-10-17,13.848511695861816
2003-10-20,13.853665351867676
2003-10-21,13.848511695861816
2003-10-22,13.65296459197998
2003-10-23,13.745597839355469
2003-10-24,13.730162620544434
2003-10-27,13.730162620544434
2003-10-28,13.905128479003906
2003-10-29,13.92571258544922
2003-10-30,13.94630241394043
2003-10-31,13.982321739196776
2003-11-03,14.131559371948242
2003-11-04,14.05951690673828
2003-11-05,14.028639793395996
2003-11-06,14.095541000366213
2003-11-07,13.94630241394043
2003-11-10,13.96174144744873
2003-11-11,13.91541862487793
2003-11-12,14.0234956741333
2003-11-13,13.977176666259766
2003-11-14,13.79705810546875
2003-11-17,13.761038780212402
2003-11-18,13.601491928100586
2003-11-19,13.704427719116213
2003-11-20,13.586063385009766
2003-11-21,13.663253784179688
2003-11-24,13.791912078857422
2003-11-25,13.869111061096191
2003-11-26,13.951449394226074
2003-11-28,13.930861473083496
2003-12-01,14.090394020080566
2003-12-02,14.049222946166992
2003-12-03,14.0234956741333
2003-12-04,14.05951690673828
2003-12-05,13.94630241394043
2003-12-08,14.074954986572266
2003-12-09,13.951449394226074
2003-12-10,13.87425136566162
2003-12-11,14.03378677368164
2003-12-12,14.074954986572266
2003-12-15,14.038930892944336
2003-12-16,14.162440299987791
2003-12-17,14.110973358154297
2003-12-18,14.234493255615234
2003-12-19,14.277973175048828
2003-12-22,14.35562229156494
2003-12-23,14.376330375671388
2003-12-24,14.376330375671388
2003-12-26,14.371164321899414
2003-12-29,14.567880630493164
2003-12-30,14.598942756652832
2003-12-31,14.562697410583496
2004-01-02,14.541998863220217
2004-01-05,14.66106414794922
2004-01-06,14.655882835388184
2004-01-07,14.666240692138672
2004-01-08,14.718019485473633
2004-01-09,14.666240692138672
2004-01-12,14.728365898132324
2004-01-13,14.655882835388184
2004-01-14,14.769786834716797
2004-01-15,14.894022941589355
2004-01-16,14.940619468688965
2004-01-20,14.919912338256836
2004-01-21,15.142520904541016
2004-01-22,15.142520904541016
2004-01-23,15.07005214691162
2004-01-26,15.277121543884276
2004-01-27,15.173579216003418
2004-01-28,14.90438461303711
2004-01-29,15.0286283493042
2004-01-30,15.038987159729004
2004-02-02,15.126989364624023
2004-02-03,15.142520904541016
2004-02-04,15.018271446228027
2004-02-05,15.013097763061523
2004-02-06,15.266769409179688
2004-02-09,15.204642295837402
2004-02-10,15.251235008239746
2004-02-11,15.484201431274414
2004-02-12,15.458313941955566
2004-02-13,15.427251815795898
2004-02-17,15.54114818572998
2004-02-18,15.458313941955566
2004-02-19,15.453131675720217
2004-02-20,15.411724090576172
2004-02-23,15.411724090576172
2004-02-24,15.349600791931152
2004-02-25,15.416898727416992
2004-02-26,15.432425498962402
2004-02-27,15.468667984008787
2004-03-01,15.57738208770752
2004-03-02,15.499727249145508
2004-03-03,15.592915534973145
2004-03-04,15.634333610534668
2004-03-05,15.768927574157717
2004-03-08,15.686092376708984
2004-03-09,15.582558631896973
2004-03-10,15.334071159362791
2004-03-11,15.085577964782717
2004-03-12,15.308187484741213
2004-03-15,15.085577964782717
2004-03-16,15.225348472595217
2004-03-17,15.4013671875
2004-03-18,15.40654754638672
2004-03-19,15.237013816833496
2004-03-22,15.03940200805664
2004-03-23,15.034202575683594
2004-03-24,14.919795989990234
2004-03-25,15.075807571411133
2004-03-26,15.065404891967772
2004-03-29,15.257814407348633
2004-03-30,15.361823081970217
2004-03-31,15.289015769958496
2004-04-01,15.450227737426758
2004-04-02,15.39301872253418
2004-04-05,15.434622764587402
2004-04-06,15.424227714538574
2004-04-07,15.38262939453125
2004-04-08,15.356623649597168
2004-04-12,15.450227737426758
2004-04-13,15.12260627746582
2004-04-14,14.940593719482422
2004-04-15,14.85218906402588
2004-04-16,15.01339340209961
2004-04-19,14.987396240234377
2004-04-20,14.711777687072754
2004-04-21,14.706576347351074
2004-04-22,14.961389541625977
2004-04-23,14.88339138031006
2004-04-26,14.85218906402588
2004-04-27,14.888596534729004
2004-04-28,14.675373077392578
2004-04-29,14.628564834594728
2004-04-30,14.623376846313477
2004-05-03,14.72217082977295
2004-05-04,14.768980979919434
2004-05-05,14.75338363647461
2004-05-06,14.592168807983398
2004-05-07,14.280145645141602
2004-05-10,14.160541534423828
2004-05-11,14.233345985412598
2004-05-12,14.39455223083496
2004-05-13,14.42055320739746
2004-05-14,14.430959701538086
2004-05-17,14.24374771118164
2004-05-18,14.35815715789795
2004-05-19,14.368555068969728
2004-05-20,14.42055320739746
2004-05-21,14.508957862854004
2004-05-24,14.529763221740724
2004-05-25,14.737781524658203
2004-05-26,14.826191902160645
2004-05-27,14.862586975097656
2004-05-28,14.872990608215332
2004-06-01,14.815781593322754
2004-06-02,14.888596534729004
2004-06-03,14.768980979919434
2004-06-04,14.893792152404783
2004-06-07,15.107008934020996
2004-06-08,15.086201667785645
2004-06-09,14.930195808410645
2004-06-10,15.003002166748049
2004-06-14,14.794983863830566
2004-06-15,14.85218906402588
2004-06-16,14.87818717956543
2004-06-17,14.888596534729004
2004-06-18,14.9074068069458
2004-06-21,14.860363960266112
2004-06-22,14.93354320526123
2004-06-23,14.970132827758787
2004-06-24,15.001486778259276
2004-06-25,14.949224472045898
2004-06-28,14.93876838684082
2004-06-29,14.876047134399414
2004-06-30,14.93876838684082
2004-07-01,14.834236145019531
2004-07-02,14.876047134399414
2004-07-06,14.771509170532228
2004-07-07,14.740142822265623
2004-07-08,14.630380630493164
2004-07-09,14.630380630493164
2004-07-12,14.698326110839844
2004-07-13,14.71400547027588
2004-07-14,14.646052360534668
2004-07-15,14.510153770446776
2004-07-16,14.515378952026367
2004-07-19,14.536284446716309
2004-07-20,14.609463691711426
2004-07-21,14.463111877441406
2004-07-22,14.47879409790039
2004-07-23,14.405610084533691
2004-07-26,14.410840034484863
2004-07-27,14.531061172485352
2004-07-28,14.578105926513672
2004-07-29,14.640832901000977
2004-07-30,14.61992359161377
2004-08-02,14.708779335021973
2004-08-03,14.61992359161377
2004-08-04,14.656511306762695
2004-08-05,14.416070938110352
2004-08-06,14.290620803833008
2004-08-09,14.274931907653809
2004-08-10,14.473565101623535
2004-08-11,14.515378952026367
2004-08-12,14.363801956176758
2004-08-13,14.379474639892578
2004-08-16,14.599010467529297
2004-08-17,14.682647705078123
2004-08-18,14.860363960266112
2004-08-19,14.797636985778809
2004-08-20,14.949224472045898
2004-08-23,14.896949768066406
2004-08-24,14.923089981079102
2004-08-25,15.053762435913086
2004-08-26,15.090350151062012
2004-08-27,15.106035232543944
2004-08-30,15.017172813415527
2004-08-31,15.095582962036133
2004-09-01,15.038084983825684
2004-09-02,15.205345153808594
2004-09-03,15.20012378692627
2004-09-07,15.383064270019531
2004-09-08,15.26806926727295
2004-09-09,15.252392768859863
2004-09-10,15.325565338134766
2004-09-13,15.283757209777832
2004-09-14,15.304654121398926
2004-09-15,15.24716567993164
2004-09-16,15.325565338134766
2004-09-17,15.361302375793455
2004-09-20,15.203639030456545
2004-09-21,15.329773902893066
2004-09-22,15.051239013671877
2004-09-23,14.898831367492676
2004-09-24,14.956645965576172
2004-09-27,14.883066177368164
2004-09-28,14.940876007080078
2004-09-29,14.993432998657228
2004-09-30,14.956645965576172
2004-10-01,15.208903312683104
2004-10-04,15.229925155639648
2004-10-05,15.145831108093262
2004-10-06,15.256197929382324
2004-10-07,15.214151382446287
2004-10-08,15.161603927612305
2004-10-11,15.203639030456545
2004-10-12,15.193137168884276
2004-10-13,15.093281745910645
2004-10-14,14.72541046142578
2004-10-15,14.746427536010742
2004-10-18,14.809500694274902
2004-10-19,14.562496185302734
2004-10-20,14.48891544342041
2004-10-21,14.478405952453612
2004-10-22,14.399580955505373
2004-10-25,14.394323348999023
2004-10-26,14.714895248413086
2004-10-27,14.935629844665527
2004-10-28,15.014455795288086
2004-10-29,15.035470962524414
2004-11-01,15.082770347595217
2004-11-02,15.145831108093262
2004-11-03,15.235183715820312
2004-11-04,15.49268627166748
2004-11-05,15.461151123046877
2004-11-08,15.440138816833496
2004-11-09,15.42436408996582
2004-11-10,15.466407775878906
2004-11-11,15.61355686187744
2004-11-12,15.676620483398438
2004-11-15,15.723920822143556
2004-11-16,15.592541694641112
2004-11-17,15.62932586669922
2004-11-18,15.592541694641112
2004-11-19,15.392844200134276
2004-11-22,15.482179641723633
2004-11-23,15.51896858215332
2004-11-24,15.582023620605469
2004-11-26,15.592541694641112
2004-11-29,15.51896858215332
2004-11-30,15.503192901611328
2004-12-01,15.80799961090088
2004-12-02,15.78172779083252
2004-12-03,15.776476860046388
2004-12-06,15.765958786010742
2004-12-07,15.634583473205566
2004-12-08,15.676620483398438
2004-12-09,15.760708808898926
2004-12-10,15.786980628967283
2004-12-13,15.892086029052734
2004-12-14,15.944649696350098
2004-12-15,16.028722763061523
2004-12-16,15.918368339538574
2004-12-17,15.869185447692873
2004-12-20,15.84274959564209
2004-12-21,16.048982620239258
2004-12-22,16.13886833190918
2004-12-23,16.170608520507812
2004-12-27,16.085996627807617
2004-12-28,16.16002655029297
2004-12-29,16.123008728027344
2004-12-30,16.144163131713867
2004-12-31,16.144163131713867
2005-01-03,16.085996627807617
2005-01-04,15.93264102935791
2005-01-05,15.906197547912598
2005-01-06,15.98552131652832
2005-01-07,15.900924682617188
2005-01-10,15.916772842407228
2005-01-11,15.848036766052246
2005-01-12,15.82688331604004
2005-01-13,15.673534393310549
2005-01-14,15.726420402526855
2005-01-18,15.974947929382324
2005-01-19,15.816308975219728
2005-01-20,15.699974060058594
2005-01-21,15.620660781860352
2005-01-24,15.625937461853027
2005-01-25,15.636519432067873
2005-01-26,15.710541725158691
2005-01-27,15.63123893737793
2005-01-28,15.610082626342772
2005-01-31,15.795158386230469
2005-02-01,15.96436882019043
2005-02-02,15.96436882019043
2005-02-03,15.890342712402344
2005-02-04,16.08070945739746
2005-02-07,16.096561431884766
2005-02-08,16.033111572265625
2005-02-09,15.99081325531006
2005-02-10,16.038410186767578
2005-02-11,16.165311813354492
2005-02-14,16.13886833190918
2005-02-15,16.175888061523438
2005-02-16,16.064842224121094
2005-02-17,15.922067642211914
2005-02-18,15.752857208251951
2005-02-22,15.520188331604004
2005-02-23,15.66296100616455
2005-02-24,15.684111595153809
2005-02-25,15.84274959564209
2005-02-28,15.689401626586914
2005-03-01,15.84274959564209
2005-03-02,15.795158386230469
2005-03-03,15.768718719482422
2005-03-04,15.969658851623535
2005-03-07,15.969658851623535
2005-03-08,15.943227767944336
2005-03-09,15.747563362121582
2005-03-10,15.8374605178833
2005-03-11,15.699974060058594
2005-03-14,15.784579277038574
2005-03-15,15.678825378417969
2005-03-16,15.520188331604004
2005-03-17,15.477875709533691
2005-03-18,15.400801658630373
2005-03-21,15.262577056884766
2005-03-22,14.980823516845703
2005-03-23,15.012718200683594
2005-03-24,14.9382905960083
2005-03-28,15.044617652893066
2005-03-29,14.99145221710205
2005-03-30,15.177518844604492
2005-03-31,15.0924711227417
2005-04-01,14.885133743286133
2005-04-04,14.99145221710205
2005-04-05,15.03398323059082
2005-04-06,15.13498878479004
2005-04-07,15.19346809387207
2005-04-08,15.055241584777832
2005-04-11,15.087146759033203
2005-04-12,15.294476509094238
2005-04-13,15.071199417114258
2005-04-14,14.901077270507812
2005-04-15,14.741597175598145
2005-04-18,14.863863945007324
2005-04-19,14.885133743286133
2005-04-20,14.699070930480955
2005-04-21,14.78411865234375
2005-04-22,14.746917724609377
2005-04-25,14.932979583740234
2005-04-26,14.84791660308838
2005-04-27,15.055241584777832
2005-04-28,14.89045238494873
2005-04-29,15.11905002593994
2005-05-02,15.15625286102295
2005-05-03,15.172198295593262
2005-05-04,15.464590072631836
2005-05-05,15.395475387573242
2005-05-06,15.28383445739746
2005-05-09,15.416743278503418
2005-05-10,15.214739799499512
2005-05-11,15.28383445739746
2005-05-12,15.140314102172852
2005-05-13,15.007397651672363
2005-05-16,15.273208618164062
2005-05-17,15.368905067443848
2005-05-18,15.549650192260742
2005-05-19,15.56558895111084
2005-05-20,15.549650192260742
2005-05-23,15.570917129516602
2005-05-24,15.517756462097168
2005-05-25,15.464590072631836
2005-05-26,15.56558895111084
2005-05-27,15.592183113098145
2005-05-31,15.56558895111084
2005-06-01,15.68786334991455
2005-06-02,15.645329475402832
2005-06-03,15.56558895111084
2005-06-06,15.60280990600586
2005-06-07,15.592183113098145
2005-06-08,15.60280990600586
2005-06-09,15.65065097808838
2005-06-10,15.60280990600586
2005-06-13,15.60280990600586
2005-06-14,15.645329475402832
2005-06-15,15.682550430297852
2005-06-16,15.762290954589844
2005-06-17,15.845182418823242
2005-06-20,15.807745933532717
2005-06-21,15.866575241088867
2005-06-22,15.845182418823242
2005-06-23,15.700798034667969
2005-06-24,15.674046516418455
2005-06-27,15.668707847595217
2005-06-28,15.786355018615724
2005-06-29,15.861227989196776
2005-06-30,15.75961685180664
2005-07-01,15.77565860748291
2005-07-05,15.904006958007812
2005-07-06,15.786355018615724
2005-07-07,15.818443298339844
2005-07-08,15.97887134552002
2005-07-11,16.048389434814453
2005-07-12,16.048389434814453
2005-07-13,16.11791229248047
2005-07-14,16.198123931884766
2005-07-15,16.240907669067383
2005-07-18,16.069787979125977
2005-07-19,16.064441680908203
2005-07-20,16.12326431274414
2005-07-21,16.03769302368164
2005-07-22,16.12326431274414
2005-07-25,16.059083938598633
2005-07-26,16.080480575561523
2005-07-27,16.101869583129883
2005-07-28,16.14999008178711
2005-07-29,16.005613327026367
2005-08-01,16.005613327026367
2005-08-02,16.12326431274414
2005-08-03,16.14464569091797
2005-08-04,16.0323429107666
2005-08-05,15.850523948669434
2005-08-08,15.786355018615724
2005-08-09,15.887959480285645
2005-08-10,15.87191677093506
2005-08-11,15.930753707885742
2005-08-12,15.887959480285645
2005-08-15,15.962836265563965
2005-08-16,15.855880737304688
2005-08-17,15.893308639526367
2005-08-18,15.882620811462402
2005-08-19,15.909351348876951
2005-08-22,15.952144622802734
2005-08-23,15.850523948669434
2005-08-24,15.668707847595217
2005-08-25,15.74892520904541
2005-08-26,15.58314609527588
2005-08-29,15.706148147583008
2005-08-30,15.567105293273926
2005-08-31,15.743572235107422
2005-09-01,15.781011581420898
2005-09-02,15.77031135559082
2005-09-06,15.962836265563965
2005-09-07,15.925397872924805
2005-09-08,15.83449935913086
2005-09-09,15.973528861999512
2005-09-12,16.02165412902832
2005-09-13,15.887959480285645
2005-09-14,15.87191677093506
2005-09-15,15.882620811462402
2005-09-16,16.109600067138672
2005-09-19,15.964374542236328
2005-09-20,15.878310203552246
2005-09-21,15.614747047424316
2005-09-22,15.733083724975586
2005-09-23,15.78687858581543
2005-09-26,15.700814247131348
2005-09-27,15.754596710205078
2005-09-28,15.625500679016112
2005-09-29,15.915960311889648
2005-09-30,15.878310203552246
2005-10-03,15.84066390991211
2005-10-04,15.64164924621582
2005-10-05,15.577093124389648
2005-10-06,15.620125770568848
2005-10-07,15.673921585083008
2005-10-10,15.507166862487791
2005-10-11,15.458760261535645
2005-10-12,15.388832092285156
2005-10-13,15.464138984680176
2005-10-14,15.636265754699709
2005-10-17,15.65240478515625
2005-10-18,15.528688430786133
2005-10-19,15.84066390991211
2005-10-20,15.700814247131348
2005-10-21,15.79225254058838
2005-10-24,16.104217529296875
2005-10-25,16.012788772583008
2005-10-26,16.120357513427734
2005-10-27,16.02891731262207
2005-10-28,16.303239822387695
2005-10-31,16.362401962280273
2005-11-01,16.303239822387695
2005-11-02,16.437713623046875
2005-11-03,16.448471069335938
2005-11-04,16.475358963012695
2005-11-07,16.615209579467773
2005-11-08,16.56679916381836
2005-11-09,16.609830856323242
2005-11-10,16.943315505981445
2005-11-11,17.00248908996582
2005-11-14,17.01324462890625
2005-11-15,16.85725212097168
2005-11-16,16.76581573486328
2005-11-17,16.9648380279541
2005-11-18,17.05089569091797
2005-11-21,17.131582260131836
2005-11-22,17.282188415527344
2005-11-23,17.416656494140625
2005-11-25,17.45430564880371
2005-11-28,17.373620986938477
2005-11-29,17.36287498474121
2005-11-30,17.142337799072266
2005-12-01,17.23377799987793
2005-12-02,17.271427154541016
2005-12-05,17.239154815673828
2005-12-06,17.185373306274414
2005-12-07,17.045513153076172
2005-12-08,17.034765243530273
2005-12-09,17.158470153808594
2005-12-12,17.083168029785156
2005-12-13,17.30370330810547
2005-12-14,17.368255615234375
2005-12-15,17.271427154541016
2005-12-16,17.313657760620117
2005-12-19,17.162073135375977
2005-12-20,17.23785972595215
2005-12-21,17.286588668823242
2005-12-22,17.40569305419922
2005-12-23,17.427349090576172
2005-12-27,17.2919979095459
2005-12-28,17.25409698486328
2005-12-29,17.23785972595215
2005-12-30,17.14582633972168
2006-01-03,17.432762145996094
2006-01-04,17.416515350341797
2006-01-05,17.476076126098633
2006-01-06,17.578935623168945
2006-01-09,17.627662658691406
2006-01-10,17.643903732299805
2006-01-11,17.741363525390625
2006-01-12,17.616830825805664
2006-01-13,17.606014251708984
2006-01-17,17.42193031311035
2006-01-18,17.373210906982422
2006-01-19,17.319072723388672
2006-01-20,16.95634651184082
2006-01-23,16.999649047851562
2006-01-24,17.07545280456543
2006-01-25,17.107929229736328
2006-01-26,17.400279998779297
2006-01-27,17.416515350341797
2006-01-30,17.362375259399414
2006-01-31,17.297422409057617
2006-02-01,17.286588668823242
2006-02-02,17.167476654052734
2006-02-03,17.09709358215332
2006-02-06,17.14582633972168
2006-02-07,17.032135009765625
2006-02-08,17.140413284301758
2006-02-09,17.1837215423584
2006-02-10,17.28117561340332
2006-02-13,17.216211318969727
2006-02-14,17.42193031311035
2006-02-15,17.524797439575195
2006-02-16,17.627662658691406
2006-02-17,17.557281494140625
2006-02-21,17.50313949584961
2006-02-22,17.833389282226562
2006-02-23,17.7684268951416
2006-02-24,17.80632972717285
2006-02-27,17.83881378173828
2006-02-28,17.66556167602539
2006-03-01,17.757600784301758
2006-03-02,17.649314880371094
2006-03-03,17.606014251708984
2006-03-06,17.551868438720703
2006-03-07,17.611417770385742
2006-03-08,17.622251510620117
2006-03-09,17.51396369934082
2006-03-10,17.670982360839844
2006-03-13,17.67638397216797
2006-03-14,17.882110595703125
2006-03-15,17.903776168823242
2006-03-16,17.963319778442383
2006-03-17,18.016122817993164
2006-03-20,18.027013778686523
2006-03-21,17.847387313842773
2006-03-22,17.988910675048828
2006-03-23,17.90182113647461
2006-03-24,17.896371841430664
2006-03-27,17.88549041748047
2006-03-28,17.738529205322266
2006-03-29,17.820171356201172
2006-03-30,17.711315155029297
2006-03-31,17.71676254272461
2006-04-03,17.743976593017578
2006-04-04,17.93448257446289
2006-04-05,17.967134475708008
2006-04-06,17.90182113647461
2006-04-07,17.73309326171875
2006-04-10,17.765748977661133
2006-04-11,17.613346099853516
2006-04-12,17.65144157409668
2006-04-13,17.67865562438965
2006-04-17,17.66233253479004
2006-04-18,17.988910675048828
2006-04-19,18.010683059692383
2006-04-20,18.04878044128418
2006-04-21,18.027013778686523
2006-04-24,18.032453536987305
2006-04-25,17.9235897064209
2006-04-26,18.027013778686523
2006-04-27,18.310039520263672
2006-04-28,18.484209060668945
2006-05-01,18.19573974609375
2006-05-02,18.310039520263672
2006-05-03,18.2937126159668
2006-05-04,18.3318099975586
2006-05-05,18.593080520629883
2006-05-08,18.51688003540039
2006-05-09,18.549530029296875
2006-05-10,18.560413360595703
2006-05-11,18.25561714172364
2006-05-12,18.0705509185791
2006-05-15,18.19573974609375
2006-05-16,18.17396354675293
2006-05-17,17.809289932250977
2006-05-18,17.65144157409668
2006-05-19,17.743976593017578
2006-05-22,17.700437545776367
2006-05-23,17.613346099853516
2006-05-24,17.624223709106445
2006-05-25,17.782079696655273
2006-05-26,17.929033279418945
2006-05-30,17.66233253479004
2006-05-31,17.787519454956055
2006-06-01,17.994356155395508
2006-06-02,18.097766876220703
2006-06-05,17.803844451904297
2006-06-06,17.760303497314453
2006-06-07,17.820171356201172
2006-06-08,17.85283660888672
2006-06-09,17.792959213256836
2006-06-12,17.597017288208008
2006-06-13,17.254108428955078
2006-06-14,17.15070152282715
2006-06-15,17.531696319580078
2006-06-16,17.420564651489258
2006-06-19,17.300119400024414
2006-06-20,17.349393844604492
2006-06-21,17.49173927307129
2006-06-22,17.426036834716797
2006-06-23,17.311077117919922
2006-06-26,17.464357376098633
2006-06-27,17.29465103149414
2006-06-28,17.387710571289062
2006-06-29,17.754518508911133
2006-06-30,17.70525360107422
2006-07-03,17.913286209106445
2006-07-05,17.743572235107422
2006-07-06,17.798315048217773
2006-07-07,17.71072006225586
2006-07-10,17.831165313720703
2006-07-11,17.836647033691406
2006-07-12,17.661449432373047
2006-07-13,17.38223648071289
2006-07-14,17.311077117919922
2006-07-17,17.343931198120117
2006-07-18,17.38223648071289
2006-07-19,17.842113494873047
2006-07-20,17.77094078063965
2006-07-21,17.672405242919922
2006-07-24,17.9023380279541
2006-07-25,17.946144104003906
2006-07-26,17.92423439025879
2006-07-27,17.820220947265625
2006-07-28,18.13775634765625
2006-07-31,18.11038589477539
2006-08-01,18.05563163757324
2006-08-02,18.088483810424805
2006-08-03,18.165128707885746
2006-08-04,18.20344924926757
2006-08-07,18.165128707885746
2006-08-08,18.033729553222656
2006-08-09,17.820220947265625
2006-08-10,17.907812118530273
2006-08-11,17.85306739807129
2006-08-14,17.874967575073242
2006-08-15,18.176074981689453
2006-08-16,18.27461624145508
2006-08-17,18.33485221862793
2006-08-18,18.36222267150879
2006-08-21,18.29104423522949
2006-08-22,18.28557777404785
2006-08-23,18.230823516845703
2006-08-24,18.29104423522949
2006-08-25,18.19250869750977
2006-08-28,18.323888778686523
2006-08-29,18.247243881225582
2006-08-30,18.30199432373047
2006-08-31,18.323888778686523
2006-09-01,18.35126495361328
2006-09-05,18.416961669921875
2006-09-06,18.35674095153809
2006-09-07,18.214399337768555
2006-09-08,18.318416595458984
2006-09-11,18.329370498657227
2006-09-12,18.564786911010746
2006-09-13,18.70165634155273
2006-09-14,18.74543571472168
2006-09-15,18.802717208862305
2006-09-18,18.78068923950196
2006-09-19,18.813718795776367
2006-09-20,18.940349578857425
2006-09-21,18.80821990966797
2006-09-22,18.84125518798828
2006-09-25,19.03395271301269
2006-09-26,19.13858222961425
2006-09-27,19.05047416687012
2006-09-28,19.11654281616211
2006-09-29,19.061479568481445
2006-10-02,19.01743698120117
2006-10-03,19.20464134216309
2006-10-04,19.43589210510254
2006-10-05,19.42487525939941
2006-10-06,19.358810424804688
2006-10-09,19.41385841369629
2006-10-10,19.41385841369629
2006-10-11,19.36430931091309
2006-10-12,19.468923568725582
2006-10-13,19.54049301147461
2006-10-16,19.43589210510254
2006-10-17,19.43589210510254
2006-10-18,19.49094581604004
2006-10-19,19.36430931091309
2006-10-20,19.3422908782959
2006-10-23,19.468923568725582
2006-10-24,19.46342086791992
2006-10-25,19.54600143432617
2006-10-26,19.683666229248047
2006-10-27,19.53499412536621
2006-10-30,19.54049301147461
2006-10-31,19.507471084594727
2006-11-01,19.38633346557617
2006-11-02,19.331275939941406
2006-11-03,19.331275939941406
2006-11-06,19.557024002075195
2006-11-07,19.60107040405273
2006-11-08,19.683666229248047
2006-11-09,19.55151557922364
2006-11-10,19.711179733276367
2006-11-13,19.68916702270508
2006-11-14,19.804780960083008
2006-11-15,19.77724838256836
2006-11-16,19.9699649810791
2006-11-17,19.821304321289062
2006-11-20,19.94794654846192
2006-11-21,19.91490364074707
2006-11-22,19.93692779541016
2006-11-24,19.837825775146484
2006-11-27,19.529491424560547
2006-11-28,19.56252098083496
2006-11-29,19.683666229248047
2006-11-30,19.645112991333008
2006-12-01,19.529491424560547
2006-12-04,19.804780960083008
2006-12-05,19.89839553833008
2006-12-06,19.925914764404297
2006-12-07,19.87635803222656
2006-12-08,19.93692779541016
2006-12-11,20.04704093933105
2006-12-12,20.06356239318848
2006-12-13,20.08558654785156
2006-12-14,20.25626564025879
2006-12-15,20.30676651000977
2006-12-18,20.40662956237793
2006-12-19,20.38998031616211
2006-12-20,20.456562042236328
2006-12-21,20.36780166625977
2006-12-22,20.26792526245117
2006-12-26,20.451021194458008
2006-12-27,20.59527587890625
2006-12-28,20.500957489013672
2006-12-29,20.384441375732425
2007-01-03,20.484304428100582
2007-01-04,20.4177303314209
2007-01-05,20.25682640075684
2007-01-08,20.345598220825195
2007-01-09,20.31231117248535
2007-01-10,20.378883361816406
2007-01-11,20.506500244140625
2007-01-12,20.528696060180664
2007-01-16,20.58418273925781
2007-01-17,20.528696060180664
2007-01-18,20.445470809936523
2007-01-19,20.506500244140625
2007-01-22,20.48984909057617
2007-01-23,20.478757858276367
2007-01-24,20.68959617614746
2007-01-25,20.38998031616211
2007-01-26,20.42881774902344
2007-01-29,20.328956604003903
2007-01-30,20.40662956237793
2007-01-31,20.57308006286621
2007-02-01,20.706239700317383
2007-02-02,20.745080947875977
2007-02-05,20.73951911926269
2007-02-06,20.833852767944336
2007-02-07,20.911523818969727
2007-02-08,20.84494972229004
2007-02-09,20.623018264770508
2007-02-12,20.57308006286621
2007-02-13,20.722881317138672
2007-02-14,20.92262458801269
2007-02-15,20.95591735839844
2007-02-16,20.95037078857422
2007-02-20,21.06133460998535
2007-02-21,20.97256088256836
2007-02-22,20.88932609558105
2007-02-23,20.69515037536621
2007-02-26,20.54533576965332
2007-02-27,19.585485458374023
2007-02-28,19.94612503051757
2007-03-01,19.92393112182617
2007-03-02,19.696441650390625
2007-03-05,19.38573837280273
2007-03-06,19.790760040283203
2007-03-07,19.674257278442383
2007-03-08,19.85180282592773
2007-03-09,19.901735305786133
2007-03-12,19.901735305786133
2007-03-13,19.30807304382324
2007-03-14,19.35245513916016
2007-03-15,19.585485458374023
2007-03-16,19.511934280395508
2007-03-19,19.64008903503418
2007-03-20,19.81838607788086
2007-03-21,20.26968574523925
2007-03-22,20.14709854125977
2007-03-23,20.169395446777344
2007-03-26,20.06909942626953
2007-03-27,19.946521759033203
2007-03-28,19.6958065032959
2007-03-29,19.79608917236328
2007-03-30,19.851804733276367
2007-04-02,19.66794204711914
2007-04-03,19.91309928894043
2007-04-04,19.91309928894043
2007-04-05,19.924240112304688
2007-04-09,19.918672561645508
2007-04-10,20.0078182220459
2007-04-11,19.84066200256348
2007-04-12,19.80722999572754
2007-04-13,19.89081573486328
2007-04-16,20.375534057617188
2007-04-17,20.369972229003903
2007-04-18,20.603981018066406
2007-04-19,20.57612037658692
2007-04-20,20.68199157714844
2007-04-23,20.626270294189453
2007-04-24,20.56498146057129
2007-04-25,20.84355926513672
2007-04-26,20.810131072998047
2007-04-27,20.78227996826172
2007-04-30,20.62069129943848
2007-05-01,20.65970230102539
2007-05-02,20.74884033203125
2007-05-03,20.94384956359864
2007-05-04,21.016286849975582
2007-05-07,21.044145584106445
2007-05-08,20.99956512451172
2007-05-09,21.11100196838379
2007-05-10,20.810131072998047
2007-05-11,21.03299903869629
2007-05-14,20.93270874023437
2007-05-15,20.88255882263184
2007-05-16,21.12215042114257
2007-05-17,21.016286849975582
2007-05-18,21.071998596191406
2007-05-21,21.094284057617188
2007-05-22,21.11100196838379
2007-05-23,21.094284057617188
2007-05-24,20.90485000610352
2007-05-25,20.94384956359864
2007-05-29,21.03299903869629
2007-05-30,21.177854537963867
2007-05-31,21.11656951904297
2007-06-01,21.18343162536621
2007-06-04,21.15557098388672
2007-06-05,21.027427673339844
2007-06-06,20.84913825988769
2007-06-07,20.49811553955078
2007-06-08,20.737701416015625
2007-06-11,20.832426071166992
2007-06-12,20.54826736450196
2007-06-13,20.938278198242188
2007-06-14,20.90485000610352
2007-06-15,20.979923248291016
2007-06-18,20.97431755065918
2007-06-19,21.063947677612305
2007-06-20,20.6942081451416
2007-06-21,20.72782516479492
2007-06-22,20.46452713012696
2007-06-25,20.30205535888672
2007-06-26,20.11158943176269
2007-06-27,20.41410255432129
2007-06-28,20.3804931640625
2007-06-29,20.268442153930664
2007-07-02,20.442110061645508
2007-07-03,20.621383666992188
2007-07-05,20.44770812988281
2007-07-06,20.548553466796875
2007-07-09,20.46452713012696
2007-07-10,20.03315734863281
2007-07-11,20.100385665893555
2007-07-12,20.47012519836425
2007-07-13,20.548553466796875
2007-07-16,20.47572898864746
2007-07-17,20.54295539855957
2007-07-18,20.279653549194336
2007-07-19,20.21242904663086
2007-07-20,19.8594970703125
2007-07-23,19.848291397094727
2007-07-24,19.34970664978028
2007-07-25,19.4393367767334
2007-07-26,18.97996711730957
2007-07-27,18.68305969238281
2007-07-30,19.03597640991211
2007-07-31,18.430952072143555
2007-08-01,18.638229370117188
2007-08-02,18.76148796081543
2007-08-03,17.960384368896484
2007-08-06,18.879121780395508
2007-08-07,19.01357078552246
2007-08-08,19.467348098754883
2007-08-09,18.76708221435547
2007-08-10,18.68305969238281
2007-08-13,18.51498794555664
2007-08-14,18.1900577545166
2007-08-15,18.027603149414062
2007-08-16,18.57099723815918
2007-08-17,19.327287673950195
2007-08-20,19.069595336914062
2007-08-21,19.20405387878418
2007-08-22,19.25446319580078
2007-08-23,19.282474517822266
2007-08-24,19.34970664978028
2007-08-27,19.1256160736084
2007-08-28,18.554208755493164
2007-08-29,18.77829360961914
2007-08-30,18.660642623901367
2007-08-31,18.907135009765625
2007-09-04,19.05278968811035
2007-09-05,18.82309913635254
2007-09-06,18.68305969238281
2007-09-07,18.49258041381836
2007-09-10,18.430952072143555
2007-09-11,18.62142562866211
2007-09-12,18.660642623901367
2007-09-13,18.968759536743164
2007-09-14,19.03597640991211
2007-09-17,18.85670280456543
2007-09-18,19.568178176879883
2007-09-19,19.691436767578125
2007-09-20,19.45053482055664
2007-09-21,19.5267276763916
2007-09-24,19.25583839416504
2007-09-25,19.2163314819336
2007-09-26,19.22197151184082
2007-09-27,19.44772148132324
2007-09-28,19.36870765686035
2007-10-01,19.735551834106445
2007-10-02,19.96128463745117
2007-10-03,19.9161319732666
2007-10-04,20.03464698791504
2007-10-05,20.254749298095703
2007-10-08,19.97821044921875
2007-10-09,20.14752578735352
2007-10-10,20.03464698791504
2007-10-11,19.92742156982422
2007-10-12,20.057228088378903
2007-10-15,19.6508903503418
2007-10-16,19.28406143188477
2007-10-17,19.272768020629883
2007-10-18,19.030092239379883
2007-10-19,18.39801597595215
2007-10-22,18.623764038085938
2007-10-23,18.72534370422364
2007-10-24,18.584247589111328
2007-10-25,18.56731605529785
2007-10-26,19.0188045501709
2007-10-29,19.075252532958984
2007-10-30,18.78177833557129
2007-10-31,19.03574562072754
2007-11-01,18.059398651123047
2007-11-02,17.969104766845703
2007-11-05,17.64742660522461
2007-11-06,17.946531295776367
2007-11-07,16.964553833007812
2007-11-08,17.13950538635254
2007-11-09,17.00969886779785
2007-11-12,17.071779251098633
2007-11-13,17.873159408569336
2007-11-14,17.805438995361328
2007-11-15,17.35395622253418
2007-11-16,17.218509674072266
2007-11-19,16.7557373046875
2007-11-20,16.38890838623047
2007-11-21,16.13494873046875
2007-11-23,16.518720626831055
2007-11-26,15.965639114379885
2007-11-27,16.25346565246582
2007-11-28,17.224159240722656
2007-11-29,17.071779251098633
2007-11-30,17.49505043029785
2007-12-03,17.35395622253418
2007-12-04,17.032268524169922
2007-12-05,17.28622817993164
2007-12-06,17.84495735168457
2007-12-07,17.60791778564453
2007-12-10,17.98039436340332
2007-12-11,17.071779251098633
2007-12-12,16.941978454589844
2007-12-13,16.93633270263672
2007-12-14,16.563858032226562
2007-12-17,16.38890838623047
2007-12-18,16.40019416809082
2007-12-19,16.49613380432129
2007-12-20,16.377620697021484
2007-12-21,16.68059539794922
2007-12-24,16.9824161529541
2007-12-26,16.862831115722656
2007-12-27,16.52113151550293
2007-12-28,16.48126792907715
2007-12-31,16.475582122802734
2008-01-02,16.150964736938477
2008-01-03,16.048450469970703
2008-01-04,15.592852592468262
2008-01-07,15.632713317871094
2008-01-08,15.063212394714355
2008-01-09,15.347966194152832
2008-01-10,15.609939575195312
2008-01-11,15.661200523376465
2008-01-14,15.87760066986084
2008-01-15,15.22267723083496
2008-01-16,15.478959083557127
2008-01-17,14.693042755126951
2008-01-18,14.522199630737305
2008-01-22,14.83542251586914
2008-01-23,15.888989448547363
2008-01-24,15.89468479156494
2008-01-25,15.478959083557127
2008-01-28,16.031370162963867
2008-01-29,16.276247024536133
2008-01-30,15.945938110351562
2008-01-31,16.59517478942871
2008-02-01,16.90268898010254
2008-02-04,16.41292953491211
2008-02-05,15.746609687805176
2008-02-06,15.564374923706056
2008-02-07,15.70675563812256
2008-02-08,15.444784164428713
2008-02-11,15.103082656860352
2008-02-12,15.51881980895996
2008-02-13,15.461874961853027
2008-02-14,15.040438652038574
2008-02-15,15.279629707336426
2008-02-19,15.25684928894043
2008-02-20,15.433393478393556
2008-02-21,15.160029411315918
2008-02-22,15.490336418151855
2008-02-25,15.490336418151855
2008-02-26,15.627022743225098
2008-02-27,15.69536018371582
2008-02-28,15.20558738708496
2008-02-29,14.710128784179688
2008-03-03,14.510807991027832
2008-03-04,14.431077003479004
2008-03-05,14.317173957824709
2008-03-06,13.82171630859375
2008-03-07,13.85018825531006
2008-03-10,13.457236289978027
2008-03-11,14.339951515197754
2008-03-12,14.1007661819458
2008-03-13,14.066597938537598
2008-03-14,13.667953491210938
2008-03-17,13.354731559753418
2008-03-18,14.476632118225098
2008-03-19,14.095067977905272
2008-03-20,15.110072135925291
2008-03-24,15.305249214172363
2008-03-25,15.259329795837402
2008-03-26,14.708203315734863
2008-03-27,14.478567123413086
2008-03-28,14.151330947875977
2008-03-31,14.277633666992188
2008-04-01,15.282286643981934
2008-04-02,15.2708101272583
2008-04-03,15.339699745178224
2008-04-04,15.133028030395508
2008-04-07,15.224884033203123
2008-04-08,15.052656173706056
2008-04-09,14.800055503845217
2008-04-10,14.708203315734863
2008-04-11,14.426899909973145
2008-04-14,14.088184356689451
2008-04-15,14.231711387634276
2008-04-16,14.616345405578612
2008-04-17,14.868945121765137
2008-04-18,15.196176528930664
2008-04-21,14.96079921722412
2008-04-22,14.754128456115724
2008-04-23,14.656534194946287
2008-04-24,15.184694290161133
2008-04-25,15.471741676330566
2008-04-28,15.511930465698242
2008-04-29,15.322481155395508
2008-04-30,15.2765531539917
2008-05-01,15.798974990844728
2008-05-02,15.908051490783691
2008-05-05,15.632487297058104
2008-05-06,15.798974990844728
2008-05-07,15.230624198913574
2008-05-08,14.920611381530762
2008-05-09,14.920611381530762
2008-05-12,15.098584175109863
2008-05-13,14.96079921722412
2008-05-14,15.064138412475586
2008-05-15,15.213398933410645
2008-05-16,15.150256156921388
2008-05-19,15.00672721862793
2008-05-20,14.656534194946287
2008-05-21,14.283371925354004
2008-05-22,14.363749504089355
2008-05-23,14.151330947875977
2008-05-27,14.22596549987793
2008-05-28,14.145593643188477
2008-05-29,14.398193359375
2008-05-30,14.214479446411133
2008-06-02,14.002066612243652
2008-06-03,13.956146240234377
2008-06-04,13.870027542114258
2008-06-05,14.145593643188477
2008-06-06,13.393535614013672
2008-06-09,13.20982265472412
2008-06-10,13.250017166137695
2008-06-11,12.865364074707031
2008-06-12,13.215564727783203
2008-06-13,13.422239303588867
2008-06-16,13.548542022705078
2008-06-17,13.152413368225098
2008-06-18,12.934261322021484
2008-06-19,13.072041511535645
2008-06-20,12.84616756439209
2008-06-23,12.440739631652832
2008-06-24,12.585533142089844
2008-06-25,12.556578636169434
2008-06-26,12.10482120513916
2008-06-27,11.913690567016602
2008-06-30,11.734140396118164
2008-07-01,11.76889419555664
2008-07-02,11.589350700378418
2008-07-03,11.54880714416504
2008-07-07,11.166548728942873
2008-07-08,11.890522956848145
2008-07-09,11.212882041931152
2008-07-10,11.131797790527344
2008-07-11,10.81904125213623
2008-07-14,10.263031959533691
2008-07-15,9.944485664367676
2008-07-16,11.247631072998049
2008-07-17,11.734140396118164
2008-07-18,11.971606254577637
2008-07-21,12.017938613891602
2008-07-22,13.025704383850098
2008-07-23,13.008326530456545
2008-07-24,12.133774757385254
2008-07-25,12.087443351745604
2008-07-28,11.519845962524414
2008-07-29,12.452322006225586
2008-07-30,12.64344882965088
2008-07-31,12.527616500854492
2008-08-01,12.527616500854492
2008-08-04,12.423364639282228
2008-08-05,13.05467414855957
2008-08-06,12.921463012695312
2008-08-07,12.284361839294434
2008-08-08,12.707161903381348
2008-08-11,12.921463012695312
2008-08-12,12.26698398590088
2008-08-13,11.913690567016602
2008-08-14,12.284361839294434
2008-08-15,12.37123680114746
2008-08-18,11.89631175994873
2008-08-19,11.54880714416504
2008-08-20,11.78626823425293
2008-08-21,11.57197380065918
2008-08-22,12.012149810791016
2008-08-25,11.589350700378418
2008-08-26,11.682021141052246
2008-08-27,11.907894134521484
2008-08-28,12.3886137008667
2008-08-29,12.40598964691162
2008-09-02,12.579744338989258
2008-09-03,12.776663780212402
2008-09-04,12.151150703430176
2008-09-05,12.59132480621338
2008-09-08,13.135753631591797
2008-09-09,12.295944213867188
2008-09-10,12.145359992980955
2008-09-11,12.423364639282228
2008-09-12,12.249610900878906
2008-09-15,11.056503295898438
2008-09-16,11.884732246398926
2008-09-17,10.74375057220459
2008-09-18,11.589350700378418
2008-09-19,13.086260795593262
2008-09-22,12.01620101928711
2008-09-23,11.981118202209473
2008-09-24,11.846628189086914
2008-09-25,12.174077987670898
2008-09-26,12.50737762451172
2008-09-29,10.858437538146973
2008-09-30,11.63028049468994
2008-10-01,12.086373329162598
2008-10-02,11.48409652709961
2008-10-03,10.981231689453123
2008-10-06,10.408197402954102
2008-10-07,9.308902740478516
2008-10-08,8.93467903137207
2008-10-09,8.00495719909668
2008-10-10,8.829421997070312
2008-10-13,9.51940631866455
2008-10-14,10.13337230682373
2008-10-15,9.03407859802246
2008-10-16,9.23873233795166
2008-10-17,8.975606918334961
2008-10-20,9.419995307922363
2008-10-21,9.1334810256958
2008-10-22,8.56044864654541
2008-10-23,8.472736358642578
2008-10-24,7.923092842102051
2008-10-27,7.706744194030762
2008-10-28,8.917132377624512
2008-10-29,8.367485046386719
2008-10-30,8.659850120544434
2008-10-31,9.08085823059082
2008-11-03,9.1334810256958
2008-11-04,9.648041725158691
2008-11-05,8.765103340148926
2008-11-06,8.162833213806152
2008-11-07,8.314862251281738
2008-11-10,8.0692720413208
2008-11-11,7.788603782653809
2008-11-12,7.309126853942871
2008-11-13,7.841229915618896
2008-11-14,7.443609237670898
2008-11-17,6.969985008239746
2008-11-18,6.870579719543457
2008-11-19,6.151362419128418
2008-11-20,5.4906158447265625
2008-11-21,5.660186290740967
2008-11-24,6.519740581512451
2008-11-25,6.899813652038574
2008-11-26,7.22141695022583
2008-11-28,7.402679443359375
2008-12-01,6.168899059295654
2008-12-02,6.6717705726623535
2008-12-03,7.016758918762207
2008-12-04,6.940746784210205
2008-12-05,7.490396022796631
2008-12-08,7.993259429931641
2008-12-09,7.671658515930176
2008-12-10,7.53717041015625
2008-12-11,6.958291053771973
2008-12-12,7.092775821685791
2008-12-15,6.800410270690918
2008-12-16,7.560557842254639
2008-12-17,7.490396022796631
2008-12-18,7.27403974533081
2008-12-19,7.25801944732666
2008-12-22,7.002830982208252
2008-12-23,6.83666467666626
2008-12-24,6.985025882720947
2008-12-26,6.990962505340576
2008-12-29,6.931614398956299
2008-12-30,7.198671817779541
2008-12-31,7.430120944976807
2009-01-02,7.513203620910644
2009-01-05,7.388582229614258
2009-01-06,7.507272243499756
2009-01-07,7.115584373474121
2009-01-08,7.085917949676514
2009-01-09,6.860400676727295
2009-01-12,6.498388290405273
2009-01-13,6.58740758895874
2009-01-14,6.207594871520996
2009-01-15,5.922732830047607
2009-01-16,5.744696617126465
2009-01-20,4.795159339904785
2009-01-21,5.501379013061523
2009-01-22,5.16310453414917
2009-01-23,5.335208415985107
2009-01-26,5.240253448486328
2009-01-27,5.424225330352783
2009-01-28,6.118574142456055
2009-01-29,5.637871742248535
2009-01-30,5.483572006225586
2009-02-02,5.483572006225586
2009-02-03,5.382686138153076
2009-02-04,5.323338031768799
2009-02-05,5.406422138214111
2009-02-06,5.809976100921631
2009-02-09,5.875254154205322
2009-02-10,5.275860786437988
2009-02-11,5.531047821044922
2009-02-12,5.459834575653076
2009-02-13,5.252122402191162
2009-02-17,4.729877948760986
2009-02-18,4.729877948760986
2009-02-19,4.480625629425049
2009-02-20,4.415343284606934
2009-02-23,4.261043548583984
2009-02-24,4.777356147766113
2009-02-25,4.747681617736816
2009-02-26,4.824830532073975
2009-02-27,4.510296821594238
2009-03-02,4.225435733795166
2009-03-03,4.142352104187012
2009-03-04,4.08894157409668
2009-03-05,3.703191757202149
2009-03-06,3.6675827503204346
2009-03-09,3.7150609493255615
2009-03-10,4.2669782638549805
2009-03-11,4.379735946655273
2009-03-12,4.830767154693604
2009-03-13,4.860440731048584
2009-03-16,4.765485286712647
2009-03-17,5.074084758758545
2009-03-18,5.58445930480957
2009-03-19,5.139366626739502
2009-03-20,4.879220485687256
2009-03-23,5.682433605194092
2009-03-24,5.406703948974609
2009-03-25,5.586528301239014
2009-03-26,5.652463912963867
2009-03-27,5.478632926940918
2009-03-30,5.005096435546875
2009-03-31,5.28082799911499
2009-04-01,5.430680751800537
2009-04-02,5.580533027648926
2009-04-03,5.808311939239502
2009-04-06,5.652463912963867
2009-04-07,5.484626770019531
2009-04-08,5.514597892761231
2009-04-09,6.371759414672852
2009-04-13,6.641493320465088
2009-04-14,6.203922748565674
2009-04-15,6.503627300262451
2009-04-16,6.575560569763184
2009-04-17,6.659474849700928
2009-04-20,5.916205883026123
2009-04-21,6.353775978088379
2009-04-22,6.125999927520752
2009-04-23,6.413717269897461
2009-04-24,6.557576656341553
2009-04-27,6.449682712554932
2009-04-28,6.2518744468688965
2009-04-29,6.52161169052124
2009-04-30,6.431700229644775
2009-05-01,6.38374662399292
2009-05-04,7.031112194061279
2009-05-05,6.929211616516113
2009-05-06,7.480674743652344
2009-05-07,7.264878749847412
2009-05-08,7.804355621337891
2009-05-11,7.348801136016846
2009-05-12,7.192952156066895
2009-05-13,6.827310562133789
2009-05-14,7.055088043212891
2009-05-15,6.911229610443115
2009-05-18,7.366786956787109
2009-05-19,7.216928482055664
2009-05-20,7.025116443634033
2009-05-21,7.037108421325684
2009-05-22,6.9891533851623535
2009-05-26,7.216928482055664
2009-05-27,7.0011420249938965
2009-05-28,7.198946952819824
2009-05-29,7.3308186531066895
2009-06-01,7.408742904663086
2009-06-02,7.288858890533447
2009-06-03,7.192952156066895
2009-06-04,7.450700759887695
2009-06-05,7.384763240814209
2009-06-08,7.438712120056152
2009-06-09,7.4926605224609375
2009-06-10,7.378769874572754
2009-06-11,7.438712120056152
2009-06-12,7.486664772033691
2009-06-15,7.294850349426269
2009-06-16,7.168976306915283
2009-06-17,6.959184646606445
2009-06-18,7.127019882202148
2009-06-19,7.254143714904785
2009-06-22,6.832393646240234
2009-06-23,6.910717010498047
2009-06-24,6.9950714111328125
2009-06-25,7.145697116851807
2009-06-26,7.181844234466553
2009-06-29,7.272220611572266
2009-06-30,7.199919700622559
2009-07-01,7.157747268676758
2009-07-02,6.910717010498047
2009-07-06,6.916743755340576
2009-07-07,6.808296203613281
2009-07-08,6.693817138671875
2009-07-09,6.778168201446533
2009-07-10,6.6877946853637695
2009-07-13,7.11557149887085
2009-07-14,7.085445880889893
2009-07-15,7.386695861816406
2009-07-16,7.362592697143555
2009-07-17,7.31439733505249
2009-07-20,7.374645233154297
2009-07-21,7.308374881744385
2009-07-22,7.31439733505249
2009-07-23,7.525271415710449
2009-07-24,7.483095169067383
2009-07-27,7.603597640991211
2009-07-28,7.5855183601379395
2009-07-29,7.5855183601379395
2009-07-30,7.760246753692627
2009-07-31,7.838578701019287
2009-08-03,8.037399291992188
2009-08-04,8.200080871582031
2009-08-05,8.483250617980957
2009-08-06,8.423002243041992
2009-08-07,8.645931243896484
2009-08-10,8.60977554321289
2009-08-11,8.290454864501953
2009-08-12,8.459152221679688
2009-08-13,8.633879661560059
2009-08-14,8.579655647277832
2009-08-17,8.218152046203613
2009-08-18,8.386853218078613
2009-08-19,8.38083267211914
2009-08-20,8.597732543945312
2009-08-21,8.766432762145996
2009-08-24,8.700153350830078
2009-08-25,8.808605194091797
2009-08-26,8.784505844116211
2009-08-27,8.874884605407715
2009-08-28,8.886934280395508
2009-08-31,8.856805801391602
2009-09-01,8.38083267211914
2009-09-02,8.308527946472168
2009-09-03,8.471202850341797
2009-09-04,8.56760311126709
2009-09-08,8.603759765625
2009-09-09,8.736305236816406
2009-09-10,8.808605194091797
2009-09-11,8.75438117980957
2009-09-14,8.86885929107666
2009-09-15,8.886934280395508
2009-09-16,9.19421100616455
2009-09-17,9.164085388183594
2009-09-18,9.150186538696287
2009-09-21,9.06557559967041
2009-09-22,9.271058082580566
2009-09-23,9.08370876312256
2009-09-24,8.90239429473877
2009-09-25,8.817779541015625
2009-09-28,9.113922119140623
2009-09-29,9.071612358093262
2009-09-30,9.02931022644043
2009-10-01,8.630425453186035
2009-10-02,8.636462211608887
2009-10-05,8.90843391418457
2009-10-06,9.023266792297363
2009-10-07,9.119965553283691
2009-10-08,9.132055282592772
2009-10-09,9.210620880126951
2009-10-12,9.2831449508667
2009-10-13,9.19249153137207
2009-10-14,9.506765365600586
2009-10-15,9.422149658203123
2009-10-16,9.198533058166504
2009-10-19,9.240839958190918
2009-10-20,9.168313026428224
2009-10-21,8.993045806884766
2009-10-22,9.2589693069458
2009-10-23,9.126007080078123
2009-10-26,8.890305519104004
2009-10-27,8.823821067810059
2009-10-28,8.551859855651855
2009-10-29,8.90843391418457
2009-10-30,8.491416931152344
2009-11-02,8.563942909240723
2009-11-03,8.588117599487305
2009-11-04,8.467246055603027
2009-11-05,8.684818267822266
2009-11-06,8.648555755615234
2009-11-09,8.956783294677734
2009-11-10,8.926563262939453
2009-11-11,9.04743766784668
2009-11-12,8.878211975097656
2009-11-13,8.860084533691406
2009-11-16,8.956783294677734
2009-11-17,8.98095703125
2009-11-18,9.053483963012695
2009-11-19,8.878211975097656
2009-11-20,8.823821067810059
2009-11-23,8.950737953186035
2009-11-24,8.884260177612305
2009-11-25,8.86612606048584
2009-11-27,8.630425453186035
2009-11-30,8.860084533691406
2009-12-01,8.86612606048584
2009-12-02,8.860084533691406
2009-12-03,8.6787748336792
2009-12-04,8.841951370239258
2009-12-07,8.696905136108398
2009-12-08,8.618335723876953
2009-12-09,8.648555755615234
2009-12-10,8.636462211608887
2009-12-11,8.696905136108398
2009-12-14,8.74525260925293
2009-12-15,8.606246948242188
2009-12-16,8.660643577575684
2009-12-17,8.49746036529541
2009-12-18,8.62606430053711
2009-12-21,8.75345230102539
2009-12-22,8.771651268005371
2009-12-23,8.73525333404541
2009-12-24,8.814114570617676
2009-12-28,8.783781051635742
2009-12-29,8.747387886047363
2009-12-30,8.75345230102539
2009-12-31,8.73525333404541
2010-01-04,8.911171913146973
2010-01-05,9.074959754943848
2010-01-06,9.093157768249512
2010-01-07,9.287272453308104
2010-01-08,9.23267650604248
2010-01-11,9.238744735717772
2010-01-12,9.105289459228516
2010-01-13,9.208414077758787
2010-01-14,9.250880241394045
2010-01-15,9.062826156616213
2010-01-19,9.17808437347412
2010-01-20,9.153817176818848
2010-01-21,8.89297103881836
2010-01-22,8.601800918579102
2010-01-25,8.650330543518066
2010-01-26,8.498673439025879
2010-01-27,8.704922676086426
2010-01-28,8.66246223449707
2010-01-29,8.601800918579102
2010-02-01,8.747387886047363
2010-02-02,8.83230972290039
2010-02-03,8.73525333404541
2010-02-04,8.359151840209961
2010-02-05,8.45621109008789
2010-02-08,8.286358833312988
2010-02-09,8.37128734588623
2010-02-10,8.438015937805176
2010-02-11,8.45621109008789
2010-02-12,8.462282180786133
2010-02-16,8.638195037841797
2010-02-17,8.668523788452148
2010-02-18,8.723118782043457
2010-02-19,8.771651268005371
2010-02-22,8.886907577514648
2010-02-23,8.723118782043457
2010-02-24,8.874774932861328
2010-02-25,8.850512504577637
2010-02-26,8.905107498168945
2010-03-01,8.929370880126953
2010-03-02,8.959698677062988
2010-03-03,8.965767860412598
2010-03-04,9.056764602661133
2010-03-05,9.23267650604248
2010-03-08,9.250880241394045
2010-03-09,9.281208038330078
2010-03-10,9.384331703186035
2010-03-11,9.463191032409668
2010-03-12,9.426799774169922
2010-03-15,9.426799774169922
2010-03-16,9.542054176330566
2010-03-17,9.657306671142578
2010-03-18,9.60271453857422
2010-03-19,9.539485931396484
2010-03-22,9.588122367858888
2010-03-23,9.667158126831056
2010-03-24,9.673242568969728
2010-03-25,9.715802192687988
2010-03-26,9.727961540222168
2010-03-29,9.740124702453612
2010-03-30,9.679320335388184
2010-03-31,9.697564125061035
2010-04-01,9.776599884033203
2010-04-05,9.873883247375488
2010-04-06,9.977242469787598
2010-04-07,9.940762519836426
2010-04-08,10.019801139831545
2010-04-09,10.056280136108398
2010-04-12,10.098841667175291
2010-04-13,10.104921340942385
2010-04-14,10.366360664367676
2010-04-15,10.32379913330078
2010-04-16,9.946845054626465
2010-04-19,10.044119834899902
2010-04-20,10.17788028717041
2010-04-21,10.117077827453612
2010-04-22,10.171801567077637
2010-04-23,10.202200889587402
2010-04-26,10.044119834899902
2010-04-27,9.70363998413086
2010-04-28,9.843482971191406
2010-04-29,10.068442344665527
2010-04-30,9.825240135192873
2010-05-03,10.013716697692873
2010-05-04,9.740124702453612
2010-05-05,9.685406684875488
2010-05-06,9.27804183959961
2010-05-07,9.1746826171875
2010-05-10,9.685406684875488
2010-05-11,9.648923873901367
2010-05-12,9.758363723754885
2010-05-13,9.58204460144043
2010-05-14,9.332761764526367
2010-05-17,9.338838577270508
2010-05-18,9.071324348449709
2010-05-19,9.08348274230957
2010-05-20,8.66396713256836
2010-05-21,8.967965126037598
2010-05-24,8.712605476379395
2010-05-25,8.791645050048828
2010-05-26,8.730846405029297
2010-05-27,9.126047134399414
2010-05-28,8.925402641296387
2010-06-01,8.736927032470703
2010-06-02,9.01052474975586
2010-06-03,8.961885452270508
2010-06-04,8.603166580200195
2010-06-07,8.432929039001465
2010-06-08,8.609246253967285
2010-06-09,8.518045425415039
2010-06-10,8.79772663116455
2010-06-11,8.822044372558594
2010-06-14,8.785567283630371
2010-06-15,8.992284774780273
2010-06-16,8.99836540222168
2010-06-17,8.986207962036133
2010-06-18,9.035557746887209
2010-06-21,9.023366928100586
2010-06-22,8.883238792419434
2010-06-23,8.840585708618164
2010-06-24,8.68217658996582
2010-06-25,8.919795036315918
2010-06-28,8.834495544433594
2010-06-29,8.517671585083008
2010-06-30,8.41409683227539
2010-07-01,8.334890365600586
2010-07-02,8.237403869628906
2010-07-06,8.286149024963379
2010-07-07,8.651713371276855
2010-07-08,8.718734741210938
2010-07-09,8.840585708618164
2010-07-12,8.85277271270752
2010-07-13,9.072114944458008
2010-07-14,9.005094528198242
2010-07-15,8.986815452575684
2010-07-16,8.609064102172852
2010-07-19,8.602972030639648
2010-07-20,8.694360733032227
2010-07-21,8.554227828979492
2010-07-22,8.804032325744629
2010-07-23,8.87104606628418
2010-07-26,8.992908477783203
2010-07-27,9.017278671264648
2010-07-28,8.938071250915527
2010-07-29,8.968535423278809
2010-07-30,8.96243953704834
2010-08-02,9.187871932983398
2010-08-03,9.084298133850098
2010-08-04,9.120853424072266
2010-08-05,9.084298133850098
2010-08-06,9.005094528198242
2010-08-09,9.05383586883545
2010-08-10,8.974631309509277
2010-08-11,8.657801628112793
2010-08-12,8.596874237060547
2010-08-13,8.572509765625
2010-08-16,8.548135757446289
2010-08-17,8.615154266357422
2010-08-18,8.651713371276855
2010-08-19,8.450651168823242
2010-08-20,8.426280975341797
2010-08-23,8.371445655822754
2010-08-24,8.231310844421387
2010-08-25,8.255680084228516
2010-08-26,8.188661575317383
2010-08-27,8.36535358428955
2010-08-30,8.188661575317383
2010-08-31,8.2617769241333
2010-09-01,8.578597068786621
2010-09-02,8.663898468017578
2010-09-03,8.846683502197266
2010-09-07,8.64561939239502
2010-09-08,8.73091983795166
2010-09-09,8.840585708618164
2010-09-10,8.85277271270752
2010-09-13,9.041650772094728
2010-09-14,8.96243953704834
2010-09-15,8.992908477783203
2010-09-16,8.968535423278809
2010-09-17,8.921512603759766
2010-09-20,9.09249496459961
2010-09-21,9.007003784179688
2010-09-22,8.860448837280273
2010-09-23,8.689470291137695
2010-09-24,8.921512603759766
2010-09-27,8.823813438415527
2010-09-28,8.842132568359375
2010-09-29,8.774964332580566
2010-09-30,8.762747764587402
2010-10-01,8.854342460632324
2010-10-04,8.793278694152832
2010-10-05,8.994791984558105
2010-10-06,8.988687515258789
2010-10-07,8.952044486999512
2010-10-08,8.976472854614258
2010-10-11,8.964262008666992
2010-10-12,9.06806755065918
2010-10-13,9.074178695678713
2010-10-14,8.915407180786133
2010-10-15,8.762747764587402
2010-10-18,8.958152770996094
2010-10-19,8.836026191711426
2010-10-20,8.921512603759766
2010-10-21,8.921512603759766
2010-10-22,8.915407180786133
2010-10-25,8.88487720489502
2010-10-26,8.897087097167969
2010-10-27,8.90319538116455
2010-10-28,8.90319538116455
2010-10-29,8.89098072052002
2010-11-01,8.89098072052002
2010-11-02,8.915407180786133
2010-11-03,9.000899314880371
2010-11-04,9.300113677978516
2010-11-05,9.513837814331056
2010-11-08,9.44056224822998
2010-11-09,9.26347541809082
2010-11-10,9.367286682128906
2010-11-11,9.275689125061035
2010-11-12,9.123028755187988
2010-11-15,9.165775299072266
2010-11-16,9.01311206817627
2010-11-17,8.952044486999512
2010-11-18,9.074178695678713
2010-11-19,9.074178695678713
2010-11-22,8.939835548400879
2010-11-23,8.799386978149414
2010-11-24,8.933731079101562
2010-11-26,8.805495262145996
2010-11-29,8.878765106201172
2010-11-30,8.829916954040527
2010-12-01,9.007003784179688
2010-12-02,9.23905086517334
2010-12-03,9.26958179473877
2010-12-06,9.257370948791504
2010-12-07,9.26958179473877
2010-12-08,9.422243118286133
2010-12-09,9.538265228271484
2010-12-10,9.623757362365724
2010-12-13,9.617648124694824
2010-12-14,9.532160758972168
2010-12-15,9.45277500152588
2010-12-16,9.464987754821776
2010-12-17,9.517694473266602
2010-12-20,9.523823738098145
2010-12-21,9.689295768737791
2010-12-22,9.799609184265137
2010-12-23,9.726067543029783
2010-12-27,9.811866760253906
2010-12-28,9.811866760253906
2010-12-29,9.793475151062012
2010-12-30,9.762836456298828
2010-12-31,9.775094032287598
2011-01-03,9.989595413208008
2011-01-04,9.977334022521973
2011-01-05,10.093778610229492
2011-01-06,10.02636432647705
2011-01-07,9.940569877624512
2011-01-10,9.91605281829834
2011-01-11,9.952825546264648
2011-01-12,10.118297576904297
2011-01-13,10.087652206420898
2011-01-14,10.246993064880373
2011-01-18,10.185711860656738
2011-01-19,9.958951950073242
2011-01-20,10.007984161376951
2011-01-21,10.087652206420898
2011-01-24,10.075394630432127
2011-01-25,10.05700969696045
2011-01-26,10.05088233947754
2011-01-27,10.136680603027344
2011-01-28,9.958951950073242
2011-01-31,10.05088233947754
2011-02-01,10.259252548217772
2011-02-02,10.179582595825195
2011-02-03,10.185711860656738
2011-02-04,10.179582595825195
2011-02-07,10.326667785644531
2011-02-08,10.400211334228516
2011-02-09,10.326667785644531
2011-02-10,10.326667785644531
2011-02-11,10.467628479003906
2011-02-14,10.473756790161133
2011-02-15,10.461495399475098
2011-02-16,10.516651153564451
2011-02-17,10.504400253295898
2011-02-18,10.528912544250488
2011-02-22,10.20409870147705
2011-02-23,10.161192893981934
2011-02-24,10.136680603027344
2011-02-25,10.277640342712402
2011-02-28,10.326667785644531
2011-03-01,10.106040000915527
2011-03-02,10.044753074645996
2011-03-03,10.253124237060549
2011-03-04,10.12442398071289
2011-03-07,10.05700969696045
2011-03-08,10.277640342712402
2011-03-09,10.277640342712402
2011-03-10,10.069262504577637
2011-03-11,10.136680603027344
2011-03-14,10.044753074645996
2011-03-15,9.928311347961426
2011-03-16,9.744452476501465
2011-03-17,9.860897064208984
2011-03-18,9.997305870056152
2011-03-21,10.046466827392578
2011-03-22,9.99116039276123
2011-03-23,9.96658420562744
2011-03-24,10.015737533569336
2011-03-25,10.04031753540039
2011-03-28,10.009594917297363
2011-03-29,10.02802848815918
2011-03-30,10.107911109924316
2011-03-31,10.071041107177734
2011-04-01,10.15706729888916
2011-04-04,10.144781112670898
2011-04-05,10.138635635375977
2011-04-06,10.255380630493164
2011-04-07,10.206225395202637
2011-04-08,10.114055633544922
2011-04-11,10.114055633544922
2011-04-12,10.077187538146973
2011-04-13,10.00344944000244
2011-04-14,9.911279678344728
2011-04-15,9.917428016662598
2011-04-18,9.782244682312012
2011-04-19,9.81296730041504
2011-04-20,9.837547302246094
2011-04-21,9.892847061157228
2011-04-25,9.880558013916016
2011-04-26,9.942004203796388
2011-04-27,10.00344944000244
2011-04-28,10.083330154418944
2011-04-29,10.064900398254396
2011-05-02,10.021883964538574
2011-05-03,10.064900398254396
2011-05-04,9.97887134552002
2011-05-05,9.849831581115724
2011-05-06,9.89899444580078
2011-05-09,9.874418258666992
2011-05-10,9.96658420562744
2011-05-11,9.831400871276855
2011-05-12,9.831400871276855
2011-05-13,9.69007396697998
2011-05-16,9.677783966064451
2011-05-17,9.751523971557615
2011-05-18,9.794535636901855
2011-05-19,9.794535636901855
2011-05-20,9.65935230255127
2011-05-23,9.524170875549316
2011-05-24,9.511879920959473
2011-05-25,9.518024444580078
2011-05-26,9.567181587219238
2011-05-27,9.634773254394531
2011-05-31,9.73308563232422
2011-06-01,9.407421112060549
2011-06-02,9.413569450378418
2011-06-03,9.352121353149414
2011-06-06,9.173928260803224
2011-06-07,9.155495643615724
2011-06-08,9.069466590881348
2011-06-09,9.173928260803224
2011-06-10,9.112482070922852
2011-06-13,9.204652786254885
2011-06-14,9.253807067871094
2011-06-15,9.051034927368164
2011-06-16,9.10019302368164
2011-06-17,9.182208061218262
2011-06-20,9.176040649414062
2011-06-21,9.3055419921875
2011-06-22,9.250040054321287
2011-06-23,9.157540321350098
2011-06-24,9.10204029083252
2011-06-27,9.194540023803713
2011-06-28,9.237707138061523
2011-06-29,9.428874015808104
2011-06-30,9.465874671936035
2011-07-01,9.638542175292969
2011-07-05,9.552206993103027
2011-07-06,9.502877235412598
2011-07-07,9.65704345703125
2011-07-08,9.533709526062012
2011-07-11,9.274703979492188
2011-07-12,9.237707138061523
2011-07-13,9.243877410888672
2011-07-14,9.176040649414062
2011-07-15,9.157540321350098
2011-07-18,9.034207344055176
2011-07-19,9.145209312438965
2011-07-20,9.250040054321287
2011-07-21,9.472042083740234
2011-07-22,9.447378158569336
2011-07-25,9.379542350769045
2011-07-26,9.367207527160645
2011-07-27,9.145209312438965
2011-07-28,9.151371955871582
2011-07-29,9.126707077026367
2011-08-01,9.095874786376951
2011-08-02,8.84920597076416
2011-08-03,8.892374992370605
2011-08-04,8.442203521728516
2011-08-05,8.281868934631348
2011-08-08,7.49869966506958
2011-08-09,8.078370094299316
2011-08-10,7.517202854156494
2011-08-11,7.936534404754639
2011-08-12,7.881032466888428
2011-08-15,8.133869171142578
2011-08-16,7.973536968231201
2011-08-17,8.022869110107422
2011-08-18,7.6343674659729
2011-08-19,7.480199337005615
2011-08-22,7.387698650360107
2011-08-23,7.628203392028809
2011-08-24,7.83170223236084
2011-08-25,7.807034492492676
2011-08-26,7.874866962432861
2011-08-29,8.201705932617188
2011-08-30,8.14620304107666
2011-08-31,8.25103759765625
2011-09-01,8.066034317016602
2011-09-02,7.733035564422607
2011-09-06,7.597366333007812
2011-09-07,7.9612016677856445
2011-09-08,7.788536071777344
2011-09-09,7.541865348815918
2011-09-12,7.628203392028809
2011-09-13,7.6775336265563965
2011-09-14,7.770033836364746
2011-09-15,7.967363834381103
2011-09-16,7.992132663726807
2011-09-19,7.775457859039307
2011-09-20,7.750695705413818
2011-09-21,7.366876125335693
2011-09-22,7.1563920974731445
2011-09-23,7.2306809425354
2011-09-26,7.552596569061279
2011-09-27,7.589738845825195
2011-09-28,7.373066425323486
2011-09-29,7.577356815338135
2011-09-30,7.311159610748291
2011-10-03,6.983055114746094
2011-10-04,7.261632919311523
2011-10-05,7.366876125335693
2011-10-06,7.595929622650146
2011-10-07,7.323540210723877
2011-10-10,7.701170444488525
2011-10-11,7.694980621337891
2011-10-12,7.893083572387695
2011-10-13,7.707363128662109
2011-10-14,7.80021858215332
2011-10-17,7.558787822723389
2011-10-18,7.917845726013184
2011-10-19,7.806407928466797
2011-10-20,7.924034118652344
2011-10-21,8.128324508666992
2011-10-24,8.307856559753418
2011-10-25,8.060227394104004
2011-10-26,8.202614784240723
2011-10-27,8.691672325134277
2011-10-28,8.697864532470703
2011-10-31,8.357380867004395
2011-11-01,7.961177349090576
2011-11-02,8.196419715881348
2011-11-03,8.338808059692383
2011-11-04,8.227375030517578
2011-11-07,8.270711898803711
2011-11-08,8.425474166870117
2011-11-09,7.967367649078369
2011-11-10,8.004515647888184
2011-11-11,8.196419715881348
2011-11-14,8.029272079467773
2011-11-15,8.066415786743164
2011-11-16,7.8683180809021
2011-11-17,7.713551521301269
2011-11-18,7.738314151763916
2011-11-21,7.546404838562012
2011-11-22,7.478308200836182
2011-11-23,7.274019241333008
2011-11-25,7.29258918762207
2011-11-28,7.509262561798096
2011-11-29,7.472115993499756
2011-11-30,7.930225849151611
2011-12-01,7.886894226074219
2011-12-02,7.992132663726807
2011-12-05,8.153084754943848
2011-12-06,8.159276962280273
2011-12-07,8.258332252502441
2011-12-08,7.936415195465088
2011-12-09,8.109756469726562
2011-12-12,7.917845726013184
2011-12-13,7.806407928466797
2011-12-14,7.775457859039307
2011-12-15,7.781646251678467
2011-12-16,7.812803745269775
2011-12-19,7.638352394104004
2011-12-20,7.924947738647461
2011-12-21,7.968560695648193
2011-12-22,8.136777877807617
2011-12-23,8.192848205566406
2011-12-27,8.149236679077148
2011-12-28,8.018400192260742
2011-12-29,8.143007278442383
2011-12-30,8.099395751953125
2012-01-03,8.31122875213623
2012-01-04,8.286303520202637
2012-01-05,8.398453712463379
2012-01-06,8.34860897064209
2012-01-09,8.392219543457031
2012-01-10,8.541749000549316
2012-01-11,8.641433715820312
2012-01-12,8.672585487365723
2012-01-13,8.610280990600586
2012-01-17,8.541749000549316
2012-01-18,8.672585487365723
2012-01-19,8.753576278686523
2012-01-20,8.809650421142578
2012-01-23,8.840799331665039
2012-01-24,8.828341484069824
2012-01-25,8.84703254699707
2012-01-26,8.772266387939453
2012-01-27,8.803421974182129
2012-01-30,8.722426414489746
2012-01-31,8.759804725646973
2012-02-01,8.896873474121094
2012-02-02,8.940484046936035
2012-02-03,9.183465003967283
2012-02-06,9.139856338500977
2012-02-07,9.133624076843262
2012-02-08,9.202157974243164
2012-02-09,9.16477394104004
2012-02-10,9.077552795410156
2012-02-13,9.158543586730955
2012-02-14,9.071316719055176
2012-02-15,9.015253067016602
2012-02-16,9.158543586730955
2012-02-17,9.214618682861328
2012-02-21,9.208392143249512
2012-02-22,9.090014457702637
2012-02-23,9.171006202697754
2012-02-24,9.139856338500977
2012-02-27,9.208392143249512
2012-02-28,9.233309745788574
2012-02-29,9.19592571258545
2012-03-01,9.295613288879396
2012-03-02,9.264460563659668
2012-03-05,9.227081298828123
2012-03-06,9.002791404724121
2012-03-07,9.114935874938965
2012-03-08,9.202157974243164
2012-03-09,9.276926040649414
2012-03-12,9.251999855041504
2012-03-13,9.607126235961914
2012-03-14,9.619589805603027
2012-03-15,9.78780460357666
2012-03-16,9.825310707092283
2012-03-19,9.875308990478516
2012-03-20,9.925310134887695
2012-03-21,9.88156032562256
2012-03-22,9.750307083129885
2012-03-23,9.831560134887695
2012-03-26,9.987812042236328
2012-03-27,9.894062042236328
2012-03-28,9.919061660766602
2012-03-29,9.819053649902344
2012-03-30,9.875308990478516
2012-04-02,9.950313568115234
2012-04-03,9.894062042236328
2012-04-04,9.737805366516112
2012-04-05,9.712803840637209
2012-04-09,9.562803268432615
2012-04-10,9.356542587280272
2012-04-11,9.506547927856444
2012-04-12,9.681557655334473
2012-04-13,9.456543922424316
2012-04-16,9.525299072265623
2012-04-17,9.65030288696289
2012-04-18,9.587803840637209
2012-04-19,9.544044494628906
2012-04-20,9.494049072265623
2012-04-23,9.425296783447266
2012-04-24,9.53154754638672
2012-04-25,9.612798690795898
2012-04-26,9.694052696228027
2012-04-27,9.70030403137207
2012-04-30,9.644052505493164
2012-05-01,9.74405574798584
2012-05-02,9.669055938720703
2012-05-03,9.587803840637209
2012-05-04,9.437792778015137
2012-05-07,9.494049072265623
2012-05-08,9.43154525756836
2012-05-09,9.325292587280272
2012-05-10,9.362794876098633
2012-05-11,9.256540298461914
2012-05-14,9.069035530090332
2012-05-15,9.019034385681152
2012-05-16,8.887781143188477
2012-05-17,8.706520080566406
2012-05-18,8.60651969909668
2012-05-21,8.68777084350586
2012-05-22,8.756526947021484
2012-05-23,8.787773132324219
2012-05-24,8.794028282165527
2012-05-25,8.762771606445312
2012-05-29,8.887781143188477
2012-05-30,8.681523323059082
2012-05-31,8.756526947021484
2012-06-01,8.431516647338867
2012-06-04,8.350259780883789
2012-06-05,8.48776626586914
2012-06-06,8.737773895263672
2012-06-07,8.731522560119629
2012-06-08,8.837777137756348
2012-06-11,8.675268173217773
2012-06-12,8.806525230407715
2012-06-13,8.77527141571045
2012-06-14,8.88153076171875
2012-06-15,9.005877494812012
2012-06-18,8.955634117126465
2012-06-19,9.106362342834473
2012-06-20,9.125204086303713
2012-06-21,8.924234390258789
2012-06-22,9.005877494812012
2012-06-25,8.81746768951416
2012-06-26,8.861430168151855
2012-06-27,8.96820068359375
2012-06-28,8.961918830871582
2012-06-29,9.194286346435549
2012-07-02,9.250808715820312
2012-07-03,9.301054000854492
2012-07-05,9.162883758544922
2012-07-06,9.087520599365234
2012-07-09,9.074962615966797
2012-07-10,9.005877494812012
2012-07-11,9.08123779296875
2012-07-12,8.987035751342773
2012-07-13,9.238248825073242
2012-07-16,9.219407081604004
2012-07-17,9.269645690917969
2012-07-18,9.225685119628906
2012-07-19,9.169164657592772
2012-07-20,9.031001091003418
2012-07-23,8.955634117126465
2012-07-24,8.930517196655273
2012-07-25,8.961918830871582
2012-07-26,9.100082397460938
2012-07-27,9.269645690917969
2012-07-30,9.250808715820312
2012-07-31,9.2068452835083
2012-08-01,9.162883758544922
2012-08-02,9.093799591064451
2012-08-03,9.307329177856444
2012-08-06,9.345012664794922
2012-08-07,9.3826904296875
2012-08-08,9.3826904296875
2012-08-09,9.37641143798828
2012-08-10,9.3826904296875
2012-08-13,9.388975143432615
2012-08-14,9.37641143798828
2012-08-15,9.407816886901855
2012-08-16,9.470616340637209
2012-08-17,9.502018928527832
2012-08-20,9.52713680267334
2012-08-21,9.55854034423828
2012-08-22,9.545979499816896
2012-08-23,9.451774597167969
2012-08-24,9.502018928527832
2012-08-27,9.495735168457031
2012-08-28,9.48317527770996
2012-08-29,9.502018928527832
2012-08-30,9.451774597167969
2012-08-31,9.520859718322754
2012-09-04,9.520859718322754
2012-09-05,9.520859718322754
2012-09-06,9.74694538116455
2012-09-07,9.847432136535645
2012-09-10,9.765787124633787
2012-09-11,9.847432136535645
2012-09-12,9.88511085510254
2012-09-13,10.142600059509276
2012-09-14,10.224244117736816
2012-09-17,10.130041122436523
2012-09-18,10.079803466796877
2012-09-19,10.073519706726074
2012-09-20,10.016996383666992
2012-09-21,9.98294448852539
2012-09-24,9.989248275756836
2012-09-25,9.837898254394531
2012-09-26,9.774831771850586
2012-09-27,9.863123893737791
2012-09-28,9.831592559814451
2012-10-01,9.875734329223633
2012-10-02,9.894655227661133
2012-10-03,9.98294448852539
2012-10-04,10.134295463562012
2012-10-05,10.127991676330566
2012-10-08,10.121685981750488
2012-10-09,10.058618545532228
2012-10-10,10.05231475830078
2012-10-11,10.109067916870115
2012-10-12,9.970331192016602
2012-10-15,10.083847999572754
2012-10-16,10.1469087600708
2012-10-17,10.279340744018556
2012-10-18,10.298261642456056
2012-10-19,10.159523963928224
2012-10-22,10.159523963928224
2012-10-23,9.989248275756836
2012-10-24,9.989248275756836
2012-10-25,10.01447868347168
2012-10-26,9.964024543762209
2012-10-31,10.02708625793457
2012-11-01,10.153218269348145
2012-11-02,10.090152740478516
2012-11-05,10.071233749389648
2012-11-06,10.18474292755127
2012-11-07,9.84420108795166
2012-11-08,9.76222038269043
2012-11-09,9.774831771850586
2012-11-12,9.79375457763672
2012-11-13,9.724383354187012
2012-11-14,9.554112434387209
2012-11-15,9.573031425476074
2012-11-16,9.636093139648438
2012-11-19,9.818979263305664
2012-11-20,9.869430541992188
2012-11-21,9.869430541992188
2012-11-23,9.989248275756836
2012-11-26,9.951414108276367
2012-11-27,9.863123893737791
2012-11-28,9.900962829589844
2012-11-29,9.951414108276367
2012-11-30,9.938799858093262
2012-12-03,9.900962829589844
2012-12-04,9.875734329223633
2012-12-05,9.995558738708496
2012-12-06,10.02708625793457
2012-12-07,10.109067916870115
2012-12-10,10.083847999572754
2012-12-11,10.134295463562012
2012-12-12,10.17844009399414
2012-12-13,10.127991676330566
2012-12-14,10.090152740478516
2012-12-17,10.298261642456056
2012-12-18,10.449613571166992
2012-12-19,10.38654899597168
2012-12-20,10.531594276428224
2012-12-21,10.407218933105469
2012-12-24,10.388176918029783
2012-12-26,10.388176918029783
2012-12-27,10.350102424621582
2012-12-28,10.267608642578123
2012-12-31,10.400870323181152
2013-01-02,10.705474853515623
2013-01-03,10.692778587341309
2013-01-04,10.81969928741455
2013-01-07,10.794318199157717
2013-01-08,10.762584686279297
2013-01-09,10.749896049499512
2013-01-10,10.88315773010254
2013-01-11,10.857770919799805
2013-01-14,10.826044082641602
2013-01-15,10.87046718597412
2013-01-16,10.876811981201172
2013-01-17,10.87046718597412
2013-01-18,10.88315773010254
2013-01-22,10.984692573547363
2013-01-23,10.978343963623049
2013-01-24,11.035457611083984
2013-01-25,11.086223602294922
2013-01-28,11.041805267333984
2013-01-29,11.086223602294922
2013-01-30,11.035457611083984
2013-01-31,11.02911376953125
2013-02-01,11.175068855285645
2013-02-04,11.048150062561035
2013-02-05,11.156030654907228
2013-02-06,11.175068855285645
2013-02-07,11.14333724975586
2013-02-08,11.168723106384276
2013-02-11,11.21948528289795
2013-02-12,11.308332443237305
2013-02-13,11.282944679260254
2013-02-14,11.32102108001709
2013-02-15,11.270256996154783
2013-02-19,11.378133773803713
2013-02-20,11.206795692443848
2013-02-21,11.117952346801758
2013-02-22,11.257561683654783
2013-02-25,10.952960014343262
2013-02-26,11.010071754455566
2013-02-27,11.18141269683838
2013-02-28,11.162375450134276
2013-03-01,11.194103240966797
2013-03-04,11.289294242858888
2013-03-05,11.384481430053713
2013-03-06,11.460631370544434
2013-03-07,11.54312801361084
2013-03-08,11.574853897094728
2013-03-11,11.6636962890625
2013-03-12,11.600236892700195
2013-03-13,11.631970405578612
2013-03-14,11.708121299743652
2013-03-15,11.747594833374023
2013-03-18,11.632983207702637
2013-03-19,11.569311141967772
2013-03-20,11.645719528198242
2013-03-21,11.505637168884276
2013-03-22,11.57568073272705
2013-03-25,11.54384708404541
2013-03-26,11.620254516601562
2013-03-27,11.562942504882812
2013-03-28,11.594781875610352
2013-04-01,11.53747844696045
2013-04-02,11.607519149780272
2013-04-03,11.416499137878418
2013-04-04,11.5183744430542
2013-04-05,11.48017406463623
2013-04-08,11.594781875610352
2013-04-09,11.626617431640623
2013-04-10,11.785799980163574
2013-04-11,11.811269760131836
2013-04-12,11.760332107543944
2013-04-15,11.512009620666504
2013-04-16,11.690289497375488
2013-04-17,11.473804473876951
2013-04-18,11.352827072143556
2013-04-19,11.512009620666504
2013-04-22,11.524744987487791
2013-04-23,11.734862327575684
2013-04-24,11.804901123046877
2013-04-25,11.874943733215332
2013-04-26,11.824004173278809
2013-04-29,11.874943733215332
2013-04-30,11.906778335571287
2013-05-01,11.773066520690918
2013-05-02,11.874943733215332
2013-05-03,12.002284049987791
2013-05-06,12.129630088806152
2013-05-07,12.19330596923828
2013-05-08,12.295181274414062
2013-05-09,12.206045150756836
2013-05-10,12.256976127624512
2013-05-13,12.295181274414062
2013-05-14,12.505300521850586
2013-05-15,12.61990737915039
2013-05-16,12.53713607788086
2013-05-17,12.702682495117188
2013-05-20,12.728153228759766
2013-05-21,12.759989738464355
2013-05-22,12.626276016235352
2013-05-23,12.549870491027832
2013-05-24,12.562602996826172
2013-05-28,12.689949989318848
2013-05-29,12.689949989318848
2013-05-30,12.842768669128418
2013-05-31,12.632646560668944
2013-06-03,12.645378112792969
2013-06-04,12.530767440795898
2013-06-05,12.327016830444336
2013-06-06,12.498933792114258
2013-06-07,12.71541976928711
2013-06-10,12.721787452697754
2013-06-11,12.51166534423828
2013-06-12,12.377955436706545
2013-06-13,12.613545417785645
2013-06-14,12.447994232177734
2013-06-17,12.5689697265625
2013-06-18,12.65174674987793
2013-06-19,12.479830741882324
2013-06-20,12.212406158447266
2013-06-21,12.223278999328612
2013-06-24,12.005919456481934
2013-06-25,12.229666709899902
2013-06-26,12.351134300231934
2013-06-27,12.510953903198242
2013-06-28,12.434242248535156
2013-07-01,12.472599029541016
2013-07-02,12.485386848449709
2013-07-03,12.447028160095217
2013-07-05,12.670780181884766
2013-07-08,12.766671180725098
2013-07-09,12.875351905822754
2013-07-10,12.79863739013672
2013-07-11,12.9201078414917
2013-07-12,13.009605407714844
2013-07-15,13.06714153289795
2013-07-16,13.015996932983398
2013-07-17,13.073532104492188
2013-07-18,13.246145248413086
2013-07-19,13.252537727355955
2013-07-22,13.34203815460205
2013-07-23,13.290894508361816
2013-07-24,13.194994926452637
2013-07-25,13.207786560058594
2013-07-26,13.194994926452637
2013-07-29,13.09910488128662
2013-07-30,13.092713356018066
2013-07-31,13.09910488128662
2013-08-01,13.310073852539062
2013-08-02,13.30367946624756
2013-08-05,13.278106689453123
2013-08-06,13.156641006469728
2013-08-07,13.06714153289795
2013-08-08,13.09910488128662
2013-08-09,13.054353713989258
2013-08-12,13.00320816040039
2013-08-13,13.06714153289795
2013-08-14,13.015996932983398
2013-08-15,12.824207305908203
2013-08-16,12.79863739013672
2013-08-19,12.632420539855955
2013-08-20,12.75388526916504
2013-08-21,12.664383888244627
2013-08-22,12.811423301696776
2013-08-23,12.824207305908203
2013-08-26,12.741098403930664
2013-08-27,12.434242248535156
2013-08-28,12.453421592712402
2013-08-29,12.485386848449709
2013-08-30,12.427848815917969
2013-09-03,12.530133247375488
2013-09-04,12.626030921936035
2013-09-05,12.65799331665039
2013-09-06,12.65799331665039
2013-09-09,12.805030822753906
2013-09-10,12.95846176147461
2013-09-11,12.971245765686035
2013-09-12,12.875351905822754
2013-09-13,12.91371250152588
2013-09-16,13.054353713989258
2013-09-17,13.118284225463867
2013-09-18,13.233356475830078
2013-09-19,13.18221664428711
2013-09-20,13.112255096435549
2013-09-23,12.926130294799805
2013-09-24,12.842695236206056
2013-09-25,12.913296699523926
2013-09-26,12.913296699523926
2013-09-27,12.868365287780762
2013-09-30,12.778508186340332
2013-10-01,12.868365287780762
2013-10-02,12.861947059631348
2013-10-03,12.76567554473877
2013-10-04,12.868365287780762
2013-10-07,12.720751762390137
2013-10-08,12.560295104980469
2013-10-09,12.60522174835205
2013-10-10,12.964640617370604
2013-10-11,13.035237312316896
2013-10-14,13.099422454833984
2013-10-15,13.003145217895508
2013-10-16,13.279130935668944
2013-10-17,13.39465618133545
2013-10-18,13.420326232910156
2013-10-21,13.39465618133545
2013-10-22,13.420326232910156
2013-10-23,13.311216354370115
2013-10-24,13.330470085144045
2013-10-25,13.388233184814451
2013-10-28,13.356143951416016
2013-10-29,13.39465618133545
2013-10-30,13.343310356140137
2013-10-31,13.202112197875977
2013-11-01,13.23420524597168
2013-11-04,13.240622520446776
2013-11-05,13.17002010345459
2013-11-06,13.23420524597168
2013-11-07,13.08658218383789
2013-11-08,13.388233184814451
2013-11-11,13.39465618133545
2013-11-12,13.266291618347168
2013-11-13,13.381817817687988
2013-11-14,13.497350692749023
2013-11-15,13.561527252197266
2013-11-18,13.555108070373535
2013-11-19,13.574363708496094
2013-11-20,13.53585147857666
2013-11-21,13.728397369384766
2013-11-22,13.792577743530272
2013-11-25,13.811835289001465
2013-11-26,13.798998832702637
2013-11-27,13.837504386901855
2013-11-29,13.786160469055176
2013-12-02,13.779744148254396
2013-12-03,13.638540267944336
2013-12-04,13.670632362365724
2013-12-05,13.542272567749023
2013-12-06,13.728397369384766
2013-12-09,13.786160469055176
2013-12-10,13.73481559753418
2013-12-11,13.548688888549805
2013-12-12,13.548688888549805
2013-12-13,13.561527252197266
2013-12-16,13.644959449768066
2013-12-17,13.555108070373535
2013-12-18,13.86959171295166
2013-12-19,13.850337982177734
2013-12-20,13.934813499450684
2013-12-23,13.999298095703123
2013-12-24,14.025094985961914
2013-12-26,14.057336807250977
2013-12-27,14.050886154174805
2013-12-30,14.025094985961914
2013-12-31,14.096020698547363
2014-01-02,14.01863956451416
2014-01-03,14.115367889404297
2014-01-06,14.128267288208008
2014-01-07,14.134716033935549
2014-01-08,14.179852485656738
2014-01-09,14.231433868408203
2014-01-10,14.205644607543944
2014-01-13,13.992850303649902
2014-01-14,14.108917236328123
2014-01-15,14.276573181152344
2014-01-16,14.186299324035645
2014-01-17,14.141161918640137
2014-01-21,14.154061317443848
2014-01-22,14.16050624847412
2014-01-23,13.928364753723145
2014-01-24,13.612399101257324
2014-01-27,13.528573036193848
2014-01-28,13.709124565124512
2014-01-29,13.547917366027832
2014-01-30,13.741366386413574
2014-01-31,13.580156326293944
2014-02-03,13.238397598266602
2014-02-04,13.36736297607422
2014-02-05,13.354463577270508
2014-02-06,13.560818672180176
2014-02-07,13.728470802307127
2014-02-10,13.741366386413574
2014-02-11,13.88322639465332
2014-02-12,13.88322639465332
2014-02-13,13.934813499450684
2014-02-14,13.9541597366333
2014-02-18,13.979955673217772
2014-02-19,13.786503791809082
2014-02-20,13.82519245147705
2014-02-21,13.850987434387209
2014-02-24,13.9541597366333
2014-02-25,13.870335578918455
2014-02-26,13.850987434387209
2014-02-27,13.921918869018556
2014-02-28,13.992850303649902
2014-03-03,13.88322639465332
2014-03-04,14.16695785522461
2014-03-05,14.315264701843262
2014-03-06,14.360397338867188
2014-03-07,14.424883842468262
2014-03-10,14.4313383102417
2014-03-11,14.334611892700195
2014-03-12,14.308815002441406
2014-03-13,14.14760971069336
2014-03-14,14.057336807250977
2014-03-17,14.205644607543944
2014-03-18,14.276573181152344
2014-03-19,14.270130157470703
2014-03-20,14.495819091796877
2014-03-21,14.497760772705078
2014-03-24,14.491289138793944
2014-03-25,14.478341102600098
2014-03-26,14.329480171203612
2014-03-27,14.251813888549805
2014-03-28,14.310063362121582
2014-03-31,14.458927154541016
2014-04-01,14.484817504882812
2014-04-02,14.51718044281006
2014-04-03,14.491289138793944
2014-04-04,14.348898887634276
2014-04-07,14.1288423538208
2014-04-08,14.148259162902832
2014-04-09,14.271235466003418
2014-04-10,13.941149711608888
2014-04-11,13.772875785827637
2014-04-14,13.882905006408691
2014-04-15,14.012344360351562
2014-04-16,14.122365951538086
2014-04-17,14.148259162902832
2014-04-21,14.135316848754885
2014-04-22,14.232399940490724
2014-04-23,14.264761924743652
2014-04-24,14.258288383483888
2014-04-25,14.141793251037598
2014-04-28,14.057646751403809
2014-04-29,14.193565368652344
2014-04-30,14.212983131408691
2014-05-01,14.23887062072754
2014-05-02,14.232399940490724
2014-05-05,14.174149513244627
2014-05-06,13.973511695861816
2014-05-07,14.161203384399414
2014-05-08,14.200037002563477
2014-05-09,14.193565368652344
2014-05-12,14.335952758789062
2014-05-13,14.32301425933838
2014-05-14,14.219457626342772
2014-05-15,14.057646751403809
2014-05-16,14.077069282531738
2014-05-19,14.148259162902832
2014-05-20,14.06412410736084
2014-05-21,14.15473461151123
2014-05-22,14.219457626342772
2014-05-23,14.264761924743652
2014-05-27,14.387734413146973
2014-05-28,14.36184024810791
2014-05-29,14.394207000732422
2014-05-30,14.42656707763672
2014-06-02,14.465399742126465
2014-06-03,14.484817504882812
2014-06-04,14.52365016937256
2014-06-05,14.659564018249512
2014-06-06,14.756648063659668
2014-06-09,14.821368217468262
2014-06-10,14.814899444580078
2014-06-11,14.717813491821287
2014-06-12,14.627205848693848
2014-06-13,14.633682250976562
2014-06-16,14.562484741210938
2014-06-17,14.711341857910156
2014-06-18,14.795483589172363
2014-06-19,14.776065826416016
2014-06-20,14.83454704284668
2014-06-23,14.867036819458008
2014-06-24,14.76956558227539
2014-06-25,14.78256893157959
2014-06-26,14.73058032989502
2014-06-27,14.7890625
2014-06-30,14.776062965393066
2014-07-01,14.867036819458008
2014-07-02,14.854042053222656
2014-07-03,14.97100067138672
2014-07-07,14.906021118164062
2014-07-08,14.776062965393066
2014-07-09,14.81505298614502
2014-07-10,14.717583656311035
2014-07-11,14.743577003479004
2014-07-14,14.83454704284668
2014-07-15,14.938508987426758
2014-07-16,14.912522315979004
2014-07-17,14.717583656311035
2014-07-18,14.886531829833984
2014-07-21,14.847542762756348
2014-07-22,14.893022537231444
2014-07-23,14.92551040649414
2014-07-24,14.95800495147705
2014-07-25,14.873534202575684
2014-07-28,14.88002872467041
2014-07-29,14.802053451538086
2014-07-30,14.867036819458008
2014-07-31,14.561639785766602
2014-08-01,14.438177108764648
2014-08-04,14.555139541625977
2014-08-05,14.405688285827637
2014-08-06,14.464168548583984
2014-08-07,14.399195671081545
2014-08-08,14.542144775390623
2014-08-11,14.555139541625977
2014-08-12,14.587624549865724
2014-08-13,14.652606010437012
2014-08-14,14.743577003479004
2014-08-15,14.67210292816162
2014-08-18,14.83454704284668
2014-08-19,14.860541343688965
2014-08-20,14.899530410766602
2014-08-21,15.07496738433838
2014-08-22,15.022994995117188
2014-08-25,15.152941703796388
2014-08-26,15.185429573059082
2014-08-27,15.152941703796388
2014-08-28,15.107457160949709
2014-08-29,15.178929328918455
2014-09-02,15.237412452697754
2014-09-03,15.211421012878418
2014-09-04,15.22441864013672
2014-09-05,15.24390697479248
2014-09-08,15.250407218933104
2014-09-09,15.094459533691406
2014-09-10,15.172432899475098
2014-09-11,15.211421012878418
2014-09-12,15.198427200317385
2014-09-15,15.191927909851074
2014-09-16,15.256902694702148
2014-09-17,15.32188320159912
2014-09-18,15.47132968902588
2014-09-19,15.430879592895508
2014-09-22,15.326489448547363
2014-09-23,15.222084045410156
2014-09-24,15.30691146850586
2014-09-25,15.052450180053713
2014-09-26,15.195988655090332
2014-09-29,15.143795013427734
2014-09-30,15.117697715759276
2014-10-01,14.93500518798828
2014-10-02,14.974149703979492
2014-10-03,15.189465522766112
2014-10-06,15.143795013427734
2014-10-07,14.889327049255373
2014-10-08,15.169894218444824
2014-10-09,14.850179672241213
2014-10-10,14.732741355895996
2014-10-13,14.602245330810549
2014-10-14,14.660970687866213
2014-10-15,14.380410194396973
2014-10-16,14.380410194396973
2014-10-17,14.563100814819336
2014-10-20,14.64791774749756
2014-10-21,14.921957015991213
2014-10-22,14.784937858581545
2014-10-23,14.928475379943848
2014-10-24,15.072027206420898
2014-10-27,15.091593742370604
2014-10-28,15.254712104797363
2014-10-29,15.29386043548584
2014-10-30,15.37868309020996
2014-10-31,15.554852485656738
2014-11-03,15.613571166992188
2014-11-04,15.620095252990724
2014-11-05,15.724492073059082
2014-11-06,15.75058937072754
2014-11-07,15.75711154937744
2014-11-10,15.841938018798828
2014-11-11,15.789738655090332
2014-11-12,15.75711154937744
2014-11-13,15.75058937072754
2014-11-14,15.698391914367676
2014-11-17,15.698391914367676
2014-11-18,15.75058937072754
2014-11-19,15.717967987060549
2014-11-20,15.717967987060549
2014-11-21,15.796266555786133
2014-11-24,15.900657653808594
2014-11-25,15.887605667114258
2014-11-26,15.907187461853027
2014-11-28,15.9202299118042
2014-12-01,15.809318542480469
2014-12-02,15.959383964538574
2014-12-03,16.03115463256836
2014-12-04,16.05072593688965
2014-12-05,16.194265365600586
2014-12-08,16.272567749023438
2014-12-09,16.233415603637695
2014-12-10,16.02462387084961
2014-12-11,16.063772201538086
2014-12-12,15.75058937072754
2014-12-15,15.607048034667969
2014-12-16,15.456974983215332
2014-12-17,15.809318542480469
2014-12-18,16.17469596862793
2014-12-19,16.18518829345703
2014-12-22,16.296674728393555
2014-12-23,16.38848876953125
2014-12-24,16.362262725830078
2014-12-26,16.362262725830078
2014-12-29,16.421276092529297
2014-12-30,16.40159797668457
2014-12-31,16.21798324584961
2015-01-02,16.21798324584961
2015-01-05,15.876959800720217
2015-01-06,15.63431453704834
2015-01-07,15.798264503479004
2015-01-08,16.03435516357422
2015-01-09,15.817944526672363
2015-01-12,15.686777114868164
2015-01-13,15.63431453704834
2015-01-14,15.411341667175291
2015-01-15,15.221163749694824
2015-01-16,15.40478515625
2015-01-20,15.339207649230955
2015-01-21,15.378555297851562
2015-01-22,15.758915901184082
2015-01-23,15.588412284851074
2015-01-26,15.66710376739502
2015-01-27,15.496589660644531
2015-01-28,15.214609146118164
2015-01-29,15.339207649230955
2015-01-30,15.09000015258789
2015-02-02,15.332642555236816
2015-02-03,15.588412284851074
2015-02-04,15.549060821533203
2015-02-05,15.70644760131836
2015-02-06,15.831049919128418
2015-02-09,15.752357482910156
2015-02-10,15.876959800720217
2015-02-11,15.876959800720217
2015-02-12,16.03435516357422
2015-02-13,16.021236419677734
2015-02-17,16.073705673217773
2015-02-18,15.975334167480469
2015-02-19,15.909751892089844
2015-02-20,16.027793884277344
2015-02-23,15.988445281982422
2015-02-24,16.0671443939209
2015-02-25,16.0671443939209
2015-02-26,16.027793884277344
2015-02-27,15.96877384185791
2015-03-02,16.08681869506836
2015-03-03,16.040916442871094
2015-03-04,15.942543029785156
2015-03-05,16.00812339782715
2015-03-06,15.89007568359375
2015-03-09,15.962212562561035
2015-03-10,15.621200561523438
2015-03-11,15.719571113586426
2015-03-12,16.060588836669922
2015-03-13,15.94909954071045
2015-03-16,16.145841598510742
2015-03-17,16.106487274169922
2015-03-18,16.198299407958984
2015-03-19,16.04747200012207
2015-03-20,16.265348434448242
2015-03-23,16.17319679260254
2015-03-24,16.041545867919922
2015-03-25,15.784829139709473
2015-03-26,15.771660804748535
2015-03-27,15.751912117004396
2015-03-30,15.982306480407717
2015-03-31,15.870403289794922
2015-04-01,15.857236862182615
2015-04-02,15.936226844787598
2015-04-06,15.96255588531494
2015-04-07,15.876985549926758
2015-04-08,15.936226844787598
2015-04-09,15.96255588531494
2015-04-10,15.955974578857422
2015-04-13,16.01521873474121
2015-04-14,16.01521873474121
2015-04-15,16.074464797973633
2015-04-16,16.100788116455078
2015-04-17,15.883566856384276
2015-04-20,15.94939422607422
2015-04-21,15.870403289794922
2015-04-22,15.982306480407717
2015-04-23,16.00863265991211
2015-04-24,15.982306480407717
2015-04-27,15.923056602478027
2015-04-28,16.01521873474121
2015-04-29,16.00863265991211
2015-04-30,15.883566856384276
2015-05-01,16.02179718017578
2015-05-04,16.179780960083008
2015-05-05,16.03496551513672
2015-05-06,15.955974578857422
2015-05-07,16.067873001098633
2015-05-08,16.298263549804688
2015-05-11,16.23902130126953
2015-05-12,16.179780960083008
2015-05-13,16.186363220214844
2015-05-14,16.3311824798584
2015-05-15,16.25876808166504
2015-05-18,16.350921630859375
2015-05-19,16.443073272705078
2015-05-20,16.396997451782227
2015-05-21,16.35750389099121
2015-05-22,16.364089965820312
2015-05-26,16.179780960083008
2015-05-27,16.35750389099121
2015-05-28,16.337759017944336
2015-05-29,16.192943572998047
2015-06-01,16.206106185913086
2015-06-02,16.232440948486328
2015-06-03,16.37067222595215
2015-06-04,16.225847244262695
2015-06-05,16.318010330200195
2015-06-08,16.21927261352539
2015-06-09,16.25876808166504
2015-06-10,16.489158630371094
2015-06-11,16.55497932434082
2015-06-12,16.48257064819336
2015-06-15,16.41016387939453
2015-06-16,16.5023193359375
2015-06-17,16.48257064819336
2015-06-18,16.633970260620117
2015-06-19,16.356306076049805
2015-06-22,16.607521057128906
2015-06-23,16.640579223632812
2015-06-24,16.50174331665039
2015-06-25,16.402578353881836
2015-06-26,16.45547103881836
2015-06-29,16.05879020690918
2015-06-30,16.118289947509766
2015-07-01,16.362899780273438
2015-07-02,16.290185928344727
2015-07-06,16.22407341003418
2015-07-07,16.257125854492188
2015-07-08,15.97283935546875
2015-07-09,16.098451614379883
2015-07-10,16.290185928344727
2015-07-13,16.488513946533203
2015-07-14,16.528186798095703
2015-07-15,16.66702651977539
2015-07-16,16.83230209350586
2015-07-17,16.786027908325195
2015-07-20,16.80586051940918
2015-07-21,16.786027908325195
2015-07-22,16.91164207458496
2015-07-23,16.766197204589844
2015-07-24,16.607521057128906
2015-07-27,16.488513946533203
2015-07-28,16.55463218688965
2015-07-29,16.71991729736328
2015-07-30,16.71991729736328
2015-07-31,16.66702651977539
2015-08-03,16.647188186645508
2015-08-04,16.620744705200195
2015-08-05,16.686864852905273
2015-08-06,16.62735939025879
2015-08-07,16.66041374206543
2015-08-10,16.819082260131836
2015-08-11,16.66702651977539
2015-08-12,16.514963150024414
2015-08-13,16.574466705322266
2015-08-14,16.69346809387207
2015-08-17,16.726530075073242
2015-08-18,16.71330451965332
2015-08-19,16.561250686645508
2015-08-20,16.210847854614258
2015-08-21,15.629057884216309
2015-08-24,14.961321830749512
2015-08-25,14.762978553771973
2015-08-26,15.31832504272461
2015-08-27,15.695171356201172
2015-08-28,15.622440338134766
2015-08-31,15.49022102355957
2015-09-01,14.987764358520508
2015-09-02,15.192712783813477
2015-09-03,15.278656005859377
2015-09-04,14.974541664123535
2015-09-08,15.357994079589844
2015-09-09,15.146434783935549
2015-09-10,15.219155311584473
2015-09-11,15.285277366638184
2015-09-14,15.252217292785645
2015-09-15,15.470381736755373
2015-09-16,15.569558143615724
2015-09-17,15.351383209228516
2015-09-18,15.054412841796877
2015-09-21,15.227149963378906
2015-09-22,15.034481048583984
2015-09-23,15.041123390197754
2015-09-24,14.934831619262695
2015-09-25,15.154070854187012
2015-09-28,14.801956176757812
2015-09-29,14.828527450561523
2015-09-30,15.054412841796877
2015-10-01,15.061057090759276
2015-10-02,15.080988883972168
2015-10-05,15.399879455566406
2015-10-06,15.32680606842041
2015-10-07,15.44638442993164
2015-10-08,15.539395332336426
2015-10-09,15.43974494934082
2015-10-12,15.453031539916992
2015-10-13,15.333451271057127
2015-10-14,15.20721435546875
2015-10-15,15.55268669128418
2015-10-16,15.645697593688965
2015-10-19,15.632403373718262
2015-10-20,15.725418090820312
2015-10-21,15.61248016357422
2015-10-22,15.864933967590332
2015-10-23,16.037662506103516
2015-10-26,15.971221923828123
2015-10-27,15.87821102142334
2015-10-28,16.250263214111328
2015-10-29,16.23032569885254
2015-10-30,15.997802734375
2015-11-02,16.217044830322266
2015-11-03,16.243619918823242
2015-11-04,16.197113037109375
2015-11-05,16.263547897338867
2015-11-06,16.429641723632812
2015-11-09,16.250263214111328
2015-11-10,16.32334327697754
2015-11-11,16.27019691467285
2015-11-12,16.024385452270508
2015-11-13,15.89150333404541
2015-11-16,16.08417320251465
2015-11-17,16.050954818725586
2015-11-18,16.336626052856445
2015-11-19,16.36320686340332
2015-11-20,16.389774322509766
2015-11-23,16.32334327697754
2015-11-24,16.27683448791504
2015-11-25,16.29012680053711
2015-11-27,16.32999038696289
2015-11-30,16.316696166992188
2015-12-01,16.49608039855957
2015-12-02,16.303407669067383
2015-12-03,16.037662506103516
2015-12-04,16.462860107421875
2015-12-07,16.31005096435547
2015-12-08,16.10409927368164
2015-12-09,15.918086051940918
2015-12-10,15.931368827819824
2015-12-11,15.579261779785156
2015-12-14,15.61248016357422
2015-12-15,15.97787380218506
2015-12-16,16.236976623535156
2015-12-17,16.004446029663086
2015-12-18,15.57659149169922
2015-12-21,15.73034954071045
2015-12-22,15.877433776855469
2015-12-23,16.06462287902832
2015-12-24,16.051246643066406
2015-12-28,16.037874221801758
2015-12-29,16.205001831054688
2015-12-30,16.091350555419922
2015-12-31,15.93091106414795
2016-01-04,15.62339210510254
2016-01-05,15.683557510375977
2016-01-06,15.442890167236328
2016-01-07,15.008345603942873
2016-01-08,14.774365425109863
2016-01-11,14.794421195983888
2016-01-12,14.908069610595703
2016-01-13,14.520323753356934
2016-01-14,14.64734935760498
2016-01-15,14.319769859313965
2016-01-19,14.313085556030272
2016-01-20,14.032301902770996
2016-01-21,13.972134590148926
2016-01-22,14.226181030273438
2016-01-25,13.938712120056152
2016-01-26,14.172694206237791
2016-01-27,14.119213104248049
2016-01-28,14.125896453857422
2016-01-29,14.520323753356934
2016-02-01,14.460159301757812
2016-02-02,14.059051513671877
2016-02-03,14.07241439819336
2016-02-04,14.19275188446045
2016-02-05,14.005562782287598
2016-02-08,13.651244163513184
2016-02-09,13.63119125366211
2016-02-10,13.557650566101074
2016-02-11,13.143171310424805
2016-02-12,13.698040962219238
2016-02-16,13.918655395507812
2016-02-17,14.105846405029297
2016-02-18,14.02562427520752
2016-02-19,14.02562427520752
2016-02-22,14.246233940124512
2016-02-23,13.992197036743164
2016-02-24,13.958770751953123
2016-02-25,14.152637481689451
2016-02-26,14.252920150756836
2016-02-29,14.099159240722656
2016-03-01,14.573807716369627
2016-03-02,14.734253883361816
2016-03-03,14.8345365524292
2016-03-04,14.89470100402832
2016-03-07,14.88801383972168
2016-03-08,14.64734935760498
2016-03-09,14.66740608215332
2016-03-10,14.65403175354004
2016-03-11,15.03508758544922
2016-03-14,14.98829746246338
2016-03-15,14.981611251831056
2016-03-16,14.948183059692385
2016-03-17,15.12868309020996
2016-03-18,15.262980461120604
2016-03-21,15.236123085021973
2016-03-22,15.18911361694336
2016-03-23,15.074963569641112
2016-03-24,14.980955123901367
2016-03-28,15.027963638305664
2016-03-29,15.05482292175293
2016-03-30,15.142115592956545
2016-03-31,15.108540534973145
2016-04-01,15.242837905883787
2016-04-04,15.168967247009276
2016-04-05,14.954095840454102
2016-04-06,15.034679412841797
2016-04-07,14.752649307250977
2016-04-08,14.806367874145508
2016-04-11,14.866804122924805
2016-04-12,15.05482292175293
2016-04-13,15.3972806930542
2016-04-14,15.430851936340332
2016-04-15,15.377131462097168
2016-04-18,15.491291999816896
2016-04-19,15.686020851135254
2016-04-20,15.806888580322266
2016-04-21,15.66587734222412
2016-04-22,15.813607215881348
2016-04-25,15.780035018920898
2016-04-26,15.880748748779297
2016-04-27,15.907612800598145
2016-04-28,15.739736557006836
2016-04-29,15.652445793151855
2016-05-02,15.793464660644531
2016-05-03,15.592016220092772
2016-05-04,15.471151351928713
2016-05-05,15.464431762695312
2016-05-06,15.531576156616213
2016-05-09,15.491291999816896
2016-05-10,15.712882995605469
2016-05-11,15.54500675201416
2016-05-12,15.551719665527344
2016-05-13,15.3637056350708
2016-05-16,15.444279670715332
2016-05-17,15.3569917678833
2016-05-18,15.62558364868164
2016-05-19,15.47785758972168
2016-05-20,15.585294723510742
2016-05-23,15.571868896484377
2016-05-24,15.806888580322266
2016-05-25,15.97476291656494
2016-05-26,15.880748748779297
2016-05-27,15.98819637298584
2016-05-31,15.94789981842041
2016-06-01,15.981477737426758
2016-06-02,16.015058517456055
2016-06-03,15.786742210388184
2016-06-06,15.880748748779297
2016-06-07,15.847176551818848
2016-06-08,15.860610961914062
2016-06-09,15.746460914611816
2016-06-10,15.551719665527344
2016-06-13,15.444279670715332
2016-06-14,15.215977668762209
2016-06-15,15.236123085021973
2016-06-16,15.276408195495604
2016-06-17,15.263586044311523
2016-06-20,15.351344108581545
2016-06-21,15.43910789489746
2016-06-22,15.42560577392578
2016-06-23,15.74964427947998
2016-06-24,14.90579319000244
2016-06-27,14.48048973083496
2016-06-28,14.851787567138672
2016-06-29,15.1893310546875
2016-06-30,15.432358741760254
2016-07-01,15.351344108581545
2016-07-05,15.121817588806152
2016-07-06,15.162324905395508
2016-07-07,15.182570457458496
2016-07-08,15.472860336303713
2016-07-11,15.560620307922363
2016-07-12,15.756393432617188
2016-07-13,15.756393432617188
2016-07-14,15.904905319213867
2016-07-15,15.877911567687988
2016-07-18,15.93191909790039
2016-07-19,15.938666343688965
2016-07-20,15.965675354003906
2016-07-21,15.884661674499512
2016-07-22,15.985921859741213
2016-07-25,15.952163696289062
2016-07-26,15.965675354003906
2016-07-27,15.958918571472168
2016-07-28,15.992674827575684
2016-07-29,15.965675354003906
2016-08-01,15.92516803741455
2016-08-02,15.790149688720703
2016-08-03,15.952163696289062
2016-08-04,15.911664962768556
2016-08-05,16.215444564819336
2016-08-08,16.23570442199707
2016-08-09,16.24919891357422
2016-08-10,16.120939254760742
2016-08-11,16.154691696166992
2016-08-12,16.107437133789062
2016-08-15,16.215444564819336
2016-08-16,16.174943923950195
2016-08-17,16.22894859313965
2016-08-18,16.215444564819336
2016-08-19,16.208698272705078
2016-08-22,16.208698272705078
2016-08-23,16.22894859313965
2016-08-24,16.22220230102539
2016-08-25,16.255956649780273
2016-08-26,16.276208877563477
2016-08-29,16.417972564697266
2016-08-30,16.56649398803711
2016-08-31,16.579994201660156
2016-09-01,16.51248550415039
2016-09-02,16.58674430847168
2016-09-06,16.55974769592285
2016-09-07,16.55298614501953
2016-09-08,16.53948402404785
2016-09-09,16.22894859313965
2016-09-12,16.41122055053711
2016-09-13,16.120939254760742
2016-09-14,16.080434799194336
2016-09-15,16.174943923950195
2016-09-16,16.021644592285156
2016-09-19,16.12380599975586
2016-09-20,16.132158279418945
2016-09-21,16.23235321044922
2016-09-22,16.265756607055664
2016-09-23,16.1822566986084
2016-09-26,15.923410415649414
2016-09-27,16.04865837097168
2016-09-28,16.12380599975586
2016-09-29,15.898354530334473
2016-09-30,16.11545753479004
2016-10-03,16.040302276611328
2016-10-04,16.107107162475586
2016-10-05,16.365957260131836
2016-10-06,16.39101219177246
2016-10-07,16.382659912109375
2016-10-10,16.46615982055664
2016-10-11,16.31586265563965
2016-10-12,16.29916000366211
2016-10-13,16.1405086517334
2016-10-14,16.215660095214844
2016-10-17,16.1405086517334
2016-10-18,16.274106979370117
2016-10-19,16.41605567932129
2016-10-20,16.41605567932129
2016-10-21,16.407703399658203
2016-10-24,16.457805633544922
2016-10-25,16.44110870361328
2016-10-26,16.54130744934082
2016-10-27,16.583057403564453
2016-10-28,16.50790786743164
2016-10-31,16.482851028442383
2016-11-01,16.41605567932129
2016-11-02,16.307506561279297
2016-11-03,16.32420539855957
2016-11-04,16.274106979370117
2016-11-07,16.683259963989258
2016-11-08,16.691606521606445
2016-11-09,17.401357650756836
2016-11-10,18.044301986694336
2016-11-11,18.09440040588379
2016-11-14,18.53694725036621
2016-11-15,18.520246505737305
2016-11-16,18.2530517578125
2016-11-17,18.503549575805664
2016-11-18,18.503549575805664
2016-11-21,18.57035255432129
2016-11-22,18.57869911193848
2016-11-23,18.6872501373291
2016-11-25,18.712303161621094
2016-11-28,18.49519729614257
2016-11-29,18.545297622680664
2016-11-30,18.79580307006836
2016-12-01,19.12145233154297
2016-12-02,18.912702560424805
2016-12-05,19.13815116882324
2016-12-06,19.305150985717773
2016-12-07,19.605751037597656
2016-12-08,19.789447784423828
2016-12-09,19.831195831298828
2016-12-12,19.639148712158203
2016-12-13,19.68925094604492
2016-12-14,19.597394943237305
2016-12-15,19.76439666748047
2016-12-16,19.59412956237793
2016-12-19,19.602514266967773
2016-12-20,19.84575843811035
2016-12-21,19.79542732238769
2016-12-22,19.745105743408203
2016-12-23,19.77865982055664
2016-12-27,19.803821563720703
2016-12-28,19.602514266967773
2016-12-29,19.459917068481445
2016-12-30,19.501855850219727
2017-01-03,19.719942092895508
2017-01-04,19.87931060791016
2017-01-05,19.677997589111328
2017-01-06,19.745105743408203
2017-01-09,19.61089515686035
2017-01-10,19.652841567993164
2017-01-11,19.77865982055664
2017-01-12,19.61089515686035
2017-01-13,19.719942092895508
2017-01-17,19.25022315979004
2017-01-18,19.409587860107425
2017-01-19,19.32570457458496
2017-01-20,19.41797637939453
2017-01-23,19.292156219482425
2017-01-24,19.53540802001953
2017-01-25,19.862537384033203
2017-01-26,19.912860870361328
2017-01-27,19.83737564086914
2017-01-30,19.677997589111328
2017-01-31,19.552181243896484
2017-02-01,19.577348709106445
2017-02-02,19.501855850219727
2017-02-03,19.896089553833008
2017-02-06,19.803821563720703
2017-02-07,19.75349807739257
2017-02-08,19.619285583496094
2017-02-09,19.8876953125
2017-02-10,19.946420669555664
2017-02-13,20.172889709472656
2017-02-14,20.407751083374023
2017-02-15,20.567121505737305
2017-02-16,20.516788482666016
2017-02-17,20.525182723999023
2017-02-21,20.62583541870117
2017-02-22,20.64261054992676
2017-02-23,20.64261054992676
2017-02-24,20.48323631286621
2017-02-27,20.59228134155273
2017-02-28,20.58388900756836
2017-03-01,21.171049118041992
2017-03-02,20.843917846679688
2017-03-03,20.94457626342773
2017-03-06,20.785202026367188
2017-03-07,20.72648811340332
2017-03-08,20.734882354736328
2017-03-09,20.81037139892578
2017-03-10,20.793596267700195
2017-03-13,20.843917846679688
2017-03-14,20.785202026367188
2017-03-15,20.751651763916016
2017-03-16,20.785202026367188
2017-03-17,20.58150100708008
2017-03-20,20.41313934326172
2017-03-21,19.84073257446289
2017-03-22,19.79863929748535
2017-03-23,19.84073257446289
2017-03-24,19.815473556518555
2017-03-27,19.739717483520508
2017-03-28,20.00908851623535
2017-03-29,19.882822036743164
2017-03-30,20.143768310546875
2017-03-31,19.97541236877441
2017-04-03,19.933326721191406
2017-04-04,19.90807342529297
2017-04-05,19.756547927856445
2017-04-06,19.882822036743164
2017-04-07,19.79863929748535
2017-04-10,19.74812889099121
2017-04-11,19.68920516967773
2017-04-12,19.52927017211914
2017-04-13,19.276735305786133
2017-04-17,19.613445281982425
2017-04-18,19.42825698852539
2017-04-19,19.36933326721192
2017-04-20,19.6976261138916
2017-04-21,19.495590209960938
2017-04-24,19.933326721191406
2017-04-25,20.11009407043457
2017-04-26,20.09326362609864
2017-04-27,20.00066566467285
2017-04-28,19.80705451965332
2017-05-01,19.933326721191406
2017-05-02,19.90807342529297
2017-05-03,20.06800842285156
2017-05-04,20.1016788482666
2017-05-05,20.06800842285156
2017-05-08,20.051170349121094
2017-05-09,19.97541236877441
2017-05-10,20.04275703430176
2017-05-11,19.916486740112305
2017-05-12,19.832311630249023
2017-05-15,19.98383140563965
2017-05-16,20.04275703430176
2017-05-17,19.41141891479492
2017-05-18,19.487178802490234
2017-05-19,19.65553474426269
2017-05-22,19.7060489654541
2017-05-23,19.857563018798828
2017-05-24,19.849151611328125
2017-05-25,19.882822036743164
2017-05-26,19.87439727783203
2017-05-30,19.739717483520508
2017-05-31,19.57135963439941
2017-06-01,19.815473556518555
2017-06-02,19.739717483520508
2017-06-05,19.773387908935547
2017-06-06,19.68920516967773
2017-06-07,19.84073257446289
2017-06-08,20.06800842285156
2017-06-09,20.446813583374023
2017-06-12,20.4888916015625
2017-06-13,20.598331451416016
2017-06-14,20.63200187683105
2017-06-15,20.547822952270508
2017-06-16,20.525007247924805
2017-06-19,20.736251831054688
2017-06-20,20.558807373046875
2017-06-21,20.389816284179688
2017-06-22,20.263059616088867
2017-06-23,20.18700790405273
2017-06-26,20.29685401916504
2017-06-27,20.39825820922852
2017-06-28,20.719362258911133
2017-06-29,20.863012313842773
2017-06-30,20.84610939025879
2017-07-03,21.15030860900879
2017-07-05,21.184106826782227
2017-07-06,21.023555755615234
2017-07-07,21.167207717895508
2017-07-10,21.14185333251953
2017-07-11,20.955957412719727
2017-07-12,21.023555755615234
2017-07-13,21.15030860900879
2017-07-14,21.057353973388672
2017-07-17,20.989755630493164
2017-07-18,20.955957412719727
2017-07-19,20.96440887451172
2017-07-20,20.955957412719727
2017-07-21,20.955957412719727
2017-07-24,21.048906326293945
2017-07-25,21.310853958129883
2017-07-26,21.167207717895508
2017-07-27,21.048906326293945
2017-07-28,21.048906326293945
2017-07-31,21.201005935668945
2017-08-01,21.35310935974121
2017-08-02,21.38691139221192
2017-08-03,21.310853958129883
2017-08-04,21.45450592041016
2017-08-07,21.42070579528809
2017-08-08,21.361555099487305
2017-08-09,21.361555099487305
2017-08-10,20.98130416870117
2017-08-11,20.89680290222168
2017-08-14,21.184106826782227
2017-08-15,21.201005935668945
2017-08-16,21.158763885498047
2017-08-17,20.7954044342041
2017-08-18,20.803857803344727
2017-08-21,20.744707107543945
2017-08-22,20.97286033630371
2017-08-23,20.905256271362305
2017-08-24,20.905256271362305
2017-08-25,20.96440887451172
2017-08-28,20.829214096069336
2017-08-29,20.76161193847656
2017-08-30,20.84610939025879
2017-08-31,20.871458053588867
2017-09-01,20.93061256408692
2017-09-05,20.48276138305664
2017-09-06,20.5334529876709
2017-09-07,20.17855453491211
2017-09-08,20.36445617675781
2017-09-11,20.719362258911133
2017-09-12,20.96440887451172
2017-09-13,20.99820137023925
2017-09-14,20.955957412719727
2017-09-15,21.01790428161621
2017-09-18,21.263973236083984
2017-09-19,21.425193786621094
2017-09-20,21.552471160888672
2017-09-21,21.603376388549805
2017-09-22,21.577926635742188
2017-09-25,21.552471160888672
2017-09-26,21.543981552124023
2017-09-27,21.807024002075195
2017-09-28,21.840967178344727
2017-09-29,21.94278907775879
2017-10-02,22.12946510314941
2017-10-03,22.205829620361328
2017-10-04,22.10401153564453
2017-10-05,22.33310890197754
2017-10-06,22.358562469482425
2017-10-09,22.27371406555176
2017-10-10,22.37553977966309
2017-10-11,22.33310890197754
2017-10-12,22.163406372070312
2017-10-13,22.17188835144043
2017-10-16,22.31613540649414
2017-10-17,22.205829620361328
2017-10-18,22.32462501525879
2017-10-19,22.34159469604492
2017-10-20,22.60463523864746
2017-10-23,22.5876693725586
2017-10-24,22.74888229370117
2017-10-25,22.613115310668945
2017-10-26,22.74039649963379
2017-10-27,22.72343063354492
2017-10-30,22.630088806152344
2017-10-31,22.570697784423828
2017-11-01,22.60463523864746
2017-11-02,22.816768646240234
2017-11-03,22.72343063354492
2017-11-06,22.697975158691406
2017-11-07,22.384017944335938
2017-11-08,22.27371406555176
2017-11-09,22.19734001159668
2017-11-10,22.12946510314941
2017-11-13,22.163406372070312
2017-11-14,22.15492057800293
2017-11-15,22.21432113647461
2017-11-16,22.22280502319336
2017-11-17,22.19734001159668
2017-11-20,22.29916763305664
2017-11-21,22.36705017089844
2017-11-22,22.25673484802246
2017-11-24,22.248260498046875
2017-11-27,22.23128890991211
2017-11-28,22.80827522277832
2017-11-29,23.19860076904297
2017-11-30,23.35133934020996
2017-12-01,23.40224838256836
2017-12-04,23.75863075256348
2017-12-05,23.63134384155273
2017-12-06,23.546497344970703
2017-12-07,23.62286376953125
2017-12-08,23.7671127319336
2017-12-11,23.70771789550781
2017-12-12,23.94530296325684
2017-12-13,23.648317337036133
2017-12-14,23.49558448791504
2017-12-15,23.706993103027344
2017-12-18,23.92011260986328
2017-12-19,23.81781578063965
2017-12-20,23.775190353393555
2017-12-21,23.97978401184082
2017-12-22,23.91158676147461
2017-12-26,23.8433895111084
2017-12-27,23.868968963623047
2017-12-28,23.96273231506348
2017-12-29,23.79224395751953
2018-01-02,23.80076789855957
2018-01-03,23.92863273620605
2018-01-04,24.15027618408203
2018-01-05,24.21847152709961
2018-01-08,24.184371948242188
2018-01-09,24.371915817260746
2018-01-10,24.57650756835937
2018-01-11,24.69585227966309
2018-01-12,24.9174861907959
2018-01-16,24.84929084777832
2018-01-17,25.036840438842773
2018-01-18,25.00273895263672
2018-01-19,25.1817569732666
2018-01-22,25.386348724365234
2018-01-23,25.41192054748535
2018-01-24,25.582414627075195
2018-01-25,25.53127098083496
2018-01-26,25.718809127807617
2018-01-29,25.616518020629883
2018-01-30,25.2840518951416
2018-01-31,25.352245330810547
2018-02-01,25.590944290161133
2018-02-02,25.028308868408203
2018-02-05,23.766660690307617
2018-02-06,24.201425552368164
2018-02-07,24.21847152709961
2018-02-08,23.152894973754883
2018-02-09,23.596179962158203
2018-02-12,23.92863273620605
2018-02-13,24.03092765808105
2018-02-14,24.60207748413086
2018-02-15,24.73847770690918
2018-02-16,24.704376220703125
2018-02-20,24.627656936645508
2018-02-21,24.66175651550293
2018-02-22,24.45716094970703
2018-02-23,24.82371711730957
2018-02-26,25.198802947998047
2018-02-27,24.96011734008789
2018-02-28,24.6106071472168
2018-03-01,24.184371948242188
2018-03-02,24.244049072265625
2018-03-05,24.58502769470215
2018-03-06,24.68733024597168
2018-03-07,24.64470672607422
2018-03-08,24.721420288085938
2018-03-09,25.318153381347656
2018-03-12,25.23290061950684
2018-03-13,24.951595306396484
2018-03-14,24.670278549194336
2018-03-15,24.67880630493164
2018-03-16,24.70019149780273
2018-03-19,24.520517349243164
2018-03-20,24.58041763305664
2018-03-21,24.571853637695312
2018-03-22,23.66496086120605
2018-03-23,22.94627952575684
2018-03-26,23.690624237060547
2018-03-27,23.22861862182617
2018-03-28,23.271398544311523
2018-03-29,23.58796119689941
2018-04-02,23.066059112548828
2018-04-03,23.382617950439453
2018-04-04,23.630739212036133
2018-04-05,23.81895446777344
2018-04-06,23.245729446411133
2018-04-09,23.37405776977539
2018-04-10,23.72484397888184
2018-04-11,23.442506790161133
2018-04-12,23.85317611694336
2018-04-13,23.49384117126465
2018-04-16,23.596513748168945
2018-04-17,23.596513748168945
2018-04-18,23.48528861999512
2018-04-19,23.844627380371094
2018-04-20,23.85317611694336
2018-04-23,23.8275146484375
2018-04-24,23.67351531982422
2018-04-25,23.65639877319336
2018-04-26,23.66496086120605
2018-04-27,23.699174880981445
2018-04-30,23.48528861999512
2018-05-01,23.49384117126465
2018-05-02,23.22861862182617
2018-05-03,23.03183555603028
2018-05-04,23.33128929138184
2018-05-07,23.48528861999512
2018-05-08,23.647846221923828
2018-05-09,23.998628616333008
2018-05-10,24.19540786743164
2018-05-11,24.178295135498047
2018-05-14,24.16118431091309
2018-05-15,24.118408203125
2018-05-16,24.16118431091309
2018-05-17,24.10985946655273
2018-05-18,23.91307258605957
2018-05-21,24.08418846130371
2018-05-22,24.246740341186523
2018-05-23,24.092744827270508
2018-05-24,23.904521942138672
2018-05-25,23.8275146484375
2018-05-29,23.03183555603028
2018-05-30,23.451061248779297
2018-05-31,23.25428771972656
2018-06-01,23.51095962524414
2018-06-04,23.58796119689941
2018-06-05,23.48528861999512
2018-06-06,23.91307258605957
2018-06-07,23.99007225036621
2018-06-08,24.02429580688477
2018-06-11,23.97295188903809
2018-06-12,23.91307258605957
2018-06-13,23.8275146484375
2018-06-14,23.605070114135746
2018-06-15,23.60420799255371
2018-06-18,23.561243057250977
2018-06-19,23.501100540161133
2018-06-20,23.440948486328125
2018-06-21,23.372203826904297
2018-06-22,23.26049995422364
2018-06-25,23.01131248474121
2018-06-26,22.933979034423828
2018-06-27,22.65041732788086
2018-06-28,22.848045349121094
2018-06-29,22.848045349121094
2018-07-02,22.959754943847656
2018-07-03,22.753528594970703
2018-07-05,22.80508804321289
2018-07-06,22.91678810119629
2018-07-09,23.440948486328125
2018-07-10,23.35502052307129
2018-07-11,23.243316650390625
2018-07-12,23.28627586364746
2018-07-13,23.18317031860352
2018-07-16,23.59561347961425
2018-07-17,23.621395111083984
2018-07-18,23.99947166442871
2018-07-19,23.638578414916992
2018-07-20,23.681549072265625
2018-07-23,24.008071899414062
2018-07-24,24.076801300048828
2018-07-25,24.12836647033692
2018-07-26,24.119770050048828
2018-07-27,24.17132377624512
2018-07-30,24.188514709472656
2018-07-31,24.016660690307617
2018-08-01,24.016660690307617
2018-08-02,24.02525329589844
2018-08-03,24.162738800048828
2018-08-06,24.2916259765625
2018-08-07,24.4033317565918
2018-08-08,24.46347999572754
2018-08-09,24.3174057006836
2018-08-10,24.033843994140625
2018-08-13,23.80183792114257
2018-08-14,24.02525329589844
2018-08-15,23.836212158203125
2018-08-16,24.15414047241211
2018-08-17,24.205705642700195
2018-08-20,24.283031463623047
2018-08-21,24.377552032470703
2018-08-22,24.2916259765625
2018-08-23,24.17991828918457
2018-08-24,24.26584815979004
2018-08-27,24.59237670898437
2018-08-28,24.56659889221192
2018-08-29,24.558002471923828
2018-08-30,24.368959426879883
2018-08-31,24.343181610107425
2018-09-04,24.46347999572754
2018-09-05,24.48066520690918
2018-09-06,24.368959426879883
2018-09-07,24.343181610107425
2018-09-10,24.3174057006836
2018-09-11,24.343181610107425
2018-09-12,24.119770050048828
2018-09-13,24.08540153503418
2018-09-14,24.25725746154785
2018-09-17,24.15414047241211
2018-09-18,24.274438858032227
2018-09-19,24.68689727783203
2018-09-20,24.901710510253903
2018-09-21,24.80504608154297
2018-09-24,24.52886009216309
2018-09-25,24.433916091918945
2018-09-26,24.140470504760746
2018-09-27,24.05415916442871
2018-09-28,23.80386734008789
2018-10-01,23.89880752563477
2018-10-02,23.89880752563477
2018-10-03,24.12320899963379
2018-10-04,24.287193298339844
2018-10-05,24.166358947753903
2018-10-08,24.3303451538086
2018-10-09,24.235408782958984
2018-10-10,23.484525680541992
2018-10-11,22.78542709350586
2018-10-12,22.81132125854492
2018-10-15,22.707748413085938
2018-10-16,23.08750534057617
2018-10-17,23.320541381835938
2018-10-18,22.932153701782227
2018-10-19,23.018461227416992
2018-10-22,22.526500701904297
2018-10-23,22.34525489807129
2018-10-24,21.78424835205078
2018-10-25,22.120853424072266
2018-10-26,21.8015079498291
2018-10-29,21.991384506225582
2018-10-30,22.37114715576172
2018-10-31,22.68185234069824
2018-11-01,22.78542709350586
2018-11-02,22.76816177368164
2018-11-05,23.130659103393555
2018-11-06,23.251489639282227
2018-11-07,23.55357551574707
2018-11-08,23.62262344360352
2018-11-09,23.40684509277344
2018-11-12,22.94078063964844
2018-11-13,23.07024574279785
2018-11-14,22.759536743164062
2018-11-15,23.096134185791016
2018-11-16,23.12202835083008
2018-11-19,23.113399505615234
2018-11-20,22.60417938232422
2018-11-21,22.62143898010254
2018-11-23,22.440189361572266
2018-11-26,22.89762687683105
2018-11-27,22.914888381958008
2018-11-28,23.35506248474121
2018-11-29,23.15655517578125
2018-11-30,23.27738380432129
2018-12-03,23.42411231994629
2018-12-04,22.40566635131836
2018-12-06,22.094959259033203
2018-12-07,21.67204475402832
2018-12-10,21.369972229003903
2018-12-11,21.162826538085938
2018-12-12,21.283660888671875
2018-12-13,21.128305435180664
2018-12-14,20.9211654663086
2018-12-17,20.71402359008789
2018-12-18,20.636350631713867
2018-12-19,20.37742042541504
2018-12-20,20.19617462158203
2018-12-21,19.79233741760254
2018-12-24,19.375473022460938
2018-12-26,20.25262451171875
2018-12-27,20.49579429626465
2018-12-28,20.487110137939453
2018-12-31,20.68685340881348
2019-01-02,20.86054992675781
2019-01-03,20.39157485961914
2019-01-04,21.068986892700195
2019-01-07,21.09503173828125
2019-01-08,21.112409591674805
2019-01-09,21.21662330627441
2019-01-10,21.225305557250977
2019-01-11,21.27741050720215
2019-01-14,21.425052642822266
2019-01-15,21.616111755371094
2019-01-16,22.07640266418457
2019-01-17,22.19799041748047
2019-01-18,22.58011054992676
2019-01-22,22.31957626342773
2019-01-23,22.345626831054688
2019-01-24,22.39773941040039
2019-01-25,22.58011054992676
2019-01-28,22.51063537597656
2019-01-29,22.432472229003903
2019-01-30,22.56274032592773
2019-01-31,22.528005599975582
2019-02-01,22.623533248901367
2019-02-04,22.719066619873047
2019-02-05,22.65827369689941
2019-02-06,22.632219314575195
2019-02-07,22.406417846679688
2019-02-08,22.29351806640625
2019-02-11,22.36299705505371
2019-02-12,22.693010330200195
2019-02-13,22.753807067871094
2019-02-14,22.475893020629883
2019-02-15,22.95355033874512
2019-02-19,22.988290786743164
2019-02-20,23.135927200317383
2019-02-21,23.01435089111328
2019-02-22,22.97960090637207
2019-02-25,23.07513427734375
2019-02-26,23.005661010742188
2019-02-27,23.09250831604004
2019-02-28,23.031715393066406
2019-03-01,23.179349899291992
2019-03-04,23.031715393066406
2019-03-05,22.94486427307129
2019-03-06,22.79722595214844
2019-03-07,22.56274032592773
2019-03-08,22.554054260253903
2019-03-11,22.788543701171875
2019-03-12,22.84064674377441
2019-03-13,22.996976852416992
2019-03-14,23.08382034301757
2019-03-15,23.245311737060547
2019-03-18,23.48099708557129
2019-03-19,23.29767799377441
2019-03-20,22.81758689880371
2019-03-21,22.74775695800781
2019-03-22,22.1192684173584
2019-03-25,22.023252487182617
2019-03-26,22.285120010375977
2019-03-27,22.18910217285156
2019-03-28,22.381139755249023
2019-03-29,22.44223976135254
2019-04-01,22.99216651916504
2019-04-02,22.97471237182617
2019-04-03,23.04454231262207
2019-04-04,23.1842098236084
2019-04-05,23.21912384033203
2019-04-08,23.245311737060547
2019-04-09,23.053272247314453
2019-04-10,23.12310218811035
2019-04-11,23.262758255004883
2019-04-12,23.690488815307617
2019-04-15,23.542097091674805
2019-04-16,23.873794555664062
2019-04-17,23.93490219116211
2019-04-18,23.86507034301757
2019-04-22,23.79523277282715
2019-04-23,23.943628311157227
2019-04-24,23.917444229125977
2019-04-25,23.961088180541992
2019-04-26,24.17930793762207
2019-04-29,24.42372131347656
2019-04-30,24.45863914489746
2019-05-01,24.257871627807617
2019-05-02,24.28406143188477
2019-05-03,24.50228500366211
2019-05-06,24.336435317993164
2019-05-07,23.93490219116211
2019-05-08,23.882524490356445
2019-05-09,23.830150604248047
2019-05-10,23.987274169921875
2019-05-13,23.288951873779297
2019-05-14,23.472261428833008
2019-05-15,23.384973526000977
2019-05-16,23.62065315246582
2019-05-17,23.463531494140625
2019-05-20,23.489721298217773
2019-05-21,23.7341365814209
2019-05-22,23.59446907043457
2019-05-23,23.262758255004883
2019-05-24,23.446075439453125
2019-05-28,23.175472259521484
2019-05-29,23.13183212280273
2019-05-30,23.053272247314453
2019-05-31,22.7041130065918
2019-06-03,22.85250473022461
2019-06-04,23.472261428833008
2019-06-05,23.62065315246582
2019-06-06,23.707948684692383
2019-06-07,23.673030853271484
2019-06-10,23.873794555664062
2019-06-11,23.882524490356445
2019-06-12,23.646841049194336
2019-06-13,23.725400924682617
2019-06-14,23.777774810791016
2019-06-17,23.559551239013672
2019-06-18,23.873794555664062
2019-06-19,23.830150604248047
2019-06-20,23.93490219116211
2019-06-21,23.881383895874023
2019-06-24,23.784873962402344
2019-06-25,23.70591163635254
2019-06-26,23.662044525146484
2019-06-27,23.87261199951172
2019-06-28,24.21477508544922
2019-07-01,24.504297256469727
2019-07-02,24.44288825988769
2019-07-03,24.635900497436523
2019-07-05,24.706092834472656
2019-07-08,24.58325958251953
2019-07-09,24.62712860107422
2019-07-10,24.539390563964844
2019-07-11,24.67976760864257
2019-07-12,24.84646415710449
2019-07-15,24.706092834472656
2019-07-16,24.64467430114746
2019-07-17,24.4341049194336
2019-07-18,24.61835289001465
2019-07-19,24.513072967529297
2019-07-22,24.565711975097656
2019-07-23,24.820144653320312
2019-07-24,25.074573516845703
2019-07-25,24.899105072021484
2019-07-26,25.17108154296875
2019-07-29,24.978065490722656
2019-07-30,24.90787696838379
2019-07-31,24.78504943847656
2019-08-01,24.223546981811523
2019-08-02,24.21477508544922
2019-08-05,23.407609939575195
2019-08-06,23.784873962402344
2019-08-07,23.46903419494629
2019-08-08,23.916473388671875
2019-08-09,23.83751678466797
2019-08-12,23.381288528442383
2019-08-13,23.67081642150879
2019-08-14,22.7934684753418
2019-08-15,22.90753173828125
2019-08-16,23.31110191345215
2019-08-19,23.54798698425293
2019-08-20,23.23214530944824
2019-08-21,23.337427139282227
2019-08-22,23.49535369873047
2019-08-23,22.89875221252441
2019-08-26,23.11809158325196
2019-08-27,22.97771644592285
2019-08-28,23.188278198242188
2019-08-29,23.53922271728516
2019-08-30,23.6181755065918
2019-09-03,23.372522354125977
2019-09-04,23.60063362121582
2019-09-05,24.08317375183105
2019-09-06,24.074398040771484
2019-09-09,24.44288825988769
2019-09-10,24.53062057495117
2019-09-11,24.670991897583008
2019-09-12,24.80259323120117
2019-09-13,24.9956111907959
2019-09-16,24.90787696838379
2019-09-17,24.9341983795166
2019-09-18,25.021934509277344
2019-09-19,24.90787696838379
2019-09-20,24.76149559020996
2019-09-23,24.805587768554688
2019-09-24,24.567501068115234
2019-09-25,24.77031707763672
2019-09-26,24.65567970275879
2019-09-27,24.7526798248291
2019-09-30,24.69095039367676
2019-10-01,24.17067527770996
2019-10-02,23.676856994628903
2019-10-03,23.773855209350582
2019-10-04,24.214767456054688
2019-10-07,24.091312408447266
2019-10-08,23.615135192871094
2019-10-09,23.83558464050293
2019-10-10,24.082494735717773
2019-10-11,24.38231468200684
2019-10-14,24.41758728027344
2019-10-15,24.77031707763672
2019-10-16,24.70858764648437
2019-10-17,24.72622299194336
2019-10-18,24.787952423095703
2019-10-21,25.13186264038086
2019-10-22,25.06131362915039
2019-10-23,25.167133331298828
2019-10-24,25.13186264038086
2019-10-25,25.255313873291016
2019-10-28,25.387592315673828
2019-10-29,25.449317932128903
2019-10-30,25.431678771972656
2019-10-31,25.3082275390625
2019-11-01,25.6785888671875
2019-11-04,25.899045944213867
2019-11-05,25.99605178833008
2019-11-06,26.128314971923828
2019-11-07,26.32231330871582
2019-11-08,26.31349754333496
2019-11-11,26.24295234680176
2019-11-12,26.278226852416992
2019-11-13,26.110679626464844
2019-11-14,26.163589477539062
2019-11-15,26.2341365814209
2019-11-18,26.28704643249512
2019-11-19,26.33995819091797
2019-11-20,26.21649742126465
2019-11-21,26.19004821777344
2019-11-22,26.3840446472168
2019-11-25,26.551591873168945
2019-11-26,26.52513694763184
2019-11-27,26.63095474243164
2019-11-29,26.58686065673828
2019-12-02,26.419313430786133
2019-12-03,26.048952102661133
2019-12-04,26.295860290527344
2019-12-05,26.419313430786133
2019-12-06,26.77204704284668
2019-12-09,26.710317611694336
2019-12-10,26.719135284423828
2019-12-11,26.65740776062012
2019-12-12,27.17767906188965
2019-12-13,27.08068084716797
2019-12-16,27.17767906188965
2019-12-17,27.283506393432617
2019-12-18,27.16886329650879
2019-12-19,27.16004943847656
2019-12-20,27.19194984436035
2019-12-23,27.12991142272949
2019-12-24,27.19194984436035
2019-12-26,27.34262657165528
2019-12-27,27.2717227935791
2019-12-30,27.19194984436035
2019-12-31,27.28058242797852
2020-01-02,27.54647827148437
2020-01-03,27.25399780273437
2020-01-06,27.236270904541016
2020-01-07,27.05900382995605
2020-01-08,27.236270904541016
2020-01-09,27.4046688079834
2020-01-10,27.20081901550293
2020-01-13,27.386943817138672
2020-01-14,27.333765029907227
2020-01-15,27.18309211730957
2020-01-16,27.42239761352539
2020-01-17,27.50216293334961
2020-01-21,27.2717227935791
2020-01-22,27.35148811340332
2020-01-23,27.28058242797852
2020-01-24,26.934926986694336
2020-01-27,26.51835823059082
2020-01-28,26.82856750488281
2020-01-29,26.78424835205078
2020-01-30,27.12104797363281
2020-01-31,26.55381202697754
2020-02-03,26.73993682861328
2020-02-04,26.996967315673828
2020-02-05,27.53761482238769
2020-02-06,27.50216293334961
2020-02-07,27.4046688079834
2020-02-10,27.48443984985352
2020-02-11,27.581928253173828
2020-02-12,27.599653244018555
2020-02-13,27.59079360961914
2020-02-14,27.626245498657227
2020-02-18,27.386943817138672
2020-02-19,27.59079360961914
2020-02-20,27.53761482238769
2020-02-21,27.2717227935791
2020-02-24,26.385412216186523
2020-02-25,25.4902400970459
2020-02-26,25.30411529541016
2020-02-27,24.222824096679688
2020-02-28,23.566951751708984
2020-03-02,24.7723331451416
2020-03-03,23.84170722961425
2020-03-04,24.630521774291992
2020-03-05,23.44286727905273
2020-03-06,22.64518928527832
2020-03-09,20.216705322265625
2020-03-10,21.404359817504883
2020-03-11,20.243295669555664
2020-03-12,18.05411529541016
2020-03-13,20.429420471191406
2020-03-16,17.62868309020996
2020-03-17,18.58589553833008
2020-03-18,17.008268356323242
2020-03-19,17.380516052246094
2020-03-20,16.760101318359375
2020-03-23,15.784934043884276
2020-03-24,17.742408752441406
2020-03-25,18.22507667541504
2020-03-26,19.36917495727539
2020-03-27,18.77924537658692
2020-03-30,19.136777877807617
2020-03-31,18.609420776367188
2020-04-01,17.47426414489746
2020-04-02,17.912235260009766
2020-04-03,17.554706573486328
2020-04-06,18.81500244140625
2020-04-07,19.00270652770996
2020-04-08,19.833965301513672
2020-04-09,20.897611618041992
2020-04-13,20.13786125183105
2020-04-14,20.22724342346192
2020-04-15,19.35129737854004
2020-04-16,19.01164054870605
2020-04-17,20.012725830078125
2020-04-20,19.664134979248047
2020-04-21,19.02952003479004
2020-04-22,19.2351016998291
2020-04-23,19.154653549194336
2020-04-24,19.431739807128903
2020-04-27,20.09317207336425
2020-04-28,20.30768394470215
2020-04-29,20.897611618041992
2020-04-30,20.370258331298828
2020-05-01,19.71776008605957
2020-05-04,19.53899955749512
2020-05-05,19.476430892944336
2020-05-06,19.05633544921875
2020-05-07,19.50324440002441
2020-05-08,19.923343658447266
2020-05-11,19.53899955749512
2020-05-12,19.02952003479004
2020-05-13,18.46640968322754
2020-05-14,18.94013404846192
2020-05-15,18.81500244140625
2020-05-18,19.780330657958984
2020-05-19,19.297666549682617
2020-05-20,19.726701736450195
2020-05-21,19.664134979248047
2020-05-22,19.59262466430664
2020-05-26,20.611587524414062
2020-05-27,21.50541114807129
2020-05-28,21.16575813293457
2020-05-29,20.924428939819336
2020-06-01,21.16575813293457
2020-06-02,21.335588455200195
2020-06-03,22.131088256835938
2020-06-04,22.613752365112305
2020-06-05,23.45394897460937
2020-06-08,23.900859832763672
2020-06-09,23.39138603210449
2020-06-10,22.515430450439453
2020-06-11,20.67416000366211
2020-06-12,21.299829483032227
2020-06-15,21.59479141235352
2020-06-16,21.9344425201416
2020-06-17,21.603736877441406
2020-06-18,21.57692146301269
2020-06-19,21.43391227722168
2020-06-22,21.327756881713867
2020-06-23,21.42671203613281
2020-06-24,20.671104431152344
2020-06-25,21.21981811523437
2020-06-26,20.31129646301269
2020-06-29,20.53618049621582
2020-06-30,20.81502914428711
2020-07-01,20.6351261138916
2020-07-02,20.662113189697266
2020-07-06,21.05790901184082
2020-07-07,20.626127243041992
2020-07-08,20.84201431274414
2020-07-09,20.4012508392334
2020-07-10,21.102876663208008
2020-07-13,21.19283103942871
2020-07-14,21.30077362060547
2020-07-15,21.723552703857425
2020-07-16,21.723552703857425
2020-07-17,21.54365348815918
2020-07-20,21.4446964263916
2020-07-21,21.867477416992188
2020-07-22,21.867477416992188
2020-07-23,21.885469436645508
2020-07-24,21.831499099731445
2020-07-27,21.65159034729004
2020-07-28,21.59762191772461
2020-07-29,22.00240898132324
2020-07-30,21.60661506652832
2020-07-31,21.615610122680664
2020-08-03,21.67858123779297
2020-08-04,21.588623046875
2020-08-05,21.885469436645508
2020-08-06,21.876468658447266
2020-08-07,22.344221115112305
2020-08-10,22.50614356994629
2020-08-11,22.767004013061523
2020-08-12,22.70403289794922
2020-08-13,22.56011390686035
2020-08-14,22.650066375732425
2020-08-17,22.27225875854492
2020-08-18,22.12833976745605
2020-08-19,22.119340896606445
2020-08-20,21.91245079040528
2020-08-21,21.867477416992188
2020-08-24,22.389205932617188
2020-08-25,22.45216941833496
2020-08-26,22.344221115112305
2020-08-27,22.72202491760254
2020-08-28,22.811981201171875
2020-08-31,22.542125701904297
2020-09-01,22.60508728027344
2020-09-02,22.928918838500977
2020-09-03,22.578105926513672
2020-09-04,22.74901580810547
2020-09-08,22.16431999206543
2020-09-09,22.389205932617188
2020-09-10,22.074363708496094
2020-09-11,22.22728729248047
2020-09-14,22.53312492370605
2020-09-15,22.22728729248047
2020-09-16,22.479154586791992
2020-09-17,22.245275497436523
2020-09-18,22.20030212402344
2020-09-21,21.6440544128418
2020-09-22,21.4631576538086
2020-09-23,20.983789443969727
2020-09-24,21.02901268005371
2020-09-25,21.24608039855957
2020-09-28,21.752588272094727
2020-09-29,21.48124885559082
2020-09-30,21.77067375183105
2020-10-01,21.80685806274414
2020-10-02,21.97870635986328
2020-10-05,22.340496063232425
2020-10-06,22.114381790161133
2020-10-07,22.48521423339844
2020-10-08,22.79273796081543
2020-10-09,22.81986618041992
2020-10-12,23.0731201171875
2020-10-13,22.629932403564453
2020-10-14,22.4128532409668
2020-10-15,22.58470726013184
2020-10-16,22.6027889251709
2020-10-19,22.259092330932617
2020-10-20,22.43998908996582
2020-10-21,22.322404861450195
2020-10-22,22.765596389770508
2020-10-23,22.837953567504883
2020-10-26,22.322404861450195
2020-10-27,21.91539192199707
2020-10-28,21.354623794555664
2020-10-29,21.51742935180664
2020-10-30,21.58073806762696
2020-11-02,21.98775100708008
2020-11-03,22.47616958618164
2020-11-04,22.2138729095459
2020-11-05,22.756553649902344
2020-11-06,22.575658798217773
2020-11-09,24.429832458496094
2020-11-10,24.556453704833984
2020-11-11,24.456966400146484
2020-11-12,24.049951553344727
2020-11-13,24.44791984558105
2020-11-16,24.990602493286133
2020-11-17,24.95442581176757
2020-11-18,24.719263076782227
2020-11-19,24.80066299438477
2020-11-20,24.58359146118164
2020-11-23,25.04487037658692
2020-11-24,25.92221641540528
2020-11-25,25.831764221191406
2020-11-27,25.750362396240234
2020-11-30,25.216720581054688
2020-12-01,25.60564613342285
2020-12-02,25.886032104492188
2020-12-03,25.89507484436035
2020-12-04,26.211645126342773
2020-12-07,26.030750274658203
2020-12-08,26.02170181274414
2020-12-09,25.95838737487793
2020-12-10,26.00362014770508
2020-12-11,25.74131202697754
2020-12-14,25.44284439086914
2020-12-15,25.876989364624023
2020-12-16,25.92221641540528
2020-12-17,25.99456787109375
2020-12-18,25.76844787597656
2020-12-21,26.11581420898437
2020-12-22,25.861204147338867
2020-12-23,26.2885856628418
2020-12-24,26.32495307922364
2020-12-28,26.4522705078125
2020-12-29,26.361331939697266
2020-12-30,26.47954559326172
2020-12-31,26.8068962097168
2021-01-04,26.44317054748535
2021-01-05,26.561378479003903
2021-01-06,27.73440933227539
2021-01-07,28.13451766967773
2021-01-08,28.116331100463867
2021-01-11,28.207260131835938
2021-01-12,28.498241424560547
2021-01-13,28.48006057739257
2021-01-14,28.607362747192383
2021-01-15,28.13451766967773
2021-01-19,28.207260131835938
2021-01-20,28.089052200317383
2021-01-21,27.788970947265625
2021-01-22,27.58891868591309
2021-01-25,27.38886833190918
2021-01-26,27.17062759399414
2021-01-27,26.370424270629883
2021-01-28,26.861461639404297
2021-01-29,26.32495307922364
2021-02-01,26.670503616333008
2021-02-02,27.31612205505371
2021-02-03,27.470706939697266
2021-02-04,28.079954147338867
2021-02-05,28.089052200317383
2021-02-08,28.452777862548828
2021-02-09,28.46186828613281
2021-02-10,28.46186828613281
2021-02-11,28.37094116210937
2021-02-12,28.66192054748535
2021-02-16,29.15295791625977
2021-02-17,29.29845428466797
2021-02-18,29.12567710876465
2021-02-19,29.471216201782227
2021-02-22,29.744014739990234
2021-02-23,29.92587852478028
2021-02-24,30.50784492492676
2021-02-25,29.95315933227539
2021-02-26,29.38028717041016
2021-03-01,30.298704147338867
2021-03-02,30.18959045410156
2021-03-03,30.42600440979004
2021-03-04,30.08047103881836
2021-03-05,30.6533432006836
2021-03-08,31.04435920715332
2021-03-09,30.76246452331543
2021-03-10,31.389896392822266
2021-03-11,31.29896354675293
2021-03-12,31.617233276367188
2021-03-15,31.435359954833984
2021-03-16,31.10800552368164
2021-03-17,31.3171615600586
2021-03-18,31.480823516845703
2021-03-19,31.11710929870605
2021-03-22,30.71613883972168
2021-03-23,30.2868595123291
2021-03-24,30.39646339416504
2021-03-25,30.907939910888672
2021-03-26,31.39202117919922
2021-03-29,31.11801719665528
2021-03-30,31.337221145629883
2021-03-31,31.099742889404297
2021-04-01,31.483362197875977
2021-04-05,31.72995948791504
2021-04-06,31.66602897644043
2021-04-07,31.8212947845459
2021-04-08,31.83042335510254
2021-04-09,32.104434967041016
2021-04-12,32.2414436340332
2021-04-13,31.94003677368164
2021-04-14,32.131839752197266
2021-04-15,32.104434967041016
2021-04-16,32.3327751159668
2021-04-19,32.2414436340332
2021-04-20,31.63862609863281
2021-04-21,32.07704162597656
2021-04-22,31.7208251953125
2021-04-23,32.31452178955078
2021-04-26,32.442378997802734
2021-04-27,32.698123931884766
2021-04-28,32.825984954833984
2021-04-29,33.410545349121094
2021-04-30,33.118263244628906
2021-05-03,33.28266906738281
2021-05-04,33.54753875732422
2021-05-05,33.82154083251953
2021-05-06,34.32389831542969
2021-05-07,34.50655746459961
2021-05-10,34.47916412353516
2021-05-11,33.867210388183594
2021-05-12,33.520137786865234
2021-05-13,34.059024810791016
2021-05-14,34.59789276123047
2021-05-17,34.661834716796875
2021-05-18,34.17775344848633
2021-05-19,33.96767807006836
2021-05-20,33.98595428466797
2021-05-21,34.32389831542969
2021-05-24,34.48829650878906
2021-05-25,34.14121627807617
2021-05-26,34.2416877746582
2021-05-27,34.63443374633789
2021-05-28,34.69837188720703
2021-06-01,34.908443450927734
2021-06-02,34.96324157714844
2021-06-03,35.045433044433594
2021-06-04,35.13677978515625
2021-06-07,34.908443450927734
2021-06-08,34.81710433959961
2021-06-09,34.48829650878906
2021-06-10,34.08641815185547
2021-06-11,34.30562973022461
2021-06-14,33.94941711425781
2021-06-15,34.01334762573242
2021-06-16,33.97681427001953
2021-06-17,32.972129821777344
2021-06-18,32.1775016784668
2021-06-21,32.928504943847656
2021-06-22,32.98352813720703
2021-06-23,33.04772186279297
2021-06-24,33.46035385131836
2021-06-25,33.86381912231445
2021-06-28,33.61623764038086
2021-06-29,33.49703598022461
2021-06-30,33.64374542236328
2021-07-01,33.909664154052734
2021-07-02,33.87298583984375
2021-07-06,33.34114456176758
2021-07-07,33.386985778808594
2021-07-08,32.71760559082031
2021-07-09,33.662086486816406
2021-07-12,33.9921989440918
2021-07-13,33.62540435791016
2021-07-14,33.46952438354492
2021-07-15,33.579559326171875
2021-07-16,33.12106704711914
2021-07-19,32.19492721557617
2021-07-20,32.99270248413086
2021-07-21,33.561222076416016
2021-07-22,33.194427490234375
2021-07-23,33.24945068359375
2021-07-26,33.442012786865234
2021-07-27,33.432838439941406
2021-07-28,33.386985778808594
2021-07-29,33.75379180908203
2021-07-30,33.48785781860352
2021-08-02,33.49703598022461
2021-08-03,33.87298583984375
2021-08-04,33.5887336730957
2021-08-05,34.02887725830078
2021-08-06,34.71660614013672
2021-08-09,34.80830764770508
2021-08-10,35.175086975097656
2021-08-11,35.57857131958008
2021-08-12,35.64273834228516
2021-08-13,35.376827239990234
2021-08-16,35.28512954711914
2021-08-17,35.037540435791016
2021-08-18,34.6065673828125
2021-08-19,34.34980773925781
2021-08-20,34.56071472167969
2021-08-23,34.8449821472168
2021-08-24,35.05588150024414
2021-08-25,35.468528747558594
2021-08-26,35.29429626464844
2021-08-27,35.76195526123047
2021-08-30,35.257625579833984
2021-08-31,35.21177291870117
2021-09-01,35.01003646850586
2021-09-02,35.129241943359375
2021-09-03,34.90916442871094
2021-09-07,34.698265075683594
2021-09-08,34.615745544433594
2021-09-09,34.71660614013672
2021-09-10,34.459861755371094
2021-09-13,34.85415267944336
2021-09-14,34.386497497558594
2021-09-15,34.71660614013672
2021-09-16,34.615745544433594
2021-09-17,34.459861755371094
2021-09-20,33.66047286987305
2021-09-21,33.61442947387695
2021-09-22,34.17620086669922
2021-09-23,35.014259338378906
2021-09-24,35.19845199584961
2021-09-27,35.677345275878906
2021-09-28,35.08793258666992
2021-09-29,35.11556625366211
2021-09-30,34.562992095947266
2021-10-01,35.13397979736328
2021-10-04,34.8300666809082
2021-10-05,35.511573791503906
2021-10-06,35.54840850830078
2021-10-07,35.760231018066406
2021-10-08,35.93520736694336
2021-10-11,35.57603454589844
2021-10-12,35.46553039550781
2021-10-13,35.26292419433594
2021-10-14,35.852325439453125
2021-10-15,36.38645935058594
2021-10-18,36.39567947387695
2021-10-19,36.75484848022461
2021-10-20,37.04954528808594
2021-10-21,36.89299011230469
2021-10-22,37.4087142944336
2021-10-25,37.36266326904297
2021-10-26,37.39029693603516
2021-10-27,36.77326583862305
2021-10-28,37.22452163696289
2021-10-29,37.07719039916992
2021-11-01,37.0955924987793
2021-11-02,37.18769073486328
2021-11-03,37.32582473754883
2021-11-04,36.83772659301758
2021-11-05,36.85615539550781
2021-11-08,37.05875015258789
2021-11-09,36.85615539550781
2021-11-10,36.79168319702149
2021-11-11,36.89299011230469
2021-11-12,36.975868225097656
2021-11-15,36.975868225097656
2021-11-16,36.93902969360352
2021-11-17,36.515403747558594
2021-11-18,36.33121871948242
2021-11-19,35.93520736694336
2021-11-22,36.44171905517578
2021-11-23,37.0127067565918
2021-11-24,36.9298210144043
2021-11-26,35.70497131347656
2021-11-29,35.81547546386719
2021-11-30,34.959007263183594
2021-12-01,34.57220458984375
2021-12-02,35.60366439819336
2021-12-03,35.02347183227539
2021-12-06,35.55760955810547
2021-12-07,36.19306945800781
2021-12-08,35.999664306640625
2021-12-09,35.925994873046875
2021-12-10,35.96283721923828
2021-12-13,35.57603454589844
2021-12-14,35.78785705566406
2021-12-15,35.889156341552734
2021-12-16,36.34041976928711
2021-12-17,35.53920364379883
2021-12-20,34.848876953125
2021-12-21,35.57065963745117
2021-12-22,35.73722076416016
2021-12-23,35.922298431396484
2021-12-27,36.292442321777344
2021-12-28,36.31094741821289
2021-12-29,36.264678955078125
2021-12-30,36.19990539550781
2021-12-31,36.1351318359375
2022-01-03,36.57929611206055
2022-01-04,37.54166793823242
2022-01-05,37.106746673583984
2022-01-06,37.6527099609375
2022-01-07,38.09688568115234
2022-01-10,37.96733474731445
2022-01-11,38.30045700073242
2022-01-12,38.328224182128906
2022-01-13,38.1801643371582
2022-01-14,37.782257080078125
2022-01-18,36.940189361572266
2022-01-19,36.3202018737793
2022-01-20,36.08885955810547
2022-01-21,35.34857177734375
2022-01-24,35.45035934448242
2022-01-25,35.598426818847656
2022-01-26,35.690956115722656
2022-01-27,35.36708450317383
2022-01-28,35.82976150512695
2022-01-31,36.14438629150391
2022-02-01,36.644073486328125
2022-02-02,36.8939208984375
2022-02-03,36.48676681518555
2022-02-04,37.106746673583984
2022-02-07,37.2177963256836
2022-02-08,37.73599624633789
2022-02-09,37.97658920288086
2022-02-10,37.64346694946289
2022-02-11,37.11600112915039
2022-02-14,36.6995964050293
2022-02-15,37.19929122924805
2022-02-16,37.22704315185547
2022-02-17,36.301700592041016
2022-02-18,36.292442321777344
2022-02-22,36.10737228393555
2022-02-23,35.47813034057617
2022-02-24,35.052459716796875
2022-02-25,36.18138885498047
2022-02-28,35.64469146728516
2022-03-01,34.330684661865234
2022-03-02,35.21902847290039
2022-03-03,35.10798645019531
2022-03-04,34.45098114013672
2022-03-07,33.192501068115234
2022-03-08,32.998172760009766
2022-03-09,34.21038818359375
2022-03-10,33.92353057861328
2022-03-11,33.68294143676758
2022-03-14,34.10859680175781
2022-03-15,34.589786529541016
2022-03-16,35.56140899658203
2022-03-17,36.005577087402344
2022-03-18,36.08885955810547
2022-03-21,36.05356216430664
2022-03-22,36.6388053894043
2022-03-23,35.960670471191406
2022-03-24,36.2486457824707
2022-03-25,36.71312713623047
2022-03-28,36.61094284057617
2022-03-29,36.69455337524414
2022-03-30,36.4344482421875
2022-03-31,35.59836196899414
2022-04-01,35.505470275878906
2022-04-04,35.3475341796875
2022-04-05,35.12458801269531
2022-04-06,34.88304901123047
2022-04-07,34.845890045166016
2022-04-08,35.19890213012695
2022-04-11,35.04097366333008
2022-04-12,34.66009521484375
2022-04-13,34.66009521484375
2022-04-14,34.269920349121094
2022-04-18,34.474308013916016
2022-04-19,34.94807434082031
2022-04-20,35.18961715698242
2022-04-21,34.632225036621094
2022-04-22,33.60106658935547
2022-04-25,33.65679931640625
2022-04-26,32.811431884765625
2022-04-27,32.783565521240234
2022-04-28,33.20161056518555
2022-04-29,32.0589599609375
2022-05-02,32.06825256347656
2022-05-03,32.486297607421875
2022-05-04,33.48029708862305
2022-05-05,32.5048713684082
2022-05-06,32.27262496948242
2022-05-09,31.501583099365234
2022-05-10,31.222883224487305
2022-05-11,30.93490219116211
2022-05-12,30.702655792236328
2022-05-13,31.14856719970703
2022-05-16,30.8884506225586
2022-05-17,31.71524429321289
2022-05-18,30.842010498046875
2022-05-19,30.637624740600582
2022-05-20,30.58189010620117
2022-05-23,31.575902938842773
2022-05-24,31.510862350463867
2022-05-25,31.761690139770508
2022-05-26,32.49557876586914
2022-05-27,33.04368209838867
2022-05-31,32.950775146484375
2022-06-01,32.4212646484375
2022-06-02,32.867183685302734
2022-06-03,32.393394470214844
2022-06-06,32.486297607421875
2022-06-07,32.737117767333984
2022-06-08,32.16114807128906
2022-06-09,31.352941513061523
2022-06-10,30.21958541870117
2022-06-13,29.318479537963867
2022-06-14,29.06766128540039
2022-06-15,29.392799377441406
2022-06-16,28.649620056152344
2022-06-17,28.73322868347168
2022-06-21,29.306655883789062
2022-06-22,29.24128150939941
2022-06-23,29.12921524047852
2022-06-24,30.203224182128903
2022-06-27,30.10049819946289
2022-06-28,29.80164337158203
2022-06-29,29.633533477783203
2022-06-30,29.372034072875977
2022-07-01,29.77362060546875
2022-07-05,29.67089080810547
2022-07-06,29.59617805480957
2022-07-07,30.025787353515625
2022-07-08,29.960411071777344
2022-07-11,29.71759033203125
2022-07-12,29.530805587768555
2022-07-13,29.26930427551269
2022-07-14,28.708940505981445
2022-07-15,29.68022918701172
2022-07-18,29.568159103393555
2022-07-19,30.45539283752441
2022-07-20,30.567461013793945
2022-07-21,30.763591766357425
2022-07-22,30.586143493652344
2022-07-25,30.782264709472656
2022-07-26,30.352657318115234
2022-07-27,30.81962203979492
2022-07-28,31.043764114379883
2022-07-29,31.482715606689453
2022-08-01,31.221210479736328
2022-08-02,30.875667572021484
2022-08-03,31.342622756958008
2022-08-04,31.239896774291992
2022-08-05,31.46403312683105
2022-08-08,31.445350646972656
2022-08-09,31.604127883911133
2022-08-10,32.313907623291016
2022-08-11,32.69681167602539
2022-08-12,33.210472106933594
2022-08-15,33.201141357421875
2022-08-16,33.443965911865234
2022-08-17,33.27585220336914
2022-08-18,33.31321334838867
2022-08-19,32.65011978149414
2022-08-22,31.930997848510746
2022-08-23,31.80025291442871
2022-08-24,31.968345642089844
2022-08-25,32.463340759277344
2022-08-26,31.492048263549805
2022-08-29,31.26790428161621
2022-08-30,31.099803924560547
2022-08-31,30.86631774902344
2022-09-01,30.9597110748291
2022-09-02,30.71689224243164
2022-09-06,30.64217758178711
2022-09-07,31.249229431152344
2022-09-08,31.80025291442871
2022-09-09,32.08975982666016
2022-09-12,32.351261138916016
2022-09-13,31.1464958190918
2022-09-14,31.05310440063477
2022-09-15,31.15584373474121
2022-09-16,30.875667572021484
2022-09-19,31.225845336914062
2022-09-20,30.76581573486328
2022-09-21,30.127405166625977
2022-09-22,29.62042999267578
2022-09-23,29.1510066986084
2022-09-26,28.69097900390625
2022-09-27,28.56892967224121
2022-09-28,29.132232666015625
2022-09-29,28.76608085632324
2022-09-30,28.50321388244629
2022-10-03,29.27305793762207
2022-10-04,30.36210823059082
2022-10-05,30.127405166625977
2022-10-06,29.70492553710937
2022-10-07,29.000791549682617
2022-10-10,28.86935806274414
2022-10-11,28.50321388244629
2022-10-12,28.43749618530273
2022-10-13,29.611040115356445
2022-10-14,29.11345291137696
2022-10-17,29.845752716064453
2022-10-18,30.324562072753903
2022-10-19,29.82697486877441
2022-10-20,29.34816551208496
2022-10-21,30.22128868103028
2022-10-24,30.624982833862305
2022-10-25,30.99113273620605
2022-10-26,31.06624221801757
2022-10-27,31.31973457336425
2022-10-28,32.098968505859375
2022-10-31,31.901805877685547
2022-11-01,31.986310958862305
2022-11-02,31.58261108398437
2022-11-03,31.26340675354004
2022-11-04,31.83609962463379
2022-11-07,32.15530014038086
2022-11-08,32.34307861328125
2022-11-09,31.79853820800781
2022-11-10,33.40396881103516
2022-11-11,33.67621612548828
2022-11-14,33.19741439819336
2022-11-15,33.27252197265625
2022-11-16,33.1129150390625
2022-11-17,32.934539794921875
2022-11-18,33.2067985534668
2022-11-21,33.31007766723633
2022-11-22,33.6480598449707
2022-11-23,33.78888702392578
2022-11-25,33.90154266357422
2022-11-28,33.3194580078125
2022-11-29,33.51660919189453
2022-11-30,34.08930969238281
2022-12-01,33.89215087890625
2022-12-02,33.7325553894043
2022-12-05,32.89698791503906
2022-12-06,32.6059455871582
2022-12-07,32.47450637817383
2022-12-08,32.50267028808594
2022-12-09,32.41817855834961
2022-12-12,32.85004425048828
2022-12-13,32.934539794921875
2022-12-14,32.521446228027344
2022-12-15,31.88303565979004
2022-12-16,31.63893699645996
2022-12-19,31.553916931152344
2022-12-20,31.686166763305664
2022-12-21,32.177433013916016
2022-12-22,31.894012451171875
2022-12-23,32.073509216308594
2022-12-27,32.06406021118164
2022-12-28,31.9506950378418
2022-12-29,32.39472198486328
2022-12-30,32.3097038269043
2023-01-03,32.42306137084961
2023-01-04,32.94265365600586
2023-01-05,32.69702911376953
2023-01-06,33.42448425292969
2023-01-09,33.301658630371094
2023-01-10,33.490604400634766
2023-01-11,33.8023681640625
2023-01-12,33.86849594116211
2023-01-13,34.12356948852539
2023-01-17,33.89684295654297
2023-01-18,33.26387023925781
2023-01-19,32.87653732299805
2023-01-20,33.396121978759766
2023-01-23,33.78346633911133
2023-01-24,33.8023681640625
2023-01-25,34.06689453125
2023-01-26,34.24637985229492
2023-01-27,34.24637985229492
2023-01-30,34.07633590698242
2023-01-31,34.539249420166016
2023-02-01,34.539249420166016
2023-02-02,34.63372039794922
2023-02-03,34.567588806152344
2023-02-06,34.55815124511719
2023-02-07,34.954925537109375
2023-02-08,34.74708938598633
2023-02-09,34.3597526550293
2023-02-10,34.47312545776367
2023-02-13,34.86991882324219
2023-02-14,34.680965423583984
2023-02-15,34.71874237060547
2023-02-16,34.36919403076172
2023-02-17,34.37864685058594
2023-02-21,33.670101165771484
2023-02-22,33.63230895996094
2023-02-23,33.66065216064453
2023-02-24,33.68899917602539
2023-02-27,33.6795539855957
2023-02-28,33.745689392089844
2023-03-01,33.63230895996094
2023-03-02,33.47171401977539
2023-03-03,34.000762939453125
2023-03-06,34.02910614013672
2023-03-07,33.1505012512207
2023-03-08,33.027687072753906
2023-03-09,31.686166763305664
2023-03-10,31.10989189147949
2023-03-13,29.881742477416992
2023-03-14,30.486366271972656
2023-03-15,29.673900604248047
2023-03-16,30.240741729736328
2023-03-17,29.267671585083008
2023-03-20,29.593324661254883
2023-03-21,30.34335327148437
2023-03-22,29.640789031982425
2023-03-23,29.441410064697266
2023-03-24,29.42242431640625
2023-03-27,29.83067512512207
2023-03-28,29.821176528930664
2023-03-29,30.25790977478028
2023-03-30,30.191452026367188
2023-03-31,30.52375030517578
2023-04-03,30.580713272094727
2023-04-04,30.295886993408203
2023-04-05,30.25790977478028
2023-04-06,30.3718376159668
2023-04-10,30.43830108642578
2023-04-11,30.70413398742676
2023-04-12,30.637678146362305
2023-04-13,30.91300773620605
2023-04-14,31.216821670532227
2023-04-17,31.57759475708008
2023-04-18,31.672536849975582
2023-04-19,31.74849510192871
2023-04-20,31.65355491638184
2023-04-21,31.539623260498047
2023-04-24,31.463668823242188
2023-04-25,30.92250061035156
2023-04-26,30.6281795501709
2023-04-27,31.12187957763672
2023-04-28,31.49214744567871
2023-05-01,31.406707763671875
2023-05-02,30.694643020629883
2023-05-03,30.34335327148437
2023-05-04,29.9540958404541
2023-05-05,30.694643020629883
2023-05-08,30.742116928100582
2023-05-09,30.6281795501709
2023-05-10,30.457290649414062
2023-05-11,30.40981101989746
2023-05-12,30.28639411926269
2023-05-15,30.533241271972656
2023-05-16,30.2484188079834
2023-05-17,30.856040954589844
2023-05-18,31.083904266357425
2023-05-19,30.950984954833984
2023-05-22,31.007953643798828
2023-05-23,30.64717102050781
2023-05-24,30.2484188079834
2023-05-25,30.238920211791992
2023-05-26,30.48577308654785
2023-05-30,30.47627639770508
2023-05-31,30.153478622436523
2023-06-01,30.47627639770508
2023-06-02,31.140872955322266
2023-06-05,30.979463577270508
2023-06-06,31.368728637695312
2023-06-07,31.49214744567871
2023-06-08,31.463668823242188
2023-06-09,31.4731674194336
2023-06-12,31.463668823242188
2023-06-13,31.65355491638184
2023-06-14,31.53013610839844
2023-06-15,31.947872161865234
2023-06-16,31.88141822814941
2023-06-20,31.642990112304688
2023-06-21,31.604846954345703
2023-06-22,31.35689163208008
2023-06-23,31.223377227783203
2023-06-26,31.156614303588867
2023-06-27,31.404571533203125
2023-06-28,31.328283309936523
2023-06-29,31.87186813354492
2023-06-30,32.1484489440918
2023-07-03,32.32964324951172
2023-07-05,32.26288604736328
2023-07-06,31.9863224029541
2023-07-07,32.03400802612305
2023-07-10,32.17705535888672
2023-07-11,32.558528900146484
2023-07-12,32.76832962036133
2023-07-13,32.882774353027344
2023-07-14,32.663429260253906
2023-07-17,32.97814178466797
2023-07-18,33.35007858276367
2023-07-19,33.493125915527344
2023-07-20,33.7410888671875
2023-07-21,33.62664031982422
2023-07-24,33.950889587402344
2023-07-25,33.731544494628906
2023-07-26,33.93182373046875
2023-07-27,33.50266647338867
2023-07-28,33.56941604614258
2023-07-31,33.69340515136719
2023-08-01,33.69340515136719
2023-08-02,33.40729522705078
2023-08-03,33.42637252807617
2023-08-04,33.29285430908203
2023-08-07,33.76015853881836
2023-08-08,33.45498275756836
2023-08-09,33.207027435302734
2023-08-10,33.235626220703125
2023-08-11,33.30238723754883
2023-08-14,33.235626220703125
2023-08-15,32.625282287597656
2023-08-16,32.57760238647461
2023-08-17,32.41547775268555
2023-08-18,32.40593338012695
2023-08-21,32.3677864074707
2023-08-22,32.06260681152344
2023-08-23,32.37732696533203
2023-08-24,32.26288604736328
2023-08-25,32.41547775268555
2023-08-28,32.596675872802734
2023-08-29,32.89231491088867
2023-08-30,32.9113883972168
2023-08-31,32.78740692138672
2023-09-01,33.083045959472656
2023-09-05,32.74925994873047
2023-09-06,32.730186462402344
2023-09-07,32.64435577392578
2023-09-08,32.71110916137695
2023-09-11,32.86370086669922
2023-09-12,33.083045959472656
2023-09-13,33.083045959472656
2023-09-14,33.388221740722656
2023-09-15,33.21656799316406
2023-09-18,33.307559967041016
2023-09-19,33.26925277709961
2023-09-20,33.03934860229492
2023-09-21,32.493316650390625
2023-09-22,32.24425506591797
2023-09-25,32.32088851928711
2023-09-26,31.889816284179688
2023-09-27,31.841915130615234
2023-09-28,32.07182312011719
2023-09-29,31.77486038208008
2023-10-02,31.50664329528809
2023-10-03,31.008514404296875
2023-10-04,31.238420486450195
2023-10-05,31.3821029663086
2023-10-06,31.650331497192383
2023-10-09,31.669496536254883
2023-10-10,31.899396896362305
2023-10-11,31.947290420532227
2023-10-12,31.74612236022949
2023-10-13,31.813182830810547
2023-10-16,32.14846420288086
2023-10-17,32.30173110961914
2023-10-18,31.74612236022949
2023-10-19,31.324630737304688
2023-10-20,30.84566116333008
2023-10-23,30.65407371520996
2023-10-24,30.86482048034668
2023-10-25,30.74986457824707
2023-10-26,30.68280601501465
2023-10-27,30.12720489501953
2023-10-30,30.663650512695312
2023-10-31,30.998931884765625
2023-11-01,31.200098037719727
2023-11-02,31.93771743774414
2023-11-03,32.35920333862305
2023-11-06,32.26341247558594
2023-11-07,32.21551513671875
2023-11-08,32.25382995605469
2023-11-09,32.11971664428711
2023-11-10,32.48373794555664
2023-11-13,32.43583679199219
2023-11-14,33.048927307128906
2023-11-15,33.230934143066406
2023-11-16,33.36504364013672
2023-11-17,33.53746795654297
2023-11-20,33.67158126831055
2023-11-21,33.65243148803711
2023-11-22,33.78652572631836
2023-11-24,33.89191436767578
2023-11-27,33.776954650878906
2023-11-28,33.76737594604492
2023-11-29,34.006866455078125
2023-11-30,34.39004135131836
2023-12-01,34.648681640625
2023-12-04,34.61036682128906
2023-12-05,34.43793869018555
2023-12-06,34.265499114990234
2023-12-07,34.4283561706543
2023-12-08,34.61036682128906
2023-12-11,34.82110977172852
2023-12-12,35.07017135620117
2023-12-13,35.63536071777344
2023-12-14,35.98979568481445
2023-12-15,35.779048919677734
2023-12-18,35.89842987060547
2023-12-19,36.1679801940918
2023-12-20,35.522979736328125
2023-12-21,35.86954879760742
2023-12-22,35.946556091308594
2023-12-26,36.0909538269043
2023-12-27,36.20648193359375
2023-12-28,36.31237411499024
2023-12-29,36.19685745239258
2024-01-02,36.35088348388672
2024-01-03,36.042816162109375
2024-01-04,36.18722915649414
2024-01-05,36.34125518798828
2024-01-08,36.572296142578125
2024-01-09,36.34125518798828
2024-01-10,36.399017333984375
2024-01-11,36.26424407958984
2024-01-12,36.19685745239258
2024-01-16,35.946556091308594
2024-01-17,35.879173278808594
2024-01-18,35.93693542480469
2024-01-19,36.5145378112793
2024-01-22,36.68782043457031
2024-01-23,36.745582580566406
2024-01-24,36.88998794555664
2024-01-25,37.07289505004883
2024-01-26,37.20767593383789
2024-01-29,37.30393981933594
2024-01-30,37.7756462097168
2024-01-31,37.313568115234375
2024-02-01,37.3713264465332
2024-02-02,37.52536010742188
2024-02-05,37.30393981933594
2024-02-06,37.38095474243164
2024-02-07,37.660133361816406
2024-02-08,37.51572799682617
2024-02-09,37.62162780761719
2024-02-12,37.79490661621094
2024-02-13,37.28468322753906
2024-02-14,37.64087677001953
2024-02-15,38.2858772277832
2024-02-16,38.151100158691406
2024-02-20,38.045204162597656
2024-02-21,38.16072082519531
2024-02-22,38.60356140136719
2024-02-23,38.79609680175781
2024-02-26,38.60356140136719
2024-02-27,38.70945739746094
2024-02-28,38.85385513305664
2024-02-29,38.8346061706543
2024-03-01,38.786468505859375
2024-03-04,38.88274383544922
2024-03-05,38.892364501953125
2024-03-06,39.09452819824219
2024-03-07,39.036766052246094
2024-03-08,39.10415649414063
2024-03-11,39.17153930664063
2024-03-12,39.3351936340332
2024-03-13,39.62400436401367
2024-03-14,39.30632400512695
2024-03-15,39.2678108215332
2024-03-18,39.49296188354492
2024-03-19,39.686222076416016
2024-03-20,40.15971755981445
2024-03-21,40.48826217651367
2024-03-22,40.0244255065918
2024-03-25,39.86981964111328
2024-03-26,40.005104064941406
2024-03-27,40.47859573364258
2024-03-28,40.70083999633789
2024-04-01,40.47859573364258
2024-04-02,40.26600646972656
2024-04-03,40.246681213378906
2024-04-04,39.79252243041992
2024-04-05,40.16937255859375
2024-04-08,40.34331512451172
2024-04-09,40.11139297485352
2024-04-10,39.51228713989258
2024-04-11,39.2320556640625
2024-04-12,38.71025085449219
2024-04-15,38.51699066162109
2024-04-16,38.25608825683594
2024-04-17,38.35271453857422
2024-04-18,38.48801040649414
2024-04-19,39.01947021484375
2024-04-22,39.49296188354492
2024-04-23,39.74420547485352
2024-04-24,39.73453903198242
2024-04-25,39.50262451171875
2024-04-26,39.44464492797852
2024-04-29,39.386661529541016
2024-04-30,39.000144958496094
2024-05-01,39.000144958496094
2024-05-02,39.09677505493164
2024-05-03,39.183738708496094
2024-05-06,39.686222076416016
2024-05-07,39.82150650024414
2024-05-08,39.966453552246094
2024-05-09,40.26600646972656
2024-05-10,40.42061233520508
2024-05-13,40.256343841552734
2024-05-14,40.459259033203125
2024-05-15,40.75882339477539
2024-05-16,40.75882339477539
2024-05-17,41.058380126953125
2024-05-20,40.4979248046875
2024-05-21,40.75882339477539
2024-05-22,40.52690505981445
2024-05-23,39.966453552246094
2024-05-24,40.2080307006836
2024-05-28,39.76352691650391
2024-05-29,39.44464492797852
2024-05-30,39.65723037719727
2024-05-31,40.23701858520508
2024-06-03,39.98577880859375
2024-06-04,39.80217361450195
2024-06-05,39.91813659667969
2024-06-06,39.89881896972656
2024-06-07,40.0824089050293
2024-06-10,39.92779541015625
2024-06-11,39.4736328125
2024-06-12,39.43498611450195
2024-06-13,39.40599060058594
2024-06-14,39.28037643432617
2024-06-17,39.62824249267578
2024-06-18,39.879486083984375
2024-06-20,40.092071533203125
2024-06-21,39.93746566772461
2024-06-24,40.34782791137695
2024-06-25,40.04708480834961
2024-06-26,39.79485321044922
2024-06-27,39.74634552001953
2024-06-28,39.882171630859375
2024-07-01,39.969482421875
2024-07-02,40.43513870239258
2024-07-03,40.309024810791016
2024-07-05,40.29932403564453
2024-07-08,40.19260787963867
2024-07-09,40.503055572509766
2024-07-10,40.65827560424805
2024-07-11,40.97841262817383
2024-07-12,41.11422729492188
2024-07-15,41.71571350097656
2024-07-16,42.19108200073242
2024-07-17,42.51123046875
2024-07-18,41.9970588684082
2024-07-19,41.570194244384766
2024-07-22,41.80302810668945
2024-07-23,41.88064193725586
2024-07-24,41.30825805664063
2024-07-25,41.46348190307617
2024-07-26,42.113468170166016
2024-07-29,42.05526351928711
2024-07-30,42.54032897949219
2024-07-31,42.43362045288086
2024-08-01,41.832130432128906
2024-08-02,40.80379486083984
2024-08-05,39.62022399902344
2024-08-06,40.26051330566406
2024-08-07,40.309024810791016
2024-08-08,40.95901107788086
2024-08-09,41.133636474609375
2024-08-12,40.92020797729492
2024-08-13,41.25975799560547
2024-08-14,41.76422500610352
2024-08-15,42.15227508544922
2024-08-16,42.46271133422852
2024-08-19,42.69554138183594
2024-08-20,42.55973052978516
2024-08-21,42.4918212890625
2024-08-22,42.734352111816406
2024-08-23,43.10300827026367
2024-08-26,43.23882293701172
2024-08-27,43.461952209472656
2024-08-28,43.56867218017578
2024-08-29,43.95671844482422
2024-08-30,44.37387847900391
2024-09-03,44.04403305053711
2024-09-04,44.0925407409668
2024-09-05,43.60747528076172
2024-09-06,42.967193603515625
2024-09-09,43.60747528076172
2024-09-10,43.16122055053711
2024-09-11,42.95748519897461
2024-09-12,43.05450439453125
2024-09-13,43.18061447143555
2024-09-16,43.74329376220703
2024-09-17,43.97611999511719
2024-09-18,43.84030532836914
2024-09-19,44.32537078857422
2024-09-20,44.296268463134766
2024-09-23,44.24271774291992
2024-09-24,43.87273788452149
2024-09-25,43.6098518371582
2024-09-26,43.83378219604492
2024-09-27,43.96036148071289
2024-09-30,44.12588119506836
2024-10-01,43.892208099365234
2024-10-02,43.94088745117188
2024-10-03,43.70720672607422
2024-10-04,44.44718933105469
2024-10-07,43.90194320678711
2024-10-08,44.15509033203125
2024-10-09,44.56402206420898
2024-10-10,44.427711486816406
2024-10-11,45.28452682495117
2024-10-14,45.56688690185547
2024-10-15,45.66425323486328
2024-10-16,46.228965759277344
2024-10-17,46.35554122924805
2024-10-18,46.36527633666992
2024-10-21,45.99529266357422
2024-10-22,45.90766525268555
2024-10-23,45.86871719360352
2024-10-24,45.90766525268555
2024-10-25,45.4013671875
2024-10-28,45.96607971191406
2024-10-29,45.6837158203125
2024-10-30,45.8881950378418
2024-10-31,45.25531768798828
2024-11-01,45.41110229492188
2024-11-04,45.060585021972656
2024-11-05,45.47925567626953
2024-11-06,48.244422912597656
2024-11-07,47.46549987792969
2024-11-08,47.8939094543457
2024-11-11,48.57546615600586
2024-11-12,48.429420471191406
2024-11-13,48.45862579345703
2024-11-14,48.3320541381836
2024-11-15,48.55599594116211
2024-11-18,48.70204162597656
2024-11-19,48.3807373046875
2024-11-20,48.23468780517578
2024-11-21,48.84809112548828
2024-11-22,49.393333435058594
2024-11-25,49.71464157104492
2024-11-26,49.81200408935547
2024-11-27,49.909366607666016
2024-11-29,49.98726272583008
2024-12-02,49.490699768066406
2024-12-03,49.12070846557617
2024-12-04,48.93571472167969
2024-12-05,49.081764221191406
2024-12-06,49.07202911376953
2024-12-09,48.40020751953125
2024-12-10,48.390472412109375
2024-12-11,48.48783493041992
2024-12-12,48.27363204956055
2024-12-13,48.23468780517578
2024-12-16,48.14705657958984
2024-12-17,47.806278228759766
2024-12-18,46.37501525878906
2024-12-19,46.5405387878418
2024-12-20,47.23183059692383
2024-12-23,47.345252990722656
2024-12-24,47.9025993347168
2024-12-26,48.01993942260742
2024-12-27,47.66792297363281
2024-12-30,47.20835876464844
2024-12-31,47.25725173950195
2025-01-02,47.139915466308594
2025-01-03,47.511478424072266
2025-01-06,47.36481094360352
2025-01-07,47.25725173950195
2025-01-08,47.413700103759766
2025-01-10,46.26966094970703
2025-01-13,46.60212326049805
2025-01-14,47.17902755737305
2025-01-15,48.38172149658203
2025-01-16,48.704402923583984
2025-01-17,49.11507034301758
2025-01-21,49.5257568359375
2025-01-22,49.29108047485352
2025-01-23,49.57464218139648
2025-01-24,49.7213134765625
2025-01-27,50.26888275146485
2025-01-28,50.18088150024414
2025-01-29,50.14176940917969
2025-01-30,50.62089157104492
2025-01-31,50.32755279541016
2025-02-03,50.122215270996094
2025-02-04,50.004878997802734
2025-02-05,50.53289031982422
2025-02-06,50.95334243774414
2025-02-07,50.6697883605957
2025-02-10,50.26888275146485
2025-02-11,50.39599609375
2025-02-12,50.220001220703125
2025-02-13,50.55245208740234
2025-02-14,50.65023040771485
2025-02-18,51.01201629638672
2025-02-19,51.03157424926758
2025-02-20,50.249324798583984
2025-02-21,49.623531341552734
2025-02-24,49.838653564453125
2025-02-25,49.82887649536133
2025-02-26,49.7213134765625
2025-02-27,49.99509811401367
2025-02-28,51.02179336547852
2025-03-03,50.5915641784668
2025-03-04,48.811954498291016
2025-03-05,49.095516204833984
2025-03-06,48.28394317626953
2025-03-07,48.02971267700195
2025-03-10,46.954132080078125
2025-03-11,46.5532341003418
2025-03-12,46.62167739868164
2025-03-13,46.36745071411133
2025-03-14,47.44303131103516
2025-03-17,48.00038146972656
2025-03-18,47.941707611083984
2025-03-19,48.4697265625
2025-03-20,48.53817367553711
2025-03-21,48.36216735839844
2025-03-24,49.214969635009766
2025-03-25,49.48974609375
2025-03-26,49.34254455566406
2025-03-27,49.244407653808594
2025-03-28,48.2924919128418
2025-03-31,48.88130569458008
2025-04-01,48.82242202758789
2025-04-02,49.22477722167969
2025-04-03,46.80083084106445
2025-04-04,43.37590026855469
2025-04-07,43.26795196533203
2025-04-08,43.10111618041992
2025-04-09,46.349403381347656
2025-04-10,45.05401992797852
2025-04-11,45.79985046386719
2025-04-14,46.27089691162109
2025-04-15,46.3886604309082
2025-04-16,45.66245269775391
2025-04-17,45.78022384643555
2025-04-21,44.79887008666992
2025-04-22,46.28071212768555
2025-04-23,46.83027648925781
2025-04-24,47.35039138793945
2025-04-25,47.12467956542969
2025-04-28,47.271881103515625
2025-04-29,47.76255798339844
2025-04-30,47.85087585449219
2025-05-01,47.841068267822266
2025-05-02,48.83223342895508
2025-05-05,48.51820373535156
2025-05-06,48.24342346191406
2025-05-07,48.528018951416016
2025-05-08,48.93037033081055
2025-05-09,48.93037033081055
2025-05-12,49.92153930664063
2025-05-13,50.127628326416016
2025-05-14,49.990234375
2025-05-15,50.32389450073242
2025-05-16,50.628116607666016
2025-05-19,50.65755462646485
2025-05-20,50.38277816772461
2025-05-21,49.35235595703125
2025-05-22,49.29347229003906
2025-05-23,49.1168327331543
2025-05-27,49.98042297363281
2025-05-28,49.64676284790039
2025-05-29,49.90191268920898
2025-05-30,50.00986099243164
2025-06-02,50.02948760986328
2025-06-03,50.127628326416016
2025-06-04,49.84303665161133
2025-06-05,49.70564651489258
2025-06-06,50.32389450073242
2025-06-09,50.04911422729492
2025-06-10,50.108001708984375
2025-06-11,50.04911422729492
2025-06-12,50.04911422729492
2025-06-13,49.028507232666016
2025-06-16,49.5878791809082
2025-06-17,49.30328750610352
2025-06-18,49.28365707397461
2025-06-20,49.42104721069336
2025-06-23,50.04339218139648
2025-06-24,50.791778564453125
2025-06-25,50.62437438964844
2025-06-26,50.99856948852539
2025-06-27,51.146270751953125
2025-06-30,51.5697021484375
2025-07-01,51.85527420043945
2025-07-02,51.81588363647461
2025-07-03,52.377174377441406
2025-07-07,51.87496566772461
2025-07-08,51.412147521972656
2025-07-09,51.599246978759766
2025-07-10,51.90451049804688
2025-07-11,51.3629150390625
2025-07-14,51.74695587158203
2025-07-15,50.86071014404297
2025-07-16,51.21520614624024
2025-07-17,51.70756530761719
2025-07-18,51.73711013793945
2025-07-21,51.58939743041992
2025-07-22,51.87496566772461
2025-07-23,52.28854751586914
2025-07-24,52.25900650024414
2025-07-25,52.62335205078125
2025-07-28,52.25900650024414
2025-07-29,51.99313735961914
2025-07-30,51.89466094970703
2025-07-31,51.5697021484375
2025-08-01,50.614532470703125
2025-08-04,51.11673355102539
2025-08-05,50.909942626953125
2025-08-06,51.15612411499024
2025-08-07,50.5849838256836
2025-08-08,51.05765151977539
2025-08-11,51.03795623779297
2025-08-12,51.658329010009766
2025-08-13,51.95374298095703
2025-08-14,52.19992446899414
2025-08-15,51.658329010009766
2025-08-18,51.69771957397461
2025-08-19,51.79618835449219
2025-08-20,52.06206130981445
2025-08-21,51.89466094970703
2025-08-22,52.75136566162109
2025-08-25,52.44610595703125
2025-08-26,52.84983444213867
2025-08-27,52.958152770996094
2025-08-28,53.0270881652832
2025-08-29,53.164947509765625
2025-09-02,52.77105712890625
2025-09-03,52.68243789672852
2025-09-04,53.23387908935547
2025-09-05,52.25900650024414
2025-09-08,52.29839706420898
2025-09-09,52.52488327026367
2025-09-10,52.347633361816406
2025-09-11,53.2043342590332
2025-09-12,52.97785186767578
2025-09-15,52.85968780517578
2025-09-16,52.74151992797852
2025-09-17,53.25357818603516
2025-09-18,53.30281066894531
2025-09-19,53.42097473144531
2025-09-22,53.3498420715332
2025-09-23,53.11272811889648
2025-09-24,52.96453857421875
2025-09-25,52.82622528076172
2025-09-26,53.21152877807617
2025-09-29,53.47827911376953
2025-09-30,53.22140884399414
2025-10-01,52.74718475341797
2025-10-02,52.70766830444336
2025-10-03,53.07321548461914
2025-10-06,53.0534553527832
2025-10-07,53.12261199951172
2025-10-08,52.86574172973633
2025-10-09,52.67803192138672
2025-10-10,51.53199768066406
2025-10-13,52.025978088378906
2025-10-14,52.59899520874024
2025-10-15,52.59899520874024
2025-10-16,51.136810302734375
2025-10-17,51.5517578125
2025-10-20,52.15441131591797
2025-10-21,52.09513473510742
2025-10-22,51.79874801635742
2025-10-23,51.90742111206055
2025-10-24,52.47055816650391
2025-10-27,52.68791198730469
2025-10-28,52.35200500488281
2025-10-29,51.46284103393555
2025-10-30,51.60115432739258
2025-10-31,51.73946380615234
2025-11-03,51.522117614746094
2025-11-04,51.78886413574219
2025-11-05,51.96669769287109
2025-11-06,51.77898788452149
2025-11-07,52.14453125
2025-11-10,52.33224487304688
2025-11-11,52.56935119628906
2025-11-12,53.02381134033203
2025-11-13,52.34212112426758
2025-11-14,51.818504333496094
2025-11-17,50.830543518066406
2025-11-18,50.75150680541992
2025-11-19,50.9392204284668
2025-11-20,50.4946403503418
2025-11-21,51.04789352416992
2025-11-24,51.2652473449707
2025-11-25,51.90742111206055
2025-11-26,52.31248474121094
2025-11-28,52.68791198730469
2025-12-01,52.25320816040039
2025-12-02,52.20380783081055
2025-12-03,52.9052619934082
2025-12-04,53.013938903808594
2025-12-05,53.03369522094727
2025-12-08,52.83610153198242
2025-12-09,52.63851165771485
2025-12-10,53.24116897583008
2025-12-11,54.20936584472656
2025-12-12,54.28840637207031
2025-12-15,54.32792663574219
2025-12-16,53.98213577270508
2025-12-17,53.972259521484375
2025-12-18,53.88334274291992
2025-12-19,54.17972946166992
2025-12-22,54.844970703125
2025-12-23,54.95402526855469
2025-12-24,55.25144958496094
2025-12-26,55.142391204833984
2025-12-29,54.844970703125
2025-12-30,54.70616912841797
2025-12-31,54.29969024658203
2026-01-02,54.45831680297852
2026-01-05,55.64801406860352
2026-01-06,55.91569900512695
2026-01-07,55.13248062133789
2026-01-08,55.41999053955078
2026-01-09,55.25144958496094
2026-01-12,54.81522750854492
2026-01-13,53.76432800292969
2026-01-14,53.68501663208008
2026-01-15,53.90312576293945
2026-01-16,53.9725227355957
2026-01-20,52.7431755065918
2026-01-21,53.000938415527344
2026-01-22,53.34793472290039
2026-01-23,52.614288330078125
2026-01-26,52.95137023925781
2026-01-27,52.54489135742188
2026-01-28,52.53497695922852
2026-01-29,53.09016799926758
2026-01-30,52.98110961914063
2026-02-02,53.566043853759766
2026-02-03,53.0703353881836
2026-02-04,53.49664688110352
2026-02-05,52.832401275634766
2026-02-06,53.794071197509766
2026-02-09,53.4768180847168
2026-02-10,53.09016799926758
2026-02-11,52.28712463378906
2026-02-12,51.24613952636719
2026-02-13,51.206485748291016
2026-02-17,51.75175857543945
2026-02-18,52.13841247558594
2026-02-19,51.70219039916992
2026-02-20,52.03927230834961
2026-02-23,50.29438018798828
2026-02-24,50.542236328125
2026-02-25,51.42459487915039
2026-02-26,52.0491828918457
2026-02-27,50.988372802734375
2026-03-02,50.85948944091797
2026-03-03,50.770263671875
2026-03-04,51.05776977539063
2026-03-05,50.79008865356445
2026-03-06,50.13575744628906
2026-03-09,49.89781951904297
2026-03-10,49.63013458251953
2026-03-11,49.21374130249024
2026-03-12,48.41069793701172
2026-03-13,48.47018432617188
2026-03-16,48.87665939331055
2026-03-17,49.13443374633789
2026-03-18,48.54949951171875
2026-03-19,48.56932830810547
2026-03-20,48.65855407714844
2026-03-23,49.0980110168457
2026-03-24,49.10797500610352
2026-03-25,49.16776657104492
2026-03-26,48.87877655029297
2026-03-27,47.64310836791992
2026-03-30,48.19118881225586
2026-03-31,49.197662353515625
2026-04-01,49.26741790771485
2026-04-02,49.35710144042969
2026-04-06,49.70588302612305
2026-04-07,49.70588302612305
2026-04-08,51.02127456665039
2026-04-09,51.150821685791016
2026-04-10,50.5927734375
2026-04-13,51.47966766357422
2026-04-14,51.599246978759766
2026-04-15,51.987884521484375
2026-04-16,51.84837341308594
2026-04-17,52.246978759765625
2026-04-20,52.44628143310547
2026-04-21,52.117431640625
2026-04-22,52.02774810791016
2026-04-23,51.619178771972656
2026-04-24,51.24050521850586
2026-04-27,51.62914657592773
2026-04-28,51.66900253295898
2026-04-29,51.7387580871582
2026-04-30,51.948028564453125
2026-05-01,51.7387580871582
2026-05-04,51.39994812011719
2026-05-05,51.409912109375
2026-05-06,51.65903854370117
2026-05-07,51.37005233764648
2026-05-08,51.061134338378906
2026-05-11,51.0013427734375
2026-05-12,51.39994812011719
2026-05-13,50.812007904052734
2026-05-14,51.1109619140625
2026-05-15,50.92162322998047
2026-05-18,51.55939102172852
2026-05-19,50.92162322998047
2026-05-20,51.47966766357422
2026-05-21,51.54942321777344
2026-05-22,51.75868988037109
2026-05-26,51.66900253295898
2026-05-27,51.24050521850586
2026-05-28,51.09103012084961
2026-05-29,51.39994812011719
2026-06-01,51.25047302246094
2026-06-02,51.280364990234375
2026-06-03,50.69242477416992
2026-06-04,52.00781631469727
2026-06-05,52.117431640625
2026-06-08,51.7885856628418
2026-06-09,52.27687454223633
2026-06-10,52.04767608642578
2026-06-11,52.436317443847656
2026-06-12,53.153804779052734
2026-06-15,53.3730354309082
2026-06-16,54.1602783203125
2026-06-17,53.861324310302734
2026-06-18,53.382999420166016
2026-06-22,53.70000076293945
2026-06-23,53.880001068115234
2026-06-24,53.720001220703125
2026-06-25,53.45000076293945
2026-06-26,53.56999969482422
2026-06-29,53.720001220703125
2026-06-30,53.61000061035156
2026-07-01,54.77999877929688
2026-07-02,55.619998931884766
2026-07-06,56.13999938964844
2026-07-07,56.04999923706055
2026-07-08,54.970001220703125
2026-07-09,55.540000915527344
2026-07-10,55.709999084472656
2026-07-13,56.06999969482422
2026-07-14,56.18000030517578
2026-07-15,56.560001373291016
2026-07-16,56.75
2026-07-17,56.2599983215332
2026-07-20,56.040000915527344
2026-07-21,56.11000061035156
2026-07-22,56.04999923706055
2026-07-23,55.83000183105469
2026-07-24,56.310001373291016
2026-07-27,56.880001068115234
2026-07-28,57.59999847412109
2026-07-29,56.68000030517578
2026-07-30,57.0
2026-07-31,56.93999862670898
2026-08-03,57.380001068115234
2026-08-04,57.880001068115234
2026-08-05,58.0
2026-08-06,57.810001373291016
2026-08-07,57.59999847412109
2026-08-10,57.810001373291016
2026-08-11,57.79999923706055
2026-08-12,57.91999816894531
2026-08-13,58.2599983215332
2026-08-14,58.15999984741211
2026-08-17,57.58000183105469
2026-08-18,57.84000015258789
2026-08-19,57.47999954223633
2026-08-20,56.95000076293945
2026-08-21,57.47999954223633
2026-08-24,58.220001220703125
2026-08-25,58.25
