date,value
2000-06-05,41.901123046875
2000-06-06,40.17624282836914
2000-06-07,40.83964920043945
2000-06-08,41.0254135131836
2000-06-09,41.87458419799805
2000-06-12,40.255859375
2000-06-13,41.95418930053711
2000-06-14,40.149715423583984
2000-06-15,40.49467849731445
2000-06-16,40.760047912597656
2000-06-19,43.51984405517578
2000-06-20,44.15671920776367
2000-06-21,44.34247589111328
2000-06-22,42.139949798583984
2000-06-23,41.39692687988281
2000-06-26,41.39692687988281
2000-06-27,40.070098876953125
2000-06-28,40.28238296508789
2000-06-29,39.35361099243164
2000-06-30,39.91088104248047
2000-07-03,40.8131217956543
2000-07-05,37.62874221801758
2000-07-06,39.16785430908203
2000-07-07,40.44161605834961
2000-07-10,40.38854217529297
2000-07-11,39.75165557861328
2000-07-12,40.7335090637207
2000-07-13,41.76842880249024
2000-07-14,43.04218673706055
2000-07-17,43.705596923828125
2000-07-18,41.79497909545898
2000-07-19,40.308929443359375
2000-07-20,39.67205047607422
2000-07-21,38.05332565307617
2000-07-24,37.89410400390625
2000-07-25,39.40669250488281
2000-07-26,37.68181610107422
2000-07-27,35.1077766418457
2000-07-28,34.789337158203125
2000-07-31,35.93040466308594
2000-08-01,34.73626708984375
2000-08-02,34.39129638671875
2000-08-03,34.338218688964844
2000-08-04,33.40943908691406
2000-08-07,34.39129638671875
2000-08-08,34.41782760620117
2000-08-09,35.42620849609375
2000-08-10,34.57704162597656
2000-08-11,35.1077766418457
2000-08-14,37.257232666015625
2000-08-15,38.477909088134766
2000-08-16,39.59244537353516
2000-08-17,40.36199569702149
2000-08-18,41.37038803100586
2000-08-21,40.33546447753906
2000-08-22,40.7335090637207
2000-08-23,42.35224533081055
2000-08-24,42.139949798583984
2000-08-25,41.60921859741211
2000-08-28,41.82150650024414
2000-08-29,41.50307083129883
2000-08-30,41.105018615722656
2000-08-31,41.901123046875
2000-09-01,41.55614471435547
2000-09-05,40.38854217529297
2000-09-06,37.81449890136719
2000-09-07,39.061710357666016
2000-09-08,37.20415878295898
2000-09-11,36.62035751342773
2000-09-12,35.744651794433594
2000-09-13,36.03655624389648
2000-09-14,36.010009765625
2000-09-15,35.134307861328125
2000-09-18,34.39129638671875
2000-09-19,36.965328216552734
2000-09-20,37.257232666015625
2000-09-21,35.771183013916016
2000-09-22,33.17061233520508
2000-09-25,31.423450469970703
2000-09-26,31.100765228271484
2000-09-27,30.78232765197754
2000-09-28,31.73764419555664
2000-09-29,30.18791007995605
2000-10-02,29.508575439453125
2000-10-03,29.062763214111328
2000-10-04,30.57003593444824
2000-10-05,29.805782318115234
2000-10-06,28.74432945251465
2000-10-09,28.23482322692871
2000-10-10,25.6193904876709
2000-10-11,25.453800201416016
2000-10-12,24.88060760498047
2000-10-13,27.49180030822754
2000-10-16,25.92084312438965
2000-10-17,24.5112247467041
2000-10-18,24.031444549560547
2000-10-19,27.9163875579834
2000-10-20,28.340970993041992
2000-10-23,28.99907875061035
2000-10-24,27.06722068786621
2000-10-25,24.96128463745117
2000-10-26,26.260507583618164
2000-10-27,26.196821212768555
2000-10-30,26.37939453125
2000-10-31,27.9163875579834
2000-11-01,26.918615341186523
2000-11-02,27.59794807434082
2000-11-03,27.38141632080078
2000-11-06,27.38565444946289
2000-11-07,26.107664108276367
2000-11-08,24.05267333984375
2000-11-09,23.988985061645508
2000-11-10,22.50294303894043
2000-11-13,23.47948455810547
2000-11-14,24.81692695617676
2000-11-15,25.942073822021484
2000-11-16,24.540945053100582
2000-11-17,24.477258682250977
2000-11-20,24.1588191986084
2000-11-21,23.64507484436035
2000-11-22,23.13981819152832
2000-11-24,24.833908081054688
2000-11-27,23.47948455810547
2000-11-28,21.86606788635254
2000-11-29,22.116573333740234
2000-11-30,20.380023956298828
2000-12-01,20.21868324279785
2000-12-04,20.363040924072266
2000-12-05,22.49869728088379
2000-12-06,21.5688591003418
2000-12-07,21.13578414916992
2000-12-08,23.45825958251953
2000-12-11,25.135364532470703
2000-12-12,24.286195755004883
2000-12-13,22.65154838562012
2000-12-14,22.38406181335449
2000-12-15,21.781147003173828
2000-12-18,21.75992202758789
2000-12-19,21.48394012451172
2000-12-20,20.210189819335938
2000-12-21,20.16773223876953
2000-12-22,21.547632217407227
2000-12-26,21.314105987548828
2000-12-27,22.35433959960937
2000-12-28,21.768415451049805
2000-12-29,20.80460929870605
2001-01-02,20.507396697998047
2001-01-03,23.88283920288086
2001-01-04,23.1440658569336
2001-01-05,21.75992202758789
2001-01-08,22.074113845825195
2001-01-09,21.69623374938965
2001-01-10,22.63031959533692
2001-01-11,23.870101928710938
2001-01-12,23.543174743652344
2001-01-16,22.715234756469727
2001-01-17,23.908315658569336
2001-01-18,25.262741088867188
2001-01-19,25.35190200805664
2001-01-22,24.73200798034668
2001-01-23,24.901840209960938
2001-01-24,24.8593807220459
2001-01-25,23.9465274810791
2001-01-26,24.05267333984375
2001-01-29,24.689552307128903
2001-01-30,25.135364532470703
2001-01-31,25.0546932220459
2001-02-01,24.901840209960938
2001-02-02,23.81915283203125
2001-02-05,22.88081932067871
2001-02-06,22.931774139404297
2001-02-07,22.184505462646484
2001-02-08,21.878801345825195
2001-02-09,21.61131858825684
2001-02-12,22.052881240844727
2001-02-13,21.47545051574707
2001-02-14,22.931774139404297
2001-02-15,23.776695251464844
2001-02-16,22.341602325439453
2001-02-20,20.677230834960938
2001-02-21,20.46493911743164
2001-02-22,20.16773223876953
2001-02-23,20.125274658203125
2001-02-26,19.530855178833008
2001-02-27,18.715654373168945
2001-02-28,17.768831253051758
2001-03-01,18.93643951416016
2001-03-02,19.25063133239746
2001-03-05,19.959680557250977
2001-03-06,21.05511283874512
2001-03-07,20.889524459838867
2001-03-08,20.889524459838867
2001-03-09,19.526609420776367
2001-03-12,18.76660346984864
2001-03-13,19.7006893157959
2001-03-14,19.488399505615234
2001-03-15,18.953418731689453
2001-03-16,18.36749649047852
2001-03-19,19.10627174377441
2001-03-20,17.93866539001465
2001-03-21,18.55006980895996
2001-03-22,20.46918296813965
2001-03-23,20.93198013305664
2001-03-26,20.184715270996094
2001-03-27,20.29510307312012
2001-03-28,18.809062957763672
2001-03-29,18.38447952270508
2001-03-30,17.61598777770996
2001-04-02,16.431394577026367
2001-04-03,15.964350700378418
2001-04-04,14.987807273864746
2001-04-05,17.02581214904785
2001-04-06,15.862449645996094
2001-04-09,15.454854011535645
2001-04-10,16.85597801208496
2001-04-11,18.677440643310547
2001-04-12,19.67946052551269
2001-04-16,18.677440643310547
2001-04-17,18.660459518432617
2001-04-18,21.05935859680176
2001-04-19,22.50294303894043
2001-04-20,22.01466941833496
2001-04-23,20.74091911315918
2001-04-24,20.210189819335938
2001-04-25,20.592315673828125
2001-04-26,20.019126892089844
2001-04-27,21.01689910888672
2001-04-30,21.781147003173828
2001-05-01,22.05713081359864
2001-05-02,22.418027877807617
2001-05-03,21.428747177124023
2001-05-04,21.46271324157715
2001-05-07,21.356569290161133
2001-05-08,21.658021926879883
2001-05-09,20.847070693969727
2001-05-10,20.762147903442383
2001-05-11,20.443714141845703
2001-05-14,19.97667121887207
2001-05-15,20.082813262939453
2001-05-16,21.186731338500977
2001-05-17,21.52640151977539
2001-05-18,21.632545471191406
2001-05-21,23.097362518310547
2001-05-22,22.63031959533692
2001-05-23,21.61131858825684
2001-05-24,21.590085983276367
2001-05-25,21.42025184631348
2001-05-29,20.45220375061035
2001-05-30,19.127500534057617
2001-05-31,19.530855178833008
2001-06-01,20.210189819335938
2001-06-04,19.938453674316406
2001-06-05,21.186731338500977
2001-06-06,21.03812789916992
2001-06-07,22.64730262756348
2001-06-08,21.9170150756836
2001-06-11,21.19947052001953
2001-06-12,21.16125869750977
2001-06-13,20.541364669799805
2001-06-14,19.38225173950196
2001-06-15,19.38225173950196
2001-06-18,19.14024353027344
2001-06-19,18.68168830871582
2001-06-20,18.74537467956543
2001-06-21,18.702919006347656
2001-06-22,18.66470527648925
2001-06-25,19.1954345703125
2001-06-26,19.32280731201172
2001-06-27,19.08504295349121
2001-06-28,19.870525360107425
2001-06-29,20.46493911743164
2001-07-02,20.33331871032715
2001-07-03,20.39700698852539
2001-07-05,19.785606384277344
2001-07-06,18.261348724365234
2001-07-09,18.397216796875
2001-07-10,17.66693115234375
2001-07-11,18.21464729309082
2001-07-12,19.649742126464844
2001-07-13,19.38225173950196
2001-07-16,18.32503890991211
2001-07-17,19.06381607055664
2001-07-18,18.31654930114746
2001-07-19,19.24638557434082
2001-07-20,18.93643951416016
2001-07-23,18.342018127441406
2001-07-24,18.05330276489257
2001-07-25,18.3547592163086
2001-07-26,19.43320274353028
2001-07-27,19.65822982788086
2001-07-30,19.687952041625977
2001-07-31,19.789852142333984
2001-08-01,20.889524459838867
2001-08-02,21.590085983276367
2001-08-03,21.13578414916992
2001-08-06,20.72818374633789
2001-08-07,20.2866153717041
2001-08-08,19.33979034423828
2001-08-09,19.424711227416992
2001-08-10,19.61152648925781
2001-08-13,19.989408493041992
2001-08-14,19.6837100982666
2001-08-15,19.089284896850582
2001-08-16,19.424711227416992
2001-08-17,18.494873046875
2001-08-20,18.732641220092773
2001-08-21,17.832521438598633
2001-08-22,18.660459518432617
2001-08-23,18.61375617980957
2001-08-24,19.620018005371094
2001-08-27,19.92147254943848
2001-08-28,19.386499404907227
2001-08-29,18.78783416748047
2001-08-30,18.31654930114746
2001-08-31,18.596773147583008
2001-09-04,17.90045738220215
2001-09-05,17.828279495239258
2001-09-06,16.945140838623047
2001-09-07,16.88570213317871
2001-09-10,16.800779342651367
2001-09-17,15.242561340332031
2001-09-18,14.236295700073242
2001-09-19,13.671601295471191
2001-09-20,12.762990951538086
2001-09-21,12.448798179626465
2001-09-24,13.225787162780762
2001-09-25,13.395620346069336
2001-09-26,12.516730308532717
2001-09-27,12.244999885559082
2001-09-28,12.550698280334473
2001-10-01,12.295948028564451
2001-10-02,11.964771270751951
2001-10-03,13.119640350341797
2001-10-04,13.7352876663208
2001-10-05,13.858416557312012
2001-10-08,14.427358627319336
2001-10-09,13.714056015014648
2001-10-10,14.605688095092772
2001-10-11,15.989826202392578
2001-10-12,16.023792266845703
2001-10-15,15.32323169708252
2001-10-16,15.692615509033203
2001-10-17,14.77127170562744
2001-10-18,14.240541458129885
2001-10-19,14.43585205078125
2001-10-22,15.242561340332031
2001-10-23,15.106694221496582
2001-10-24,15.66714096069336
2001-10-25,16.456867218017578
2001-10-26,16.371952056884766
2001-10-29,15.157642364501951
2001-10-30,14.52925968170166
2001-10-31,15.16613483428955
2001-11-01,16.13418197631836
2001-11-02,16.473852157592773
2001-11-05,16.911176681518555
2001-11-06,17.59475326538086
2001-11-07,17.620229721069336
2001-11-08,17.30179214477539
2001-11-09,17.2296142578125
2001-11-12,17.662687301635742
2001-11-13,18.702919006347656
2001-11-14,18.55855941772461
2001-11-15,18.29532051086425
2001-11-16,18.11274719238281
2001-11-19,18.15095901489257
2001-11-20,17.12346839904785
2001-11-21,17.416427612304688
2001-11-23,17.68391990661621
2001-11-26,18.359004974365234
2001-11-27,18.53733253479004
2001-11-28,17.713638305664062
2001-11-29,18.392969131469727
2001-11-30,18.10000991821289
2001-12-03,17.790063858032227
2001-12-04,18.711408615112305
2001-12-05,20.05733871459961
2001-12-06,19.989408493041992
2001-12-07,19.5053825378418
2001-12-10,19.025604248046875
2001-12-11,19.127500534057617
2001-12-12,19.56482315063477
2001-12-13,18.30381202697754
2001-12-14,18.7241439819336
2001-12-17,19.0595703125
2001-12-18,19.16146850585937
2001-12-19,18.252859115600582
2001-12-20,17.335758209228516
2001-12-21,17.790063858032227
2001-12-24,17.637208938598633
2001-12-26,17.794307708740234
2001-12-27,18.10425567626953
2001-12-28,18.32928466796875
2001-12-31,17.768831253051758
2002-01-02,18.51185417175293
2002-01-03,20.02337074279785
2002-01-04,20.010637283325195
2002-01-07,19.64124870300293
2002-01-08,19.75164222717285
2002-01-09,19.7601318359375
2002-01-10,19.38225173950196
2002-01-11,19.233646392822266
2002-01-14,19.10627174377441
2002-01-15,19.042585372924805
2002-01-16,18.401460647583008
2002-01-17,18.660459518432617
2002-01-18,18.180679321289062
2002-01-22,17.28905487060547
2002-01-23,17.841012954711914
2002-01-24,18.108503341674805
2002-01-25,18.42693901062012
2002-01-28,18.702919006347656
2002-01-29,18.3207950592041
2002-01-30,19.042585372924805
2002-01-31,19.233646392822266
2002-02-01,19.021358489990234
2002-02-04,18.74537467956543
2002-02-05,18.68168830871582
2002-02-06,18.592527389526367
2002-02-07,17.853748321533203
2002-02-08,18.22313690185547
2002-02-11,18.97040557861328
2002-02-12,18.80057144165039
2002-02-13,19.416221618652344
2002-02-14,19.233646392822266
2002-02-15,18.89398193359375
2002-02-19,18.15520668029785
2002-02-20,18.36749649047852
2002-02-21,17.182910919189453
2002-02-22,17.23810386657715
2002-02-25,18.189170837402344
2002-02-26,17.951406478881836
2002-02-27,17.717884063720703
2002-02-28,17.136205673217773
2002-03-01,18.80057144165039
2002-03-04,19.92996406555176
2002-03-05,20.303598403930664
2002-03-06,20.210189819335938
2002-03-07,20.337566375732425
2002-03-08,21.14427757263184
2002-03-11,20.634775161743164
2002-03-12,19.99365425109864
2002-03-13,19.335542678833008
2002-03-14,19.24638557434082
2002-03-15,19.80258560180664
2002-03-18,19.92996406555176
2002-03-19,20.13801002502441
2002-03-20,19.428955078125
2002-03-21,19.972427368164062
2002-03-22,19.63699722290039
2002-03-25,19.127500534057617
2002-03-26,19.59454345703125
2002-03-27,19.424711227416992
2002-03-28,19.755884170532227
2002-04-01,20.27387809753418
2002-04-02,19.62850952148437
2002-04-03,19.233646392822266
2002-04-04,19.49264144897461
2002-04-05,19.21241950988769
2002-04-08,19.276105880737305
2002-04-09,18.60526657104492
2002-04-10,18.84303092956543
2002-04-11,18.41844749450684
2002-04-12,18.55431365966797
2002-04-15,18.83028984069824
2002-04-16,19.777114868164062
2002-04-17,20.12102699279785
2002-04-18,19.61152648925781
2002-04-19,19.271862030029297
2002-04-22,19.07655334472656
2002-04-23,18.68168830871582
2002-04-24,18.095762252807617
2002-04-25,18.12123680114746
2002-04-26,17.386709213256836
2002-04-29,17.361236572265625
2002-04-30,17.607492446899414
2002-05-01,17.68391990661621
2002-05-02,16.940893173217773
2002-05-03,16.1766414642334
2002-05-06,15.828484535217283
2002-05-07,15.866698265075684
2002-05-08,17.705142974853516
2002-05-09,17.170167922973633
2002-05-10,16.465360641479492
2002-05-13,17.395200729370117
2002-05-14,18.448165893554688
2002-05-15,18.342018127441406
2002-05-16,18.630735397338867
2002-05-17,18.7241439819336
2002-05-20,18.3207950592041
2002-05-21,17.874977111816406
2002-05-22,17.896209716796875
2002-05-23,17.74760627746582
2002-05-24,17.14044952392578
2002-05-28,17.064022064208984
2002-05-29,16.495080947875977
2002-05-30,16.452627182006836
2002-05-31,16.325246810913086
2002-06-03,15.603458404541016
2002-06-04,16.049270629882812
2002-06-05,16.168153762817383
2002-06-06,15.62468719482422
2002-06-07,14.733060836791992
2002-06-10,14.47830581665039
2002-06-11,13.93059539794922
2002-06-12,14.47830581665039
2002-06-13,14.18959140777588
2002-06-14,14.19808292388916
2002-06-17,14.941106796264648
2002-06-18,14.6693696975708
2002-06-19,13.692827224731444
2002-06-20,13.094164848327637
2002-06-21,12.631370544433594
2002-06-24,13.1705904006958
2002-06-25,12.631370544433594
2002-06-26,12.741761207580566
2002-06-27,13.13237762451172
2002-06-28,12.886116981506348
2002-07-01,12.304438591003418
2002-07-02,11.67605686187744
2002-07-03,12.266227722167969
2002-07-05,13.412602424621582
2002-07-08,12.758744239807127
2002-07-09,12.291702270507812
2002-07-10,11.714266777038574
2002-07-11,12.495503425598145
2002-07-12,12.614386558532717
2002-07-15,13.234278678894045
2002-07-16,12.894611358642578
2002-07-17,12.983776092529297
2002-07-18,12.588910102844238
2002-07-19,12.317178726196287
2002-07-22,11.986001968383787
2002-07-23,11.548681259155272
2002-07-24,12.058181762695312
2002-07-25,10.911805152893066
2002-07-26,10.903311729431152
2002-07-29,11.56990909576416
2002-07-30,11.845888137817385
2002-07-31,11.378846168518066
2002-08-01,10.652807235717772
2002-08-02,10.253698348999023
2002-08-05,9.638052940368652
2002-08-06,10.190011978149414
2002-08-07,10.402304649353027
2002-08-08,10.869346618652344
2002-08-09,10.74197006225586
2002-08-12,10.572138786315918
2002-08-13,10.168783187866213
2002-08-14,10.886327743530272
2002-08-15,11.06040859222412
2002-08-16,11.616613388061523
2002-08-19,12.062426567077637
2002-08-20,11.67605686187744
2002-08-21,12.160079956054688
2002-08-22,12.113375663757324
2002-08-23,11.361863136291504
2002-08-26,11.412812232971191
2002-08-27,10.767447471618652
2002-08-28,10.381073951721191
2002-08-29,10.37258243560791
2002-08-30,10.23246955871582
2002-09-03,9.786656379699709
2002-09-04,9.867329597473145
2002-09-05,9.459728240966797
2002-09-06,9.931015014648438
2002-09-09,9.90129280090332
2002-09-10,10.26219081878662
2002-09-11,10.406549453735352
2002-09-12,9.722970008850098
2002-09-13,9.672019004821776
2002-09-16,9.362071990966797
2002-09-17,9.171009063720703
2002-09-18,9.047881126403809
2002-09-19,8.767654418945312
2002-09-20,8.572348594665527
2002-09-23,8.130782127380371
2002-09-24,8.228433609008789
2002-09-25,8.805869102478027
2002-09-26,8.648774147033691
2002-09-27,8.491676330566406
2002-09-30,8.16899299621582
2002-10-01,8.610560417175293
2002-10-02,8.623296737670898
2002-10-03,8.1477632522583
2002-10-04,7.943962574005127
2002-10-07,7.748655319213867
2002-10-08,7.53636360168457
2002-10-09,7.502396583557129
2002-10-10,7.952454090118408
2002-10-11,8.644527435302734
2002-10-14,8.66150951385498
2002-10-15,9.48520278930664
2002-10-16,8.576594352722168
2002-10-17,9.15827465057373
2002-10-18,9.31961441040039
2002-10-21,9.773920059204102
2002-10-22,9.08184814453125
2002-10-23,9.773920059204102
2002-10-24,9.50218677520752
2002-10-25,10.05414581298828
2002-10-28,10.011685371398926
2002-10-29,9.73570728302002
2002-10-30,10.253698348999023
2002-10-31,10.181520462036133
2002-11-01,10.720741271972656
2002-11-04,11.128342628479004
2002-11-05,10.856609344482422
2002-11-06,11.230243682861328
2002-11-07,10.482975006103516
2002-11-08,10.359846115112305
2002-11-11,9.799394607543944
2002-11-12,10.14330768585205
2002-11-13,10.168783187866213
2002-11-14,10.869346618652344
2002-11-15,10.87783908843994
2002-11-18,10.805659294128418
2002-11-19,10.635824203491213
2002-11-20,11.336387634277344
2002-11-21,12.058181762695312
2002-11-22,12.058181762695312
2002-11-25,12.444550514221191
2002-11-26,11.994492530822754
2002-11-27,12.652597427368164
2002-11-29,12.440303802490234
2002-12-02,12.436060905456545
2002-12-03,11.88410186767578
2002-12-04,11.293931007385254
2002-12-05,11.124096870422363
2002-12-06,11.077392578125
2002-12-09,10.351353645324709
2002-12-10,10.775938034057615
2002-12-11,10.784429550170898
2002-12-12,10.737725257873535
2002-12-13,10.308895111083984
2002-12-16,10.733480453491213
2002-12-17,10.644317626953123
2002-12-18,9.931015014648438
2002-12-19,9.871575355529783
2002-12-20,9.892803192138672
2002-12-23,10.075374603271484
2002-12-24,9.97347354888916
2002-12-26,9.914031982421877
2002-12-27,9.756935119628906
2002-12-30,9.480957984924316
2002-12-31,9.404531478881836
2003-01-02,10.071127891540527
2003-01-03,10.211241722106934
2003-01-06,10.74197006225586
2003-01-07,10.746217727661133
2003-01-08,10.37682819366455
2003-01-09,10.580629348754885
2003-01-10,10.843870162963867
2003-01-13,10.720741271972656
2003-01-14,10.805659294128418
2003-01-15,10.521185874938965
2003-01-16,10.215487480163574
2003-01-17,9.672019004821776
2003-01-21,9.57012176513672
2003-01-22,9.53190803527832
2003-01-23,9.8418550491333
2003-01-24,9.425761222839355
2003-01-27,9.311120986938477
2003-01-28,9.434250831604004
2003-01-29,9.727213859558104
2003-01-30,9.22196102142334
2003-01-31,9.128552436828612
2003-02-03,9.086094856262209
2003-02-04,9.056373596191406
2003-02-05,9.043634414672852
2003-02-06,8.907767295837402
2003-02-07,8.763411521911621
2003-02-10,8.87380313873291
2003-02-11,8.94173526763916
2003-02-12,8.87380313873291
2003-02-13,8.852571487426758
2003-02-14,9.34508991241455
2003-02-18,9.756935119628906
2003-02-19,9.66352653503418
2003-02-20,9.765427589416504
2003-02-21,9.782411575317385
2003-02-24,9.66352653503418
2003-02-25,9.693249702453612
2003-02-26,9.434250831604004
2003-02-27,9.659281730651855
2003-02-28,9.994704246520996
2003-03-03,9.65079116821289
2003-03-04,9.544642448425291
2003-03-05,9.689002990722656
2003-03-06,9.638052940368652
2003-03-07,9.514925003051758
2003-03-10,9.328106880187988
2003-03-11,9.353582382202148
2003-03-12,9.582857131958008
2003-03-13,10.338615417480469
2003-03-14,10.181520462036133
2003-03-17,10.50844955444336
2003-03-18,10.87783908843994
2003-03-19,10.848116874694824
2003-03-20,10.93303394317627
2003-03-21,11.192030906677246
2003-03-24,10.614595413208008
2003-03-25,10.703758239746094
2003-03-26,10.657052993774414
2003-03-27,10.56789207458496
2003-03-28,10.355599403381348
2003-03-31,9.803641319274902
2003-04-01,9.897047996520996
2003-04-02,10.57638454437256
2003-04-03,10.623086929321287
2003-04-04,10.355599403381348
2003-04-07,10.521185874938965
2003-04-08,10.14330768585205
2003-04-09,9.97347354888916
2003-04-10,10.066883087158203
2003-04-11,9.956491470336914
2003-04-14,10.23246955871582
2003-04-15,10.313142776489258
2003-04-16,10.831132888793944
2003-04-17,11.221749305725098
2003-04-21,11.315159797668455
2003-04-22,11.67605686187744
2003-04-23,11.727005958557127
2003-04-24,11.544435501098633
2003-04-25,10.988228797912598
2003-04-28,11.23873233795166
2003-04-29,11.463763236999512
2003-04-30,11.204767227172852
2003-05-01,11.24298095703125
2003-05-02,11.56990909576416
2003-05-05,11.663318634033203
2003-05-06,11.956281661987305
2003-05-07,11.654826164245604
2003-05-08,11.404322624206545
2003-05-09,11.858625411987305
2003-05-12,12.121868133544922
2003-05-13,12.007230758666992
2003-05-14,11.867117881774902
2003-05-15,12.019968032836914
2003-05-16,11.807677268981934
2003-05-19,11.302423477172852
2003-05-20,11.310912132263184
2003-05-21,11.336387634277344
2003-05-22,11.442534446716309
2003-05-23,11.514713287353516
2003-05-27,12.121868133544922
2003-05-28,12.206785202026367
2003-05-29,12.537962913513184
2003-05-30,12.71628475189209
2003-06-02,12.38935661315918
2003-06-03,12.71628475189209
2003-06-04,13.162100791931152
2003-06-05,13.140867233276367
2003-06-06,12.94980525970459
2003-06-09,12.686563491821287
2003-06-10,12.80969524383545
2003-06-11,12.64835262298584
2003-06-12,12.520976066589355
2003-06-13,12.10063934326172
2003-06-16,12.397849082946776
2003-06-17,12.317178726196287
2003-06-18,12.576171875
2003-06-19,12.436060905456545
2003-06-20,12.270472526550291
2003-06-23,11.986001968383787
2003-06-24,11.824660301208496
2003-06-25,11.731250762939451
2003-06-26,12.10063934326172
2003-06-27,12.03695011138916
2003-06-30,11.986001968383787
2003-07-01,12.287457466125488
2003-07-02,12.58466339111328
2003-07-03,12.414831161499023
2003-07-07,13.18757438659668
2003-07-08,13.395620346069336
2003-07-09,13.501766204833984
2003-07-10,13.162100791931152
2003-07-11,13.238524436950684
2003-07-14,13.590927124023438
2003-07-15,13.692827224731444
2003-07-16,13.803220748901367
2003-07-17,13.314949035644531
2003-07-18,13.353161811828612
2003-07-21,13.077181816101074
2003-07-22,13.501766204833984
2003-07-23,13.777745246887209
2003-07-24,13.476290702819824
2003-07-25,13.731042861938477
2003-07-28,13.862663269042969
2003-07-29,13.671601295471191
2003-07-30,13.501766204833984
2003-07-31,13.79897403717041
2003-08-01,13.905121803283691
2003-08-04,13.947577476501465
2003-08-05,13.501766204833984
2003-08-06,13.374390602111816
2003-08-07,13.323440551757812
2003-08-08,12.94980525970459
2003-08-11,13.204557418823242
2003-08-12,13.412602424621582
2003-08-13,13.671601295471191
2003-08-14,13.858416557312012
2003-08-15,13.79897403717041
2003-08-18,14.499539375305176
2003-08-19,14.762779235839844
2003-08-20,14.68210792541504
2003-08-21,15.093955039978027
2003-08-22,15.38691520690918
2003-08-25,15.302003860473633
2003-08-26,15.297754287719728
2003-08-27,15.688374519348145
2003-08-28,15.794519424438477
2003-08-29,15.875187873840332
2003-09-02,15.921894073486328
2003-09-03,15.582226753234863
2003-09-04,15.875187873840332
2003-09-05,16.053516387939453
2003-09-08,16.473852157592773
2003-09-09,16.236082077026367
2003-09-10,15.35719871520996
2003-09-11,15.590716361999512
2003-09-12,15.692615509033203
2003-09-15,15.484572410583496
2003-09-16,16.019548416137695
2003-09-17,15.900665283203123
2003-09-18,16.006813049316406
2003-09-19,15.947368621826172
2003-09-22,15.497310638427734
2003-09-23,15.747815132141112
2003-09-24,15.004793167114258
2003-09-25,14.864680290222168
2003-09-26,14.690600395202637
2003-09-29,15.030269622802734
2003-09-30,14.605688095092772
2003-10-01,14.902891159057615
2003-10-02,15.009037971496582
2003-10-03,15.675633430480955
2003-10-06,15.675633430480955
2003-10-07,15.985584259033203
2003-10-08,15.866698265075684
2003-10-09,16.0025634765625
2003-10-10,16.282791137695312
2003-10-13,16.36345863342285
2003-10-14,16.50782012939453
2003-10-15,16.6267032623291
2003-10-16,16.80502700805664
2003-10-17,16.36345863342285
2003-10-20,16.664913177490234
2003-10-21,17.00882911682129
2003-10-22,16.613967895507812
2003-10-23,16.33798599243164
2003-10-24,16.367708206176758
2003-10-27,16.55452537536621
2003-10-28,17.458887100219727
2003-10-29,17.61598777770996
2003-10-30,17.768831253051758
2003-10-31,17.68391990661621
2003-11-03,18.31230354309082
2003-11-04,18.32928466796875
2003-11-05,18.660459518432617
2003-11-06,18.77084922790528
2003-11-07,18.677440643310547
2003-11-10,18.44392204284668
2003-11-11,18.299564361572266
2003-11-12,18.957670211791992
2003-11-13,18.592527389526367
2003-11-14,17.964141845703125
2003-11-17,17.790063858032227
2003-11-18,17.49285316467285
2003-11-19,17.815534591674805
2003-11-20,17.450395584106445
2003-11-21,17.713638305664062
2003-11-24,18.30381202697754
2003-11-25,18.363250732421875
2003-11-26,18.401460647583008
2003-11-28,18.596773147583008
2003-12-01,18.711408615112305
2003-12-02,18.57554626464844
2003-12-03,18.23587417602539
2003-12-04,18.129732131958008
2003-12-05,17.47162628173828
2003-12-08,17.463138580322266
2003-12-09,16.72860336303711
2003-12-10,16.940893173217773
2003-12-11,17.386709213256836
2003-12-12,17.369720458984375
2003-12-15,16.826257705688477
2003-12-16,16.698883056640625
2003-12-17,16.57575225830078
2003-12-18,17.195648193359375
2003-12-19,17.0725154876709
2003-12-22,17.08525276184082
2003-12-23,17.416427612304688
2003-12-24,17.37396812438965
2003-12-26,17.37396812438965
2003-12-29,17.74760627746582
2003-12-30,17.717884063720703
2003-12-31,17.61598777770996
2004-01-02,17.57777214050293
2004-01-05,18.21464729309082
2004-01-06,18.3207950592041
2004-01-07,18.53733253479004
2004-01-08,19.02985000610352
2004-01-09,19.00012588500977
2004-01-12,19.420467376708984
2004-01-13,18.93643951416016
2004-01-14,18.89398193359375
2004-01-15,19.1572208404541
2004-01-16,19.24214172363281
2004-01-20,19.1954345703125
2004-01-21,18.74537467956543
2004-01-22,18.4566593170166
2004-01-23,18.231630325317383
2004-01-26,18.57554626464844
2004-01-27,17.981124877929688
2004-01-28,17.832521438598633
2004-01-29,17.751848220825195
2004-01-30,17.815534591674805
2004-02-02,17.58201789855957
2004-02-03,17.734867095947266
2004-02-04,17.2296142578125
2004-02-05,17.280563354492188
2004-02-06,18.04481315612793
2004-02-09,17.8707332611084
2004-02-10,17.930173873901367
2004-02-11,18.23587417602539
2004-02-12,18.00659942626953
2004-02-13,17.76458740234375
2004-02-17,18.05330276489257
2004-02-18,18.138221740722656
2004-02-19,17.781570434570312
2004-02-20,17.641456604003906
2004-02-23,17.174419403076172
2004-02-24,17.267820358276367
2004-02-25,17.5607852935791
2004-02-26,17.637208938598633
2004-02-27,17.365480422973633
2004-03-01,17.768831253051758
2004-03-02,17.72637367248535
2004-03-03,17.399444580078125
2004-03-04,17.68816566467285
2004-03-05,17.514080047607422
2004-03-08,16.800779342651367
2004-03-09,16.915422439575195
2004-03-10,16.57150650024414
2004-03-11,16.456867218017578
2004-03-12,16.822011947631836
2004-03-15,16.376197814941406
2004-03-16,16.55876922607422
2004-03-17,16.822011947631836
2004-03-18,16.57575225830078
2004-03-19,15.977088928222656
2004-03-22,15.866698265075684
2004-03-23,15.81574821472168
2004-03-24,16.117204666137695
2004-03-25,16.783794403076172
2004-03-26,16.635194778442383
2004-03-29,16.775306701660156
2004-03-30,16.792287826538086
2004-03-31,16.77106285095215
2004-04-01,17.038549423217773
2004-04-02,17.58201789855957
2004-04-05,17.798551559448242
2004-04-06,17.399444580078125
2004-04-07,17.35698699951172
2004-04-08,17.42916488647461
2004-04-12,17.55229377746582
2004-04-13,17.335758209228516
2004-04-14,17.195648193359375
2004-04-15,16.630949020385742
2004-04-16,16.414409637451172
2004-04-19,16.67340850830078
2004-04-20,16.062007904052734
2004-04-21,16.21061134338379
2004-04-22,16.231840133666992
2004-04-23,16.478099822998047
2004-04-26,16.100215911865234
2004-04-27,15.904908180236816
2004-04-28,15.658650398254396
2004-04-29,15.251051902770996
2004-04-30,14.987807273864746
2004-05-03,14.928367614746094
2004-05-04,15.191608428955078
2004-05-05,15.242561340332031
2004-05-06,15.28501796722412
2004-05-07,15.476081848144531
2004-05-10,15.62893295288086
2004-05-11,16.049270629882812
2004-05-12,15.832731246948242
2004-05-13,15.658650398254396
2004-05-14,15.450605392456056
2004-05-17,15.27652645111084
2004-05-18,15.544013023376465
2004-05-19,15.603458404541016
2004-05-20,15.522786140441896
2004-05-21,15.577982902526855
2004-05-24,15.66714096069336
2004-05-25,16.083236694335938
2004-05-26,16.155414581298828
2004-05-27,16.24032974243164
2004-05-28,16.524805068969727
2004-06-01,16.325246810913086
2004-06-02,16.0025634765625
2004-06-03,15.603458404541016
2004-06-04,15.921894073486328
2004-06-07,16.41865348815918
2004-06-08,16.435640335083008
2004-06-09,15.951616287231444
2004-06-10,16.01105499267578
2004-06-14,15.709599494934082
2004-06-15,15.921894073486328
2004-06-16,15.726582527160645
2004-06-17,15.259540557861328
2004-06-18,15.23406982421875
2004-06-21,15.16613483428955
2004-06-22,15.62468719482422
2004-06-23,15.964350700378418
2004-06-24,15.739323616027832
2004-06-25,15.81574821472168
2004-06-28,15.654400825500488
2004-06-29,15.938875198364258
2004-06-30,16.062007904052734
2004-07-01,15.45909595489502
2004-07-02,15.132169723510742
2004-07-06,14.68210792541504
2004-07-07,14.805238723754885
2004-07-08,14.741549491882324
2004-07-09,15.01752758026123
2004-07-12,14.72032070159912
2004-07-13,14.724568367004396
2004-07-14,13.943331718444824
2004-07-15,13.875399589538574
2004-07-16,13.586681365966797
2004-07-19,13.663107872009276
2004-07-20,13.96881103515625
2004-07-21,13.489028930664062
2004-07-22,13.9093656539917
2004-07-23,13.489028930664062
2004-07-26,13.395620346069336
2004-07-27,13.446569442749023
2004-07-28,13.331931114196776
2004-07-29,13.781991004943848
2004-07-30,13.96881103515625
2004-08-02,14.07495403289795
2004-08-03,13.531487464904783
2004-08-04,13.624897003173828
2004-08-05,13.467799186706545
2004-08-06,13.013494491577148
2004-08-09,12.966790199279783
2004-08-10,13.102659225463867
2004-08-11,12.563434600830078
2004-08-12,12.219521522521973
2004-08-13,12.291702270507812
2004-08-16,12.359636306762695
2004-08-17,12.516730308532717
2004-08-18,12.89036464691162
2004-08-19,12.839415550231934
2004-08-20,12.86064624786377
2004-08-23,12.992265701293944
2004-08-24,12.686563491821287
2004-08-25,12.835168838500977
2004-08-26,12.695055961608888
2004-08-27,12.805447578430176
2004-08-30,12.559189796447754
2004-08-31,12.453042984008787
2004-09-01,12.546451568603516
2004-09-02,12.73751449584961
2004-09-03,12.015722274780272
2004-09-07,11.88410186767578
2004-09-08,11.905330657958984
2004-09-09,12.465781211853027
2004-09-10,12.89036464691162
2004-09-13,13.123886108398438
2004-09-14,13.19182014465332
2004-09-15,12.796956062316896
2004-09-16,12.771480560302734
2004-09-17,13.047462463378906
2004-09-20,13.450817108154297
2004-09-21,13.484782218933104
2004-09-22,13.183327674865724
2004-09-23,13.204557418823242
2004-09-24,12.80969524383545
2004-09-27,12.652597427368164
2004-09-28,12.525222778320312
2004-09-29,12.779973030090332
2004-09-30,12.839415550231934
2004-10-01,13.45506191253662
2004-10-04,13.544222831726074
2004-10-05,13.548469543457031
2004-10-06,13.586681365966797
2004-10-07,13.531487464904783
2004-10-08,12.988018989562988
2004-10-11,13.02623176574707
2004-10-12,12.822432518005373
2004-10-13,13.051708221435549
2004-10-14,12.631370544433594
2004-10-15,12.635613441467283
2004-10-18,12.703548431396484
2004-10-19,12.907347679138184
2004-10-20,13.183327674865724
2004-10-21,13.548469543457031
2004-10-22,13.145113945007324
2004-10-25,13.217293739318848
2004-10-26,13.179081916809082
2004-10-27,13.675847053527832
2004-10-28,13.756516456604004
2004-10-29,13.7352876663208
2004-11-01,13.828693389892578
2004-11-02,13.790483474731444
2004-11-03,13.65036964416504
2004-11-04,13.75226879119873
2004-11-05,13.96031665802002
2004-11-08,13.977299690246582
2004-11-09,13.900875091552734
2004-11-10,13.531487464904783
2004-11-11,13.781991004943848
2004-11-12,14.028252601623535
2004-11-15,14.27875518798828
2004-11-16,14.236295700073242
2004-11-17,14.56322193145752
2004-11-18,14.775516510009766
2004-11-19,14.33819580078125
2004-11-22,14.329704284667969
2004-11-23,14.12590503692627
2004-11-24,14.227802276611328
2004-11-26,14.117411613464355
2004-11-29,14.024003982543944
2004-11-30,13.794729232788086
2004-12-01,14.321212768554688
2004-12-02,14.223557472229004
2004-12-03,14.55048656463623
2004-12-06,14.626913070678713
2004-12-07,14.321212768554688
2004-12-08,14.024003982543944
2004-12-09,13.832942008972168
2004-12-10,13.75226879119873
2004-12-13,13.832942008972168
2004-12-14,14.159871101379396
2004-12-15,14.155624389648438
2004-12-16,13.917859077453612
2004-12-17,13.781991004943848
2004-12-20,13.675847053527832
2004-12-21,13.905121803283691
2004-12-22,13.951823234558104
2004-12-23,14.002775192260742
2004-12-27,13.875399589538574
2004-12-28,13.926348686218262
2004-12-29,14.07495403289795
2004-12-30,14.108919143676758
2004-12-31,14.16836166381836
2005-01-03,13.888137817382812
2005-01-04,13.544222831726074
2005-01-05,13.310701370239258
2005-01-06,13.247014999389648
2005-01-07,13.36589813232422
2005-01-10,13.340423583984377
2005-01-11,13.06019687652588
2005-01-12,13.344670295715332
2005-01-13,13.128131866455078
2005-01-14,13.310701370239258
2005-01-18,13.374390602111816
2005-01-19,13.06019687652588
2005-01-20,13.013494491577148
2005-01-21,12.830923080444336
2005-01-24,12.605894088745115
2005-01-25,12.835168838500977
2005-01-26,13.145113945007324
2005-01-27,13.230031967163086
2005-01-28,13.196064949035645
2005-01-31,13.251259803771973
2005-02-01,13.459307670593262
2005-02-02,13.378637313842772
2005-02-03,13.268245697021484
2005-02-04,13.89238452911377
2005-02-07,13.862663269042969
2005-02-08,14.091937065124512
2005-02-09,13.811711311340332
2005-02-10,13.917859077453612
2005-02-11,14.40613079071045
2005-02-14,14.401885032653809
2005-02-15,14.47830581665039
2005-02-16,14.33394718170166
2005-02-17,14.117411613464355
2005-02-18,14.159871101379396
2005-02-22,14.13864040374756
2005-02-23,14.0367431640625
2005-02-24,14.33394718170166
2005-02-25,14.622665405273438
2005-02-28,14.43160629272461
2005-03-01,14.77127170562744
2005-03-02,14.56322193145752
2005-03-03,14.40613079071045
2005-03-04,14.440095901489258
2005-03-07,14.703338623046877
2005-03-08,14.427358627319336
2005-03-09,14.461325645446776
2005-03-10,14.626913070678713
2005-03-11,14.24478816986084
2005-03-14,14.27875518798828
2005-03-15,14.040986061096191
2005-03-16,13.879643440246582
2005-03-17,13.89238452911377
2005-03-18,13.773499488830566
2005-03-21,13.790483474731444
2005-03-22,13.603666305541992
2005-03-23,13.803220748901367
2005-03-24,13.862663269042969
2005-03-28,13.82444953918457
2005-03-29,13.658862113952637
2005-03-30,13.96456241607666
2005-03-31,13.811711311340332
2005-04-01,13.620651245117188
2005-04-04,13.612157821655272
2005-04-05,13.624897003173828
2005-04-06,13.633387565612791
2005-04-07,13.871150970458984
2005-04-08,13.794729232788086
2005-04-11,13.675847053527832
2005-04-12,13.620651245117188
2005-04-13,13.331931114196776
2005-04-14,13.119640350341797
2005-04-15,12.69930362701416
2005-04-18,12.86064624786377
2005-04-19,13.140867233276367
2005-04-20,12.91584014892578
2005-04-21,13.285229682922363
2005-04-22,13.013494491577148
2005-04-25,13.08991813659668
2005-04-26,13.064444541931152
2005-04-27,13.136624336242676
2005-04-28,13.06868839263916
2005-04-29,13.085674285888672
2005-05-02,13.140867233276367
2005-05-03,13.17483615875244
2005-05-04,13.433832168579102
2005-05-05,13.501766204833984
2005-05-06,13.595175743103027
2005-05-09,13.692827224731444
2005-05-10,13.539978981018066
2005-05-11,13.582435607910156
2005-05-12,13.603666305541992
2005-05-13,13.939085960388184
2005-05-16,13.994281768798828
2005-05-17,14.117411613464355
2005-05-18,14.219313621520996
2005-05-19,14.223557472229004
2005-05-20,14.367918968200684
2005-05-23,14.33819580078125
2005-05-24,14.56322193145752
2005-05-25,14.491046905517578
2005-05-26,14.74579620361328
2005-05-27,14.660881042480469
2005-05-31,14.605688095092772
2005-06-01,14.69484519958496
2005-06-02,14.907137870788574
2005-06-03,14.784008026123049
2005-06-06,14.724568367004396
2005-06-07,14.5335054397583
2005-06-08,14.677862167358398
2005-06-09,14.987807273864746
2005-06-10,14.690600395202637
2005-06-13,14.665125846862791
2005-06-14,14.512272834777832
2005-06-15,14.541996002197266
2005-06-16,14.626913070678713
2005-06-17,14.622665405273438
2005-06-20,14.55897617340088
2005-06-21,14.648141860961914
2005-06-22,14.750044822692873
2005-06-23,14.699090957641602
2005-06-24,14.47830581665039
2005-06-27,14.274505615234377
2005-06-28,14.465571403503418
2005-06-29,14.372164726257324
2005-06-30,14.295736312866213
2005-07-01,14.346685409545898
2005-07-05,14.584452629089355
2005-07-06,14.660881042480469
2005-07-07,14.83920669555664
2005-07-08,15.08546543121338
2005-07-11,15.454854011535645
2005-07-12,15.484572410583496
2005-07-13,15.505802154541016
2005-07-14,15.662896156311035
2005-07-15,15.701108932495115
2005-07-18,15.66714096069336
2005-07-19,15.921894073486328
2005-07-20,16.01105499267578
2005-07-21,15.756303787231444
2005-07-22,15.803010940551758
2005-07-25,15.701108932495115
2005-07-26,16.019548416137695
2005-07-27,15.832731246948242
2005-07-28,15.866698265075684
2005-07-29,15.862449645996094
2005-08-01,15.81574821472168
2005-08-02,16.261564254760742
2005-08-03,16.108707427978516
2005-08-04,15.777538299560549
2005-08-05,15.66714096069336
2005-08-08,15.577982902526855
2005-08-09,15.726582527160645
2005-08-10,15.62468719482422
2005-08-11,15.718092918395996
2005-08-12,15.429370880126951
2005-08-15,15.582226753234863
2005-08-16,15.35719871520996
2005-08-17,15.531274795532228
2005-08-18,15.395410537719728
2005-08-19,15.38691520690918
2005-08-22,15.61194896697998
2005-08-23,15.535521507263184
2005-08-24,15.442116737365724
2005-08-25,15.510046005249023
2005-08-26,15.408147811889648
2005-08-29,15.620439529418944
2005-08-30,15.560998916625977
2005-08-31,15.701108932495115
2005-09-01,15.52703094482422
2005-09-02,15.480327606201172
2005-09-06,15.709599494934082
2005-09-07,15.696864128112791
2005-09-08,15.951616287231444
2005-09-09,15.858202934265137
2005-09-12,15.790268898010254
2005-09-13,15.879435539245604
2005-09-14,15.773289680480955
2005-09-15,15.66714096069336
2005-09-16,15.662896156311035
2005-09-19,15.514296531677246
2005-09-20,15.399652481079102
2005-09-21,15.183115005493164
2005-09-22,15.255293846130373
2005-09-23,15.36993408203125
2005-09-26,15.361442565917969
2005-09-27,15.115181922912598
2005-09-28,15.15339469909668
2005-09-29,15.420883178710938
2005-09-30,15.684127807617188
2005-10-03,15.752060890197754
2005-10-04,15.501553535461426
2005-10-05,15.251051902770996
2005-10-06,14.979313850402832
2005-10-07,15.051493644714355
2005-10-10,14.665125846862791
2005-10-11,14.482555389404297
2005-10-12,14.48680019378662
2005-10-13,14.741549491882324
2005-10-14,14.631157875061035
2005-10-17,14.63965129852295
2005-10-18,14.597192764282228
2005-10-19,14.55897617340088
2005-10-20,14.588700294494627
2005-10-21,14.74579620361328
2005-10-24,14.83920669555664
2005-10-25,14.512272834777832
2005-10-26,14.427358627319336
2005-10-27,14.172608375549316
2005-10-28,14.142887115478516
2005-10-31,14.24478816986084
2005-11-01,14.142887115478516
2005-11-02,14.567471504211426
2005-11-03,14.907137870788574
2005-11-04,14.983564376831056
2005-11-07,15.047247886657717
2005-11-08,15.051493644714355
2005-11-09,15.16188907623291
2005-11-10,15.35295295715332
2005-11-11,15.27652645111084
2005-11-14,15.425128936767578
2005-11-15,15.293511390686035
2005-11-16,15.263787269592283
2005-11-17,15.331724166870115
2005-11-18,15.488816261291504
2005-11-21,15.420883178710938
2005-11-22,15.709599494934082
2005-11-23,15.777538299560549
2005-11-25,15.904908180236816
2005-11-28,15.807256698608398
2005-11-29,15.752060890197754
2005-11-30,15.875187873840332
2005-12-01,16.465360641479492
2005-12-02,16.529048919677734
2005-12-05,16.248825073242188
2005-12-06,16.321002960205078
2005-12-07,16.236082077026367
2005-12-08,15.887925148010254
2005-12-09,16.108707427978516
2005-12-12,16.30402183532715
2005-12-13,16.367708206176758
2005-12-14,16.282791137695312
2005-12-15,16.270055770874023
2005-12-16,16.151168823242188
2005-12-19,15.760550498962402
2005-12-20,15.828484535217283
2005-12-21,15.807256698608398
2005-12-22,16.006813049316406
2005-12-23,16.057764053344727
2005-12-27,15.832731246948242
2005-12-28,15.892171859741213
2005-12-29,15.675633430480955
2005-12-30,15.556753158569336
2006-01-03,16.100215911865234
2006-01-04,16.21910285949707
2006-01-05,16.541786193847656
2006-01-06,16.834749221801758
2006-01-09,16.923912048339844
2006-01-10,16.898433685302734
2006-01-11,17.068265914916992
2006-01-12,17.00033950805664
2006-01-13,16.75832748413086
2006-01-17,16.486591339111328
2006-01-18,16.117204666137695
2006-01-19,16.456867218017578
2006-01-20,15.879435539245604
2006-01-23,15.85395622253418
2006-01-24,15.85395622253418
2006-01-25,15.807256698608398
2006-01-26,16.1766414642334
2006-01-27,16.231840133666992
2006-01-30,16.278547286987305
2006-01-31,15.8369779586792
2006-02-01,16.21910285949707
2006-02-02,15.95586109161377
2006-02-03,15.752060890197754
2006-02-06,16.04077911376953
2006-02-07,16.155414581298828
2006-02-08,16.38893699645996
2006-02-09,16.34223175048828
2006-02-10,16.180891036987305
2006-02-13,16.028038024902344
2006-02-14,16.24032974243164
2006-02-15,16.21910285949707
2006-02-16,16.431394577026367
2006-02-17,16.087480545043945
2006-02-21,15.811503410339355
2006-02-22,15.943121910095217
2006-02-23,15.709599494934082
2006-02-24,15.688374519348145
2006-02-27,15.811503410339355
2006-02-28,15.718092918395996
2006-03-01,16.359209060668945
2006-03-02,16.346477508544922
2006-03-03,16.108707427978516
2006-03-06,15.900665283203123
2006-03-07,15.590716361999512
2006-03-08,15.49306297302246
2006-03-09,15.251051902770996
2006-03-10,15.255293846130373
2006-03-13,15.242561340332031
2006-03-14,15.505802154541016
2006-03-15,15.641668319702148
2006-03-16,15.123675346374512
2006-03-17,15.093955039978027
2006-03-20,15.106694221496582
2006-03-21,15.16188907623291
2006-03-22,15.217082023620604
2006-03-23,15.21284008026123
2006-03-24,15.36993408203125
2006-03-27,15.420883178710938
2006-03-28,15.11943244934082
2006-03-29,15.573738098144531
2006-03-30,15.59921169281006
2006-03-31,15.420883178710938
2006-04-03,15.510046005249023
2006-04-04,15.446359634399414
2006-04-05,15.862449645996094
2006-04-06,16.0025634765625
2006-04-07,15.662896156311035
2006-04-10,15.53976821899414
2006-04-11,15.488816261291504
2006-04-12,15.548258781433104
2006-04-13,15.62468719482422
2006-04-17,15.348708152770996
2006-04-18,15.870943069458008
2006-04-19,16.078990936279297
2006-04-20,16.24032974243164
2006-04-21,15.887925148010254
2006-04-24,15.777538299560549
2006-04-25,15.913402557373049
2006-04-26,15.849719047546388
2006-04-27,16.13418197631836
2006-04-28,15.985584259033203
2006-05-01,15.777538299560549
2006-05-02,15.819991111755373
2006-05-03,15.926140785217283
2006-05-04,16.028038024902344
2006-05-05,16.1596622467041
2006-05-08,16.146921157836914
2006-05-09,15.989826202392578
2006-05-10,15.62468719482422
2006-05-11,15.36993408203125
2006-05-12,15.259540557861328
2006-05-15,15.157642364501951
2006-05-16,15.144906997680664
2006-05-17,14.864680290222168
2006-05-18,14.728812217712402
2006-05-19,14.93685817718506
2006-05-22,14.5335054397583
2006-05-23,14.26601791381836
2006-05-24,14.43585205078125
2006-05-25,14.43585205078125
2006-05-26,14.520766258239746
2006-05-30,14.27875518798828
2006-05-31,14.448585510253906
2006-06-01,14.699090957641602
2006-06-02,14.690600395202637
2006-06-05,14.27875518798828
2006-06-06,14.282998085021973
2006-06-07,13.973054885864258
2006-06-08,13.905121803283691
2006-06-09,13.828693389892578
2006-06-12,13.539978981018066
2006-06-13,13.514504432678224
2006-06-14,13.697072982788086
2006-06-15,14.13864040374756
2006-06-16,14.011265754699709
2006-06-19,13.93484115600586
2006-06-20,13.896629333496094
2006-06-21,14.130149841308594
2006-06-22,13.951823234558104
2006-06-23,13.777745246887209
2006-06-26,13.89238452911377
2006-06-27,13.624897003173828
2006-06-28,13.663107872009276
2006-06-29,14.040986061096191
2006-06-30,13.973054885864258
2006-07-03,14.155624389648438
2006-07-05,13.765005111694336
2006-07-06,13.722548484802246
2006-07-07,13.501766204833984
2006-07-10,13.200309753417969
2006-07-11,13.590927124023438
2006-07-12,13.225787162780762
2006-07-13,13.02198600769043
2006-07-14,13.043217658996582
2006-07-17,12.979527473449709
2006-07-18,13.047462463378906
2006-07-19,13.162100791931152
2006-07-20,12.771480560302734
2006-07-21,12.38935661315918
2006-07-24,12.635613441467283
2006-07-25,12.85639762878418
2006-07-26,12.907347679138184
2006-07-27,12.9752836227417
2006-07-28,13.340423583984377
2006-07-31,13.38288116455078
2006-08-01,13.017739295959473
2006-08-02,13.200309753417969
2006-08-03,13.314949035644531
2006-08-04,13.28098201751709
2006-08-07,13.204557418823242
2006-08-08,13.17483615875244
2006-08-09,13.183327674865724
2006-08-10,13.476290702819824
2006-08-11,13.00500202178955
2006-08-14,13.242770195007324
2006-08-15,13.56969928741455
2006-08-16,13.990036010742188
2006-08-17,14.002775192260742
2006-08-18,14.07495403289795
2006-08-21,13.841432571411133
2006-08-22,13.786237716674805
2006-08-23,13.756516456604004
2006-08-24,13.89238452911377
2006-08-25,13.913614273071287
2006-08-28,14.113166809082031
2006-08-29,14.393393516540527
2006-08-30,14.584452629089355
2006-08-31,14.474063873291016
2006-09-01,14.367918968200684
2006-09-05,14.495294570922852
2006-09-06,14.040986061096191
2006-09-07,13.93059539794922
2006-09-08,14.142887115478516
2006-09-11,14.27875518798828
2006-09-12,14.677862167358398
2006-09-13,14.622665405273438
2006-09-14,14.60993194580078
2006-09-15,14.584452629089355
2006-09-18,14.71182918548584
2006-09-19,14.43160629272461
2006-09-20,14.571715354919434
2006-09-21,14.19808292388916
2006-09-22,14.159871101379396
2006-09-25,14.52925968170166
2006-09-26,14.597192764282228
2006-09-27,14.503783226013184
2006-09-28,14.71182918548584
2006-09-29,14.55897617340088
2006-10-02,14.47830581665039
2006-10-03,14.372164726257324
2006-10-04,14.626913070678713
2006-10-05,14.516519546508787
2006-10-06,14.423114776611328
2006-10-09,14.567471504211426
2006-10-10,14.512272834777832
2006-10-11,14.703338623046877
2006-10-12,14.970826148986816
2006-10-13,15.07272720336914
2006-10-16,15.16613483428955
2006-10-17,14.817975997924805
2006-10-18,14.461325645446776
2006-10-19,14.380655288696287
2006-10-20,14.274505615234377
2006-10-23,14.372164726257324
2006-10-24,14.159871101379396
2006-10-25,14.452832221984863
2006-10-26,14.601441383361816
2006-10-27,14.24478816986084
2006-10-30,14.33819580078125
2006-10-31,14.43585205078125
2006-11-01,14.130149841308594
2006-11-02,14.032498359680176
2006-11-03,13.994281768798828
2006-11-06,14.261771202087402
2006-11-07,14.414620399475098
2006-11-08,14.376410484313965
2006-11-09,14.096183776855469
2006-11-10,14.261771202087402
2006-11-13,14.52925968170166
2006-11-14,14.975072860717772
2006-11-15,15.06423282623291
2006-11-16,15.051493644714355
2006-11-17,14.979313850402832
2006-11-20,15.123675346374512
2006-11-21,14.881664276123049
2006-11-22,15.06423282623291
2006-11-24,15.004793167114258
2006-11-27,14.707584381103516
2006-11-28,14.631157875061035
2006-11-29,14.546241760253906
2006-11-30,14.6693696975708
2006-12-01,14.444341659545898
2006-12-04,14.71182918548584
2006-12-05,14.775516510009766
2006-12-06,14.775516510009766
2006-12-07,14.597192764282228
2006-12-08,14.516519546508787
2006-12-11,14.465571403503418
2006-12-12,14.40613079071045
2006-12-13,14.287245750427246
2006-12-14,14.503783226013184
2006-12-15,14.546241760253906
2006-12-18,14.525012969970703
2006-12-19,14.312719345092772
2006-12-20,14.397639274597168
2006-12-21,14.227802276611328
2006-12-22,14.1343994140625
2006-12-26,14.227802276611328
2006-12-27,14.33394718170166
2006-12-28,14.33394718170166
2006-12-29,14.287245750427246
2007-01-03,14.253278732299805
2007-01-04,14.516519546508787
2007-01-05,14.372164726257324
2007-01-08,14.461325645446776
2007-01-09,14.57596206665039
2007-01-10,14.754287719726562
2007-01-11,14.85194206237793
2007-01-12,14.898648262023926
2007-01-16,14.741549491882324
2007-01-17,14.622665405273438
2007-01-18,14.07919979095459
2007-01-19,14.181099891662598
2007-01-22,14.083444595336914
2007-01-23,14.066461563110352
2007-01-24,14.261771202087402
2007-01-25,14.24478816986084
2007-01-26,14.35942554473877
2007-01-29,14.329704284667969
2007-01-30,14.346685409545898
2007-01-31,14.363672256469728
2007-02-01,14.47830581665039
2007-02-02,14.571715354919434
2007-02-05,14.626913070678713
2007-02-06,14.52925968170166
2007-02-07,14.648141860961914
2007-02-08,14.588700294494627
2007-02-09,14.41037368774414
2007-02-12,14.261771202087402
2007-02-13,14.321212768554688
2007-02-14,14.635404586791992
2007-02-15,14.648141860961914
2007-02-16,14.631157875061035
2007-02-20,14.652388572692873
2007-02-21,14.63965129852295
2007-02-22,15.030269622802734
2007-02-23,15.098201751708984
2007-02-26,15.076972007751465
2007-02-27,14.626913070678713
2007-02-28,14.618422508239746
2007-03-01,14.48680019378662
2007-03-02,14.291492462158203
2007-03-05,14.159871101379396
2007-03-06,14.38914680480957
2007-03-07,14.33819580078125
2007-03-08,14.448585510253906
2007-03-09,14.69484519958496
2007-03-12,14.750044822692873
2007-03-13,14.580206871032717
2007-03-14,14.55048656463623
2007-03-15,14.580206871032717
2007-03-16,14.474063873291016
2007-03-19,14.41037368774414
2007-03-20,14.503783226013184
2007-03-21,14.690600395202637
2007-03-22,14.584452629089355
2007-03-23,14.588700294494627
2007-03-26,14.546241760253906
2007-03-27,14.537752151489258
2007-03-28,14.33394718170166
2007-03-29,14.257527351379396
2007-03-30,14.17685317993164
2007-04-02,14.2023286819458
2007-04-03,14.253278732299805
2007-04-04,14.452832221984863
2007-04-05,14.537752151489258
2007-04-09,14.55897617340088
2007-04-10,14.788252830505373
2007-04-11,14.635404586791992
2007-04-12,14.707584381103516
2007-04-13,14.635404586791992
2007-04-16,14.728812217712402
2007-04-17,14.699090957641602
2007-04-18,15.106694221496582
2007-04-19,15.293511390686035
2007-04-20,15.382671356201172
2007-04-23,15.272278785705566
2007-04-24,15.769044876098633
2007-04-25,16.006813049316406
2007-04-26,15.930383682250977
2007-04-27,15.739323616027832
2007-04-30,15.544013023376465
2007-05-01,15.654400825500488
2007-05-02,15.756303787231444
2007-05-03,15.739323616027832
2007-05-04,15.930383682250977
2007-05-07,15.909154891967772
2007-05-08,15.832731246948242
2007-05-09,16.1766414642334
2007-05-10,15.930383682250977
2007-05-11,16.12569236755371
2007-05-14,16.1596622467041
2007-05-15,15.947368621826172
2007-05-16,15.900665283203123
2007-05-17,15.752060890197754
2007-05-18,15.773289680480955
2007-05-21,15.752060890197754
2007-05-22,15.832731246948242
2007-05-23,15.548258781433104
2007-05-24,15.314738273620604
2007-05-25,15.395410537719728
2007-05-29,15.463340759277344
2007-05-30,15.35719871520996
2007-05-31,15.586472511291504
2007-06-01,15.701108932495115
2007-06-04,15.662896156311035
2007-06-05,15.552504539489746
2007-06-06,15.36993408203125
2007-06-07,15.15339469909668
2007-06-08,15.590716361999512
2007-06-11,15.535521507263184
2007-06-12,15.41663932800293
2007-06-13,15.752060890197754
2007-06-14,15.900665283203123
2007-06-15,16.21910285949707
2007-06-18,16.24032974243164
2007-06-19,16.138429641723633
2007-06-20,16.04077911376953
2007-06-21,16.495080947875977
2007-06-22,16.253067016601562
2007-06-25,16.066253662109375
2007-06-26,16.028038024902344
2007-06-27,16.384689331054688
2007-06-28,16.278547286987305
2007-06-29,16.155414581298828
2007-07-02,16.38893699645996
2007-07-03,16.456867218017578
2007-07-05,16.512065887451172
2007-07-06,16.65642547607422
2007-07-09,16.73284912109375
2007-07-10,16.609718322753906
2007-07-11,16.579998016357422
2007-07-12,17.07676124572754
2007-07-13,17.064022064208984
2007-07-16,17.110729217529297
2007-07-17,17.42916488647461
2007-07-18,17.110729217529297
2007-07-19,17.161678314208984
2007-07-20,16.932403564453125
2007-07-23,16.91966438293457
2007-07-24,16.57150650024414
2007-07-25,16.618209838867188
2007-07-26,16.312511444091797
2007-07-27,16.019548416137695
2007-07-30,16.261564254760742
2007-07-31,16.036531448364258
2007-08-01,16.100215911865234
2007-08-02,16.095972061157227
2007-08-03,15.747815132141112
2007-08-06,15.921894073486328
2007-08-07,15.896418571472168
2007-08-08,16.21910285949707
2007-08-09,15.964350700378418
2007-08-10,16.006813049316406
2007-08-13,15.904908180236816
2007-08-14,15.701108932495115
2007-08-15,15.327475547790527
2007-08-16,15.28501796722412
2007-08-17,15.518536567687988
2007-08-20,15.709599494934082
2007-08-21,15.777538299560549
2007-08-22,15.849719047546388
2007-08-23,15.807256698608398
2007-08-24,15.998319625854492
2007-08-27,15.807256698608398
2007-08-28,15.412394523620604
2007-08-29,15.858202934265137
2007-08-30,15.879435539245604
2007-08-31,16.087480545043945
2007-09-04,16.50782012939453
2007-09-05,16.2955265045166
2007-09-06,16.43988800048828
2007-09-07,16.053516387939453
2007-09-10,16.045024871826172
2007-09-11,16.231840133666992
2007-09-12,15.95586109161377
2007-09-13,15.892171859741213
2007-09-14,15.769044876098633
2007-09-17,15.730830192565918
2007-09-18,16.036531448364258
2007-09-19,16.197874069213867
2007-09-20,16.257312774658203
2007-09-21,16.38044548034668
2007-09-24,16.29128074645996
2007-09-25,16.261564254760742
2007-09-26,16.21061134338379
2007-09-27,16.287038803100586
2007-09-28,16.261564254760742
2007-10-01,16.529048919677734
2007-10-02,16.541786193847656
2007-10-03,16.20212173461914
2007-10-04,16.121448516845703
2007-10-05,16.325246810913086
2007-10-08,16.346477508544922
2007-10-09,16.282791137695312
2007-10-10,16.172399520874023
2007-10-11,15.88368034362793
2007-10-12,15.429370880126951
2007-10-15,15.412394523620604
2007-10-16,15.35295295715332
2007-10-17,15.62468719482422
2007-10-18,15.590716361999512
2007-10-19,15.127923965454102
2007-10-22,15.28501796722412
2007-10-23,15.04300308227539
2007-10-24,14.626913070678713
2007-10-25,14.372164726257324
2007-10-26,14.346685409545898
2007-10-29,14.499539375305176
2007-10-30,14.52925968170166
2007-10-31,14.699090957641602
2007-11-01,14.465571403503418
2007-11-02,14.541996002197266
2007-11-05,14.45707893371582
2007-11-06,14.60993194580078
2007-11-07,14.287245750427246
2007-11-08,14.032498359680176
2007-11-09,13.985791206359863
2007-11-12,13.849924087524414
2007-11-13,14.096183776855469
2007-11-14,13.973054885864258
2007-11-15,13.883891105651855
2007-11-16,13.92210292816162
2007-11-19,13.68009090423584
2007-11-20,13.607911109924316
2007-11-21,13.344670295715332
2007-11-23,13.497519493103027
2007-11-26,13.204557418823242
2007-11-27,13.408358573913574
2007-11-28,14.011265754699709
2007-11-29,13.862663269042969
2007-11-30,13.722548484802246
2007-12-03,13.718304634094238
2007-12-04,13.65461540222168
2007-12-05,14.040986061096191
2007-12-06,14.240541458129885
2007-12-07,14.18959140777588
2007-12-10,14.304227828979492
2007-12-11,14.032498359680176
2007-12-12,14.232049942016602
2007-12-13,14.083444595336914
2007-12-14,13.871150970458984
2007-12-17,13.65461540222168
2007-12-18,13.714056015014648
2007-12-19,13.739534378051758
2007-12-20,13.93484115600586
2007-12-21,14.062214851379396
2007-12-24,14.17685317993164
2007-12-26,14.155624389648438
2007-12-27,13.900875091552734
2007-12-28,13.854171752929688
2007-12-31,13.781991004943848
2008-01-02,13.314949035644531
2008-01-03,13.081427574157717
2008-01-04,12.41907787322998
2008-01-07,12.48701000213623
2008-01-08,12.257737159729004
2008-01-09,12.27896499633789
2008-01-10,12.236506462097168
2008-01-11,11.97326374053955
2008-01-14,12.380865097045898
2008-01-15,12.070919036865234
2008-01-16,11.850133895874023
2008-01-17,11.688793182373049
2008-01-18,11.850133895874023
2008-01-22,11.637842178344728
2008-01-23,12.053935050964355
2008-01-24,12.266227722167969
2008-01-25,11.89684009552002
2008-01-28,12.168572425842283
2008-01-29,12.121868133544922
2008-01-30,12.232257843017578
2008-01-31,11.952034950256348
2008-02-01,12.839415550231934
2008-02-04,12.525222778320312
2008-02-05,12.06667137145996
2008-02-06,11.845888137817385
2008-02-07,11.89259433746338
2008-02-08,11.952034950256348
2008-02-11,12.18555736541748
2008-02-12,12.18555736541748
2008-02-13,12.576171875
2008-02-14,12.287457466125488
2008-02-15,12.134607315063477
2008-02-19,12.01147747039795
2008-02-20,12.249244689941406
2008-02-21,12.232257843017578
2008-02-22,12.22376823425293
2008-02-25,12.30868434906006
2008-02-26,12.533714294433594
2008-02-27,12.682320594787598
2008-02-28,12.503994941711426
2008-02-29,12.121868133544922
2008-03-03,12.058181762695312
2008-03-04,12.155835151672363
2008-03-05,12.291702270507812
2008-03-06,12.075164794921877
2008-03-07,12.155835151672363
2008-03-10,12.181309700012209
2008-03-11,12.427569389343262
2008-03-12,12.359636306762695
2008-03-13,12.444550514221191
2008-03-14,12.177064895629885
2008-03-17,12.198291778564451
2008-03-18,12.622878074645996
2008-03-19,12.189802169799805
2008-03-20,12.351143836975098
2008-03-24,12.652597427368164
2008-03-25,12.678072929382324
2008-03-26,12.48701000213623
2008-03-27,12.270472526550291
2008-03-28,12.113375663757324
2008-03-31,12.194046974182127
2008-04-01,12.622878074645996
2008-04-02,12.724777221679688
2008-04-03,12.983776092529297
2008-04-04,12.924330711364746
2008-04-07,12.86064624786377
2008-04-08,12.508240699768066
2008-04-09,12.652597427368164
2008-04-10,12.945561408996582
2008-04-11,12.546451568603516
2008-04-14,12.270472526550291
2008-04-15,12.25348949432373
2008-04-16,12.758744239807127
2008-04-17,12.779973030090332
2008-04-18,12.907347679138184
2008-04-21,13.136624336242676
2008-04-22,12.758744239807127
2008-04-23,12.992265701293944
2008-04-24,13.119640350341797
2008-04-25,13.145113945007324
2008-04-28,13.128131866455078
2008-04-29,13.166345596313477
2008-04-30,12.979527473449709
2008-05-01,13.429585456848145
2008-05-02,13.497519493103027
2008-05-05,13.404111862182615
2008-05-06,13.501766204833984
2008-05-07,13.429585456848145
2008-05-08,13.484782218933104
2008-05-09,13.476290702819824
2008-05-12,13.620651245117188
2008-05-13,13.637632369995115
2008-05-14,13.790483474731444
2008-05-15,14.07495403289795
2008-05-16,14.130149841308594
2008-05-19,14.13864040374756
2008-05-20,13.875399589538574
2008-05-21,13.709810256958008
2008-05-22,13.714056015014648
2008-05-23,13.620651245117188
2008-05-27,13.832942008972168
2008-05-28,13.875399589538574
2008-05-29,13.871150970458984
2008-05-30,13.862663269042969
2008-06-02,13.820202827453612
2008-06-03,13.671601295471191
2008-06-04,13.926348686218262
2008-06-05,13.96881103515625
2008-06-06,13.633387565612791
2008-06-09,13.607911109924316
2008-06-10,13.41684913635254
2008-06-11,13.034725189208984
2008-06-12,13.055954933166504
2008-06-13,13.489028930664062
2008-06-16,13.586681365966797
2008-06-17,13.459307670593262
2008-06-18,13.200309753417969
2008-06-19,13.450817108154297
2008-06-20,13.204557418823242
2008-06-23,13.013494491577148
2008-06-24,13.08991813659668
2008-06-25,13.28098201751709
2008-06-26,12.73751449584961
2008-06-27,12.690811157226562
2008-06-30,12.588910102844238
2008-07-01,12.482763290405272
2008-07-02,12.261981010437012
2008-07-03,12.18555736541748
2008-07-07,12.164326667785645
2008-07-08,12.270472526550291
2008-07-09,11.78220272064209
2008-07-10,11.994492530822754
2008-07-11,11.96901798248291
2008-07-14,11.888347625732422
2008-07-15,12.032705307006836
2008-07-16,12.291702270507812
2008-07-17,12.652597427368164
2008-07-18,12.618632316589355
2008-07-21,12.495503425598145
2008-07-22,11.930805206298828
2008-07-23,12.032705307006836
2008-07-24,11.67605686187744
2008-07-25,11.680299758911133
2008-07-28,11.557173728942873
2008-07-29,11.760972023010254
2008-07-30,11.845888137817385
2008-07-31,11.850133895874023
2008-08-01,11.82890510559082
2008-08-04,11.922314643859863
2008-08-05,12.18555736541748
2008-08-06,12.22801399230957
2008-08-07,12.461535453796388
2008-08-08,12.729023933410645
2008-08-11,12.87338161468506
2008-08-12,12.907347679138184
2008-08-13,12.907347679138184
2008-08-14,12.928577423095703
2008-08-15,12.907347679138184
2008-08-18,12.758744239807127
2008-08-19,12.461535453796388
2008-08-20,12.334158897399902
2008-08-21,12.219521522521973
2008-08-22,12.376620292663574
2008-08-25,12.219521522521973
2008-08-26,12.177064895629885
2008-08-27,12.22801399230957
2008-08-28,12.380865097045898
2008-08-29,12.10063934326172
2008-09-02,11.952034950256348
2008-09-03,11.47650146484375
2008-09-04,11.102866172790527
2008-09-05,11.251471519470217
2008-09-08,11.272701263427734
2008-09-09,10.924540519714355
2008-09-10,10.93303394317627
2008-09-11,10.979738235473633
2008-09-12,10.93303394317627
2008-09-15,10.72498607635498
2008-09-16,10.890573501586914
2008-09-17,10.406549453735352
2008-09-18,10.975492477416992
2008-09-19,11.251471519470217
2008-09-22,10.606103897094728
2008-09-23,10.550908088684082
2008-09-24,10.50844955444336
2008-09-25,10.784429550170898
2008-09-26,10.975492477416992
2008-09-29,9.956491470336914
2008-09-30,10.487220764160156
2008-10-01,10.296157836914062
2008-10-02,9.807886123657228
2008-10-03,9.722970008850098
2008-10-06,9.527661323547363
2008-10-07,8.895031929016113
2008-10-08,8.950228691101074
2008-10-09,8.712461471557617
2008-10-10,8.619051933288574
2008-10-13,9.446990966796877
2008-10-14,8.703968048095703
2008-10-15,8.109551429748535
2008-10-16,8.483184814453125
2008-10-17,8.343070983886719
2008-10-20,8.576594352722168
2008-10-21,8.215697288513184
2008-10-22,7.83357048034668
2008-10-23,7.791113376617432
2008-10-24,7.791113376617432
2008-10-27,7.761393070220947
2008-10-28,8.585083961486816
2008-10-29,8.19022274017334
2008-10-30,8.653017044067383
2008-10-31,8.810114860534668
2008-11-03,8.576594352722168
2008-11-04,8.937488555908203
2008-11-05,8.394022941589355
2008-11-06,7.621280670166016
2008-11-07,8.003406524658203
2008-11-10,7.684967041015625
2008-11-11,7.60004997253418
2008-11-12,7.28161096572876
2008-11-13,7.960947036743164
2008-11-14,7.260383129119873
2008-11-17,7.111778736114502
2008-11-18,6.984405517578125
2008-11-19,6.48764181137085
2008-11-20,6.241381645202637
2008-11-21,6.474902629852295
2008-11-24,6.984405517578125
2008-11-25,6.789093971252441
2008-11-26,7.196696758270264
2008-11-28,7.06082820892334
2008-12-01,6.59378719329834
2008-12-02,6.7084245681762695
2008-12-03,7.0056328773498535
2008-12-04,6.712669849395752
2008-12-05,6.882502555847168
2008-12-08,7.09479570388794
2008-12-09,7.4004950523376465
2008-12-10,7.366530418395996
2008-12-11,7.260383129119873
2008-12-12,7.727427005767822
2008-12-15,7.442954063415527
2008-12-16,7.897259712219238
2008-12-17,7.83357048034668
2008-12-18,7.336809158325195
2008-12-19,7.468429088592529
2008-12-22,7.298596382141113
2008-12-23,7.043846130371094
2008-12-24,7.158483505249023
2008-12-26,7.09479570388794
2008-12-29,7.154236793518066
2008-12-30,7.434464454650879
2008-12-31,7.476921081542969
2009-01-02,7.803849697113037
2009-01-05,7.761393070220947
2009-01-06,8.135027885437012
2009-01-07,7.6722307205200195
2009-01-08,7.667984962463379
2009-01-09,7.438710689544678
2009-01-12,7.2434000968933105
2009-01-13,7.311332702636719
2009-01-14,6.992895603179932
2009-01-15,7.149991512298584
2009-01-16,7.476921081542969
2009-01-20,6.975911617279053
2009-01-21,7.137252807617188
2009-01-22,6.946192264556885
2009-01-23,7.247647285461426
2009-01-26,7.277366638183594
2009-01-27,7.549100875854492
2009-01-28,7.710441589355469
2009-01-29,7.311332702636719
2009-01-30,7.183959484100342
2009-02-02,7.392004013061523
2009-02-03,7.455692291259766
2009-02-04,7.587313175201416
2009-02-05,7.863291263580322
2009-02-06,8.020389556884766
2009-02-09,8.050107955932617
2009-02-10,7.684967041015625
2009-02-11,7.570329666137695
2009-02-12,7.617034912109375
2009-02-13,7.689213275909424
2009-02-17,7.188205242156982
2009-02-18,7.192450523376465
2009-02-19,6.848536491394043
2009-02-20,6.920716285705566
2009-02-23,6.648983001708984
2009-02-24,6.96742057800293
2009-02-25,7.209432601928711
2009-02-26,7.09904146194458
2009-02-27,6.992895603179932
2009-03-02,6.682949066162109
2009-03-03,6.763619899749756
2009-03-04,7.052338600158691
2009-03-05,6.96742057800293
2009-03-06,6.844292163848877
2009-03-09,6.755129337310791
2009-03-10,7.319825649261475
2009-03-11,7.434464454650879
2009-03-12,7.684967041015625
2009-03-13,7.799605846405029
2009-03-16,7.544856071472168
2009-03-17,7.842063903808594
2009-03-18,8.075584411621094
2009-03-19,7.982175350189209
2009-03-20,7.7019500732421875
2009-03-23,8.181729316711426
2009-03-24,7.973684310913086
2009-03-25,7.990667819976807
2009-03-26,8.41524887084961
2009-03-27,8.224188804626465
2009-03-30,7.859046459197998
2009-03-31,7.939717769622803
2009-04-01,7.956701278686523
2009-04-02,8.27938461303711
2009-04-03,8.491676330566406
2009-04-06,8.317597389221191
2009-04-07,8.058602333068848
2009-04-08,8.16899299621582
2009-04-09,8.54262638092041
2009-04-13,8.512906074523926
2009-04-14,8.54687213897705
2009-04-15,8.372794151306152
2009-04-16,8.695476531982422
2009-04-17,8.674246788024902
2009-04-20,8.275138854980469
2009-04-21,8.28787612915039
2009-04-22,8.555364608764648
2009-04-23,8.478939056396484
2009-04-24,8.597824096679688
2009-04-27,8.436482429504395
2009-04-28,8.334579467773438
2009-04-29,8.449216842651367
2009-04-30,8.691230773925781
2009-05-01,8.657262802124023
2009-05-04,9.073355674743652
2009-05-05,8.895031929016113
2009-05-06,8.984193801879883
2009-05-07,8.551115989685059
2009-05-08,8.377039909362793
2009-05-11,8.406759262084961
2009-05-12,8.232680320739746
2009-05-13,8.0883207321167
2009-05-14,8.296367645263672
2009-05-15,8.143519401550293
2009-05-18,8.364301681518555
2009-05-19,8.512906074523926
2009-05-20,8.619051933288574
2009-05-21,8.411005973815918
2009-05-22,8.478939056396484
2009-05-26,8.703968048095703
2009-05-27,8.759163856506348
2009-05-28,8.954472541809082
2009-05-29,8.958718299865723
2009-06-01,9.413022994995115
2009-06-02,9.120060920715332
2009-06-03,9.064866065979004
2009-06-04,9.175254821777344
2009-06-05,8.96296501159668
2009-06-08,9.001177787780762
2009-06-09,9.349336624145508
2009-06-10,9.34084415435791
2009-06-11,9.336600303649902
2009-06-12,9.183748245239258
2009-06-15,9.10732364654541
2009-06-16,8.933245658874512
2009-06-17,9.120060920715332
2009-06-18,8.94173526763916
2009-06-19,9.08184814453125
2009-06-22,8.810114860534668
2009-06-23,8.746426582336426
2009-06-24,8.924752235412598
2009-06-25,9.052127838134766
2009-06-26,9.069110870361328
2009-06-29,9.073355674743652
2009-06-30,9.10732364654541
2009-07-01,9.238944053649902
2009-07-02,9.15827465057373
2009-07-06,9.098831176757812
2009-07-07,8.865310668945312
2009-07-08,8.720952987670898
2009-07-09,8.856819152832031
2009-07-10,8.903522491455078
2009-07-13,9.10732364654541
2009-07-14,9.26866626739502
2009-07-15,9.722970008850098
2009-07-16,9.935262680053713
2009-07-17,10.049899101257324
2009-07-20,10.177274703979492
2009-07-21,10.109341621398926
2009-07-22,10.351353645324709
2009-07-23,10.525433540344238
2009-07-24,10.52967929840088
2009-07-27,10.52967929840088
2009-07-28,10.618842124938965
2009-07-29,10.542417526245115
2009-07-30,10.533923149108888
2009-07-31,10.593365669250488
2009-08-03,10.72923183441162
2009-08-04,10.72498607635498
2009-08-05,10.623086929321287
2009-08-06,10.482975006103516
2009-08-07,10.457499504089355
2009-08-10,10.389565467834473
2009-08-11,10.291912078857422
2009-08-12,10.381073951721191
2009-08-13,10.623086929321287
2009-08-14,10.423535346984863
2009-08-17,10.173029899597168
2009-08-18,10.325879096984863
2009-08-19,10.423535346984863
2009-08-20,10.436271667480469
2009-08-21,10.62733268737793
2009-08-24,10.538169860839844
2009-08-25,10.57638454437256
2009-08-26,10.686775207519531
2009-08-27,10.699512481689451
2009-08-28,10.90755844116211
2009-08-31,10.805659294128418
2009-09-01,10.546663284301758
2009-09-02,10.495712280273438
2009-09-03,10.584874153137209
2009-09-04,10.839625358581545
2009-09-08,11.000967979431152
2009-09-09,11.094375610351562
2009-09-10,11.102866172790527
2009-09-11,10.93303394317627
2009-09-14,10.928788185119627
2009-09-15,10.996721267700195
2009-09-16,10.95426082611084
2009-09-17,10.750463485717772
2009-09-18,10.856609344482422
2009-09-21,10.809903144836426
2009-09-22,10.890573501586914
2009-09-23,11.009458541870115
2009-09-24,10.805659294128418
2009-09-25,10.78018283843994
2009-09-28,10.996721267700195
2009-09-29,10.835379600524902
2009-09-30,10.87783908843994
2009-10-01,10.444762229919434
2009-10-02,10.36833667755127
2009-10-05,10.482975006103516
2009-10-06,10.720741271972656
2009-10-07,10.699512481689451
2009-10-08,10.652807235717772
2009-10-09,10.992475509643556
2009-10-12,11.158061981201172
2009-10-13,11.11985206604004
2009-10-14,11.2811918258667
2009-10-15,11.11135959625244
2009-10-16,10.894821166992188
2009-10-19,11.081639289855955
2009-10-20,11.02219581604004
2009-10-21,10.805659294128418
2009-10-22,11.005212783813477
2009-10-23,10.72498607635498
2009-10-26,10.775938034057615
2009-10-27,10.614595413208008
2009-10-28,10.334369659423828
2009-10-29,10.546663284301758
2009-10-30,10.270682334899902
2009-11-02,10.26219081878662
2009-11-03,10.14755153656006
2009-11-04,10.190011978149414
2009-11-05,10.432025909423828
2009-11-06,10.406549453735352
2009-11-09,10.72923183441162
2009-11-10,10.818395614624023
2009-11-11,10.950018882751465
2009-11-12,10.860855102539062
2009-11-13,10.90755844116211
2009-11-16,11.179292678833008
2009-11-17,11.175045013427734
2009-11-18,11.06890106201172
2009-11-19,10.699512481689451
2009-11-20,10.648563385009766
2009-11-23,10.763200759887695
2009-11-24,10.835379600524902
2009-11-25,10.890573501586914
2009-11-27,10.784429550170898
2009-11-30,10.809903144836426
2009-12-01,11.124096870422363
2009-12-02,11.209013938903809
2009-12-03,11.361863136291504
2009-12-04,11.51895809173584
2009-12-07,11.510465621948242
2009-12-08,11.434043884277344
2009-12-09,11.47650146484375
2009-12-10,11.442534446716309
2009-12-11,11.357617378234863
2009-12-14,11.510465621948242
2009-12-15,11.404322624206545
2009-12-16,11.480749130249023
2009-12-17,11.28543758392334
2009-12-18,11.493484497070312
2009-12-21,11.727005958557127
2009-12-22,11.752480506896973
2009-12-23,11.739742279052734
2009-12-24,11.918068885803224
2009-12-28,11.799184799194336
2009-12-29,11.748234748840332
2009-12-30,11.952034950256348
2009-12-31,11.85438060760498
2010-01-04,12.062426567077637
2010-01-05,11.994492530822754
2010-01-06,11.964771270751951
2010-01-07,11.871362686157228
2010-01-08,12.109130859375
2010-01-11,12.06667137145996
2010-01-12,11.637842178344728
2010-01-13,11.786447525024414
2010-01-14,11.803430557250977
2010-01-15,11.434043884277344
2010-01-19,11.599628448486328
2010-01-20,11.535943031311035
2010-01-21,11.468008041381836
2010-01-22,10.899067878723145
2010-01-25,11.047672271728516
2010-01-26,10.95426082611084
2010-01-27,11.11135959625244
2010-01-28,10.843870162963867
2010-01-29,10.5126953125
2010-02-01,10.74197006225586
2010-02-02,10.865100860595703
2010-02-03,10.826889038085938
2010-02-04,10.406549453735352
2010-02-05,10.661299705505373
2010-02-08,10.618842124938965
2010-02-09,10.72923183441162
2010-02-10,10.758954048156738
2010-02-11,10.950018882751465
2010-02-12,11.064654350280762
2010-02-16,11.310912132263184
2010-02-17,11.319406509399414
2010-02-18,11.383091926574709
2010-02-19,11.395829200744627
2010-02-22,11.361863136291504
2010-02-23,11.08588409423828
2010-02-24,11.2811918258667
2010-02-25,11.264209747314451
2010-02-26,11.200522422790527
2010-03-01,11.472254753112791
2010-03-02,11.412812232971191
2010-03-03,11.33214282989502
2010-03-04,11.349124908447266
2010-03-05,11.47650146484375
2010-03-08,11.438288688659668
2010-03-09,11.378846168518066
2010-03-10,11.616613388061523
2010-03-11,11.506220817565918
2010-03-12,11.468008041381836
2010-03-15,11.391582489013672
2010-03-16,11.74398708343506
2010-03-17,11.909576416015623
2010-03-18,11.824660301208496
2010-03-19,11.6718111038208
2010-03-22,11.88410186767578
2010-03-23,12.147342681884766
2010-03-24,11.871362686157228
2010-03-25,11.850133895874023
2010-03-26,11.803430557250977
2010-03-29,11.867117881774902
2010-03-30,11.905330657958984
2010-03-31,11.833151817321776
2010-04-01,11.85438060760498
2010-04-05,12.134607315063477
2010-04-06,12.03695011138916
2010-04-07,12.10063934326172
2010-04-08,11.918068885803224
2010-04-09,12.049689292907717
2010-04-12,12.206785202026367
2010-04-13,12.304438591003418
2010-04-14,12.805447578430176
2010-04-15,12.928577423095703
2010-04-16,12.754499435424805
2010-04-19,12.69930362701416
2010-04-20,12.839415550231934
2010-04-21,12.66958236694336
2010-04-22,12.839415550231934
2010-04-23,12.8776273727417
2010-04-26,12.907347679138184
2010-04-27,12.516730308532717
2010-04-28,12.57192611694336
2010-04-29,12.758744239807127
2010-04-30,12.30868434906006
2010-05-03,12.567682266235352
2010-05-04,12.121868133544922
2010-05-05,12.04119873046875
2010-05-06,11.629349708557127
2010-05-07,11.463763236999512
2010-05-10,12.053935050964355
2010-05-11,11.977508544921877
2010-05-12,12.329915046691896
2010-05-13,11.956281661987305
2010-05-14,11.654826164245604
2010-05-17,11.850133895874023
2010-05-18,11.52744960784912
2010-05-19,11.620859146118164
2010-05-20,11.327896118164062
2010-05-21,11.438288688659668
2010-05-24,11.268454551696776
2010-05-25,11.395829200744627
2010-05-26,11.315159797668455
2010-05-27,11.833151817321776
2010-05-28,11.642087936401367
2010-06-01,11.44678020477295
2010-06-02,11.786447525024414
2010-06-03,11.935050964355469
2010-06-04,11.455270767211914
2010-06-07,11.090129852294922
2010-06-08,11.11985206604004
2010-06-09,11.013704299926758
2010-06-10,11.383091926574709
2010-06-11,11.497730255126951
2010-06-14,11.548681259155272
2010-06-15,12.0794095993042
2010-06-16,12.113375663757324
2010-06-17,12.121868133544922
2010-06-18,12.083654403686523
2010-06-21,11.97326374053955
2010-06-22,11.807677268981934
2010-06-23,11.833151817321776
2010-06-24,11.561418533325195
2010-06-25,11.535943031311035
2010-06-28,11.620859146118164
2010-06-29,11.192030906677246
2010-06-30,11.005212783813477
2010-07-01,10.962753295898438
2010-07-02,10.903311729431152
2010-07-06,10.945771217346191
2010-07-07,11.472254753112791
2010-07-08,11.442534446716309
2010-07-09,11.591137886047363
2010-07-12,11.714266777038574
2010-07-13,11.96901798248291
2010-07-14,11.930805206298828
2010-07-15,11.939297676086426
2010-07-16,11.654826164245604
2010-07-19,11.956281661987305
2010-07-20,11.88410186767578
2010-07-21,11.66756534576416
2010-07-22,12.032705307006836
2010-07-23,12.075164794921877
2010-07-26,12.172819137573242
2010-07-27,12.126113891601562
2010-07-28,11.922314643859863
2010-07-29,11.735496520996094
2010-07-30,11.629349708557127
2010-08-02,11.837397575378418
2010-08-03,11.67605686187744
2010-08-04,11.773710250854492
2010-08-05,11.790693283081056
2010-08-06,11.78220272064209
2010-08-09,11.833151817321776
2010-08-10,11.544435501098633
2010-08-11,11.25571632385254
2010-08-12,11.051918983459473
2010-08-13,10.911805152893066
2010-08-16,11.017951011657717
2010-08-17,11.149571418762209
2010-08-18,11.268454551696776
2010-08-19,11.04342555999756
2010-08-20,11.030688285827637
2010-08-23,10.928788185119627
2010-08-24,10.75470733642578
2010-08-25,10.809903144836426
2010-08-26,10.593365669250488
2010-08-27,10.746217727661133
2010-08-30,10.457499504089355
2010-08-31,10.304649353027344
2010-09-01,10.618842124938965
2010-09-02,10.809903144836426
2010-09-03,10.979738235473633
2010-09-07,10.746217727661133
2010-09-08,10.72498607635498
2010-09-09,10.788676261901855
2010-09-10,10.657052993774414
2010-09-13,10.992475509643556
2010-09-14,11.158061981201172
2010-09-15,11.128342628479004
2010-09-16,11.272701263427734
2010-09-17,11.306665420532228
2010-09-20,11.361863136291504
2010-09-21,11.34488010406494
2010-09-22,11.162308692932127
2010-09-23,11.264209747314451
2010-09-24,11.693038940429688
2010-09-27,11.603878021240234
2010-09-28,11.82890510559082
2010-09-29,11.786447525024414
2010-09-30,11.765216827392578
2010-10-01,11.765216827392578
2010-10-04,11.62510585784912
2010-10-05,11.930805206298828
2010-10-06,11.837397575378418
2010-10-07,11.89684009552002
2010-10-08,12.028461456298828
2010-10-11,12.096390724182127
2010-10-12,12.172819137573242
2010-10-13,12.002984046936035
2010-10-14,11.977508544921877
2010-10-15,12.0794095993042
2010-10-18,12.007230758666992
2010-10-19,11.862870216369627
2010-10-20,11.96901798248291
2010-10-21,11.94778823852539
2010-10-22,12.10063934326172
2010-10-25,12.198291778564451
2010-10-26,12.177064895629885
2010-10-27,12.444550514221191
2010-10-28,12.474272727966309
2010-10-29,12.529468536376951
2010-11-01,12.554943084716797
2010-11-02,12.605894088745115
2010-11-03,12.733268737792969
2010-11-04,13.051708221435549
2010-11-05,13.242770195007324
2010-11-08,13.230031967163086
2010-11-09,13.106904983520508
2010-11-10,13.106904983520508
2010-11-11,12.962544441223145
2010-11-12,12.958296775817873
2010-11-15,12.87338161468506
2010-11-16,12.73751449584961
2010-11-17,12.779973030090332
2010-11-18,12.971036911010742
2010-11-19,13.094164848327637
2010-11-22,13.25550651550293
2010-11-23,13.1705904006958
2010-11-24,13.450817108154297
2010-11-26,13.370144844055176
2010-11-29,13.348916053771973
2010-11-30,13.18757438659668
2010-12-01,13.531487464904783
2010-12-02,13.773499488830566
2010-12-03,13.862663269042969
2010-12-06,13.84567928314209
2010-12-07,13.866908073425291
2010-12-08,13.998530387878418
2010-12-09,14.011265754699709
2010-12-10,13.951823234558104
2010-12-13,13.832942008972168
2010-12-14,13.837185859680176
2010-12-15,13.72679615020752
2010-12-16,13.807466506958008
2010-12-17,13.862663269042969
2010-12-20,13.74802589416504
2010-12-21,13.862663269042969
2010-12-22,13.803220748901367
2010-12-23,13.79897403717041
2010-12-27,13.84567928314209
2010-12-28,13.773499488830566
2010-12-29,13.828693389892578
2010-12-30,13.841432571411133
2010-12-31,13.811711311340332
2011-01-03,13.879643440246582
2011-01-04,13.888137817382812
2011-01-05,13.862663269042969
2011-01-06,13.96456241607666
2011-01-07,13.939085960388184
2011-01-10,13.977299690246582
2011-01-11,14.083444595336914
2011-01-12,14.232049942016602
2011-01-13,14.236295700073242
2011-01-14,14.60993194580078
2011-01-18,14.686355590820312
2011-01-19,14.495294570922852
2011-01-20,14.380655288696287
2011-01-21,14.325459480285645
2011-01-24,14.626913070678713
2011-01-25,14.541996002197266
2011-01-26,14.631157875061035
2011-01-27,14.91562843322754
2011-01-28,14.605688095092772
2011-01-31,14.60993194580078
2011-02-01,14.979313850402832
2011-02-02,15.013286590576172
2011-02-03,14.96233367919922
2011-02-04,15.204349517822266
2011-02-07,15.149150848388672
2011-02-08,15.13641357421875
2011-02-09,15.106694221496582
2011-02-10,15.183115005493164
2011-02-11,15.28501796722412
2011-02-14,15.36568832397461
2011-02-15,15.293511390686035
2011-02-16,15.408147811889648
2011-02-17,15.535521507263184
2011-02-18,15.522786140441896
2011-02-22,15.07272720336914
2011-02-23,14.85194206237793
2011-02-24,14.970826148986816
2011-02-25,15.293511390686035
2011-02-28,15.191608428955078
2011-03-01,14.945348739624023
2011-03-02,15.263787269592283
2011-03-03,15.577982902526855
2011-03-04,15.463340759277344
2011-03-07,15.030269622802734
2011-03-08,15.04300308227539
2011-03-09,14.597192764282228
2011-03-10,14.325459480285645
2011-03-11,14.414620399475098
2011-03-14,14.38914680480957
2011-03-15,14.159871101379396
2011-03-16,13.820202827453612
2011-03-17,14.002775192260742
2011-03-18,14.032498359680176
2011-03-21,14.308473587036133
2011-03-22,14.227802276611328
2011-03-23,14.401885032653809
2011-03-24,14.665125846862791
2011-03-25,14.677862167358398
2011-03-28,14.635404586791992
2011-03-29,14.750044822692873
2011-03-30,14.754287719726562
2011-03-31,14.686355590820312
2011-04-01,14.469819068908691
2011-04-04,14.35942554473877
2011-04-05,14.699090957641602
2011-04-06,14.885908126831056
2011-04-07,14.864680290222168
2011-04-08,14.80948543548584
2011-04-11,14.703338623046877
2011-04-12,14.414620399475098
2011-04-13,14.452832221984863
2011-04-14,14.465571403503418
2011-04-15,14.588700294494627
2011-04-18,14.393393516540527
2011-04-19,14.45707893371582
2011-04-20,15.13641357421875
2011-04-21,15.18736457824707
2011-04-25,15.242561340332031
2011-04-26,15.501553535461426
2011-04-27,15.603458404541016
2011-04-28,15.535521507263184
2011-04-29,15.577982902526855
2011-05-02,15.408147811889648
2011-05-03,15.335969924926758
2011-05-04,15.38691520690918
2011-05-05,15.446359634399414
2011-05-06,15.514296531677246
2011-05-09,15.429370880126951
2011-05-10,15.501553535461426
2011-05-11,15.446359634399414
2011-05-12,15.603458404541016
2011-05-13,15.488816261291504
2011-05-16,15.340214729309082
2011-05-17,15.14065933227539
2011-05-18,15.47183322906494
2011-05-19,15.340214729309082
2011-05-20,15.242561340332031
2011-05-23,14.945348739624023
2011-05-24,14.834957122802734
2011-05-25,14.924121856689451
2011-05-26,14.953842163085938
2011-05-27,15.000548362731934
2011-05-31,15.238313674926758
2011-06-01,14.762779235839844
2011-06-02,14.80948543548584
2011-06-03,14.503783226013184
2011-06-06,14.452832221984863
2011-06-07,14.55048656463623
2011-06-08,14.24478816986084
2011-06-09,14.287245750427246
2011-06-10,14.05797004699707
2011-06-13,13.947577476501465
2011-06-14,14.19808292388916
2011-06-15,13.943331718444824
2011-06-16,13.807466506958008
2011-06-17,13.722548484802246
2011-06-20,13.769254684448242
2011-06-21,14.070707321166992
2011-06-22,13.98154354095459
2011-06-23,14.181099891662598
2011-06-24,13.866908073425291
2011-06-27,14.011265754699709
2011-06-28,14.12165641784668
2011-06-29,14.096183776855469
2011-06-30,14.469819068908691
2011-07-01,14.762779235839844
2011-07-05,14.60993194580078
2011-07-06,14.597192764282228
2011-07-07,14.932613372802734
2011-07-08,14.71182918548584
2011-07-11,14.503783226013184
2011-07-12,14.053722381591797
2011-07-13,13.96031665802002
2011-07-14,13.781991004943848
2011-07-15,13.832942008972168
2011-07-18,13.709810256958008
2011-07-19,14.104677200317385
2011-07-20,14.002775192260742
2011-07-21,14.108919143676758
2011-07-22,14.346685409545898
2011-07-25,14.210819244384766
2011-07-26,14.257527351379396
2011-07-27,13.790483474731444
2011-07-28,13.714056015014648
2011-07-29,13.612157821655272
2011-08-01,13.616403579711914
2011-08-02,13.238524436950684
2011-08-03,13.36589813232422
2011-08-04,12.639862060546877
2011-08-05,12.482763290405272
2011-08-08,12.007230758666992
2011-08-09,12.38935661315918
2011-08-10,12.092145919799805
2011-08-11,12.546451568603516
2011-08-12,12.516730308532717
2011-08-15,12.712039947509766
2011-08-16,12.503994941711426
2011-08-17,12.465781211853027
2011-08-18,11.850133895874023
2011-08-19,11.612367630004885
2011-08-22,11.74398708343506
2011-08-23,12.198291778564451
2011-08-24,12.155835151672363
2011-08-25,11.845888137817385
2011-08-26,12.087899208068848
2011-08-29,12.470026969909668
2011-08-30,12.453042984008787
2011-08-31,12.380865097045898
2011-09-01,12.206785202026367
2011-09-02,11.918068885803224
2011-09-06,11.875608444213867
2011-09-07,12.244999885559082
2011-09-08,12.181309700012209
2011-09-09,12.109130859375
2011-09-12,12.368125915527344
2011-09-13,12.580418586730955
2011-09-14,12.87338161468506
2011-09-15,13.06019687652588
2011-09-16,13.13237762451172
2011-09-19,13.038969039916992
2011-09-20,12.937067985534668
2011-09-21,12.69930362701416
2011-09-22,12.363882064819336
2011-09-23,12.618632316589355
2011-09-26,12.652597427368164
2011-09-27,12.91584014892578
2011-09-28,12.57192611694336
2011-09-29,12.474272727966309
2011-09-30,12.075164794921877
2011-10-03,11.752480506896973
2011-10-04,11.535943031311035
2011-10-05,11.89684009552002
2011-10-06,12.049689292907717
2011-10-07,12.14309787750244
2011-10-10,12.48701000213623
2011-10-11,12.491255760192873
2011-10-12,12.59740161895752
2011-10-13,12.87338161468506
2011-10-14,12.996511459350586
2011-10-17,12.73751449584961
2011-10-18,12.94980525970459
2011-10-19,12.839415550231934
2011-10-20,12.665335655212402
2011-10-21,13.013494491577148
2011-10-24,13.425339698791504
2011-10-25,13.293720245361328
2011-10-26,13.348916053771973
2011-10-27,13.803220748901367
2011-10-28,13.815958023071287
2011-10-31,13.476290702819824
2011-11-01,13.08991813659668
2011-11-02,13.081427574157717
2011-11-03,13.442323684692385
2011-11-04,13.552717208862305
2011-11-07,13.56120777130127
2011-11-08,13.65036964416504
2011-11-09,13.055954933166504
2011-11-10,13.17483615875244
2011-11-11,13.590927124023438
2011-11-14,13.459307670593262
2011-11-15,13.646123886108398
2011-11-16,13.556962013244627
2011-11-17,13.081427574157717
2011-11-18,12.941316604614258
2011-11-21,12.635613441467283
2011-11-22,12.444550514221191
2011-11-23,12.087899208068848
2011-11-25,11.994492530822754
2011-11-28,12.359636306762695
2011-11-29,12.334158897399902
2011-11-30,13.02198600769043
2011-12-01,13.077181816101074
2011-12-02,12.992265701293944
2011-12-05,13.183327674865724
2011-12-06,13.204557418823242
2011-12-07,13.310701370239258
2011-12-08,12.94980525970459
2011-12-09,13.106904983520508
2011-12-12,12.695055961608888
2011-12-13,12.470026969909668
2011-12-14,12.25348949432373
2011-12-15,12.363882064819336
2011-12-16,12.363882064819336
2011-12-19,12.266227722167969
2011-12-20,12.75025463104248
2011-12-21,12.60164737701416
2011-12-22,12.920085906982422
2011-12-23,13.013494491577148
2011-12-27,13.013494491577148
2011-12-28,12.85639762878418
2011-12-29,12.971036911010742
2011-12-30,12.920085906982422
2012-01-03,13.098410606384276
2012-01-04,13.106904983520508
2012-01-05,13.268245697021484
2012-01-06,13.251259803771973
2012-01-09,13.467799186706545
2012-01-10,13.565454483032228
2012-01-11,13.548469543457031
2012-01-12,13.667354583740234
2012-01-13,13.412602424621582
2012-01-17,13.429585456848145
2012-01-18,13.96456241607666
2012-01-19,14.193838119506836
2012-01-20,14.295736312866213
2012-01-23,14.295736312866213
2012-01-24,14.350933074951172
2012-01-25,14.393393516540527
2012-01-26,14.321212768554688
2012-01-27,14.33394718170166
2012-01-30,14.236295700073242
2012-01-31,14.232049942016602
2012-02-01,14.465571403503418
2012-02-02,14.469819068908691
2012-02-03,14.699090957641602
2012-02-06,14.546241760253906
2012-02-07,14.588700294494627
2012-02-08,14.72032070159912
2012-02-09,14.77127170562744
2012-02-10,14.508028984069824
2012-02-13,14.55897617340088
2012-02-14,14.605688095092772
2012-02-15,14.64389705657959
2012-02-16,14.941106796264648
2012-02-17,14.91562843322754
2012-02-21,14.741549491882324
2012-02-22,14.656635284423828
2012-02-23,14.622665405273438
2012-02-24,14.605688095092772
2012-02-27,14.665125846862791
2012-02-28,14.877421379089355
2012-02-29,14.648141860961914
2012-03-01,14.648141860961914
2012-03-02,14.5335054397583
2012-03-05,14.223557472229004
2012-03-06,14.172608375549316
2012-03-07,14.367918968200684
2012-03-08,14.499539375305176
2012-03-09,14.614175796508787
2012-03-12,14.482555389404297
2012-03-13,14.817975997924805
2012-03-14,14.737306594848633
2012-03-15,14.983564376831056
2012-03-16,14.979313850402832
2012-03-19,15.132169723510742
2012-03-20,15.038759231567385
2012-03-21,15.11093807220459
2012-03-22,15.026021003723145
2012-03-23,15.04300308227539
2012-03-26,15.27652645111084
2012-03-27,15.268033027648926
2012-03-28,15.08546543121338
2012-03-29,15.115181922912598
2012-03-30,15.20009994506836
2012-04-02,15.246807098388672
2012-04-03,15.03451156616211
2012-04-04,14.767026901245115
2012-04-05,14.83920669555664
2012-04-09,14.618422508239746
2012-04-10,14.38490104675293
2012-04-11,14.605688095092772
2012-04-12,14.868928909301758
2012-04-13,14.665125846862791
2012-04-16,14.72032070159912
2012-04-17,14.898648262023926
2012-04-18,14.800990104675291
2012-04-19,14.707584381103516
2012-04-20,14.452832221984863
2012-04-23,14.249034881591797
2012-04-24,14.083444595336914
2012-04-25,14.380655288696287
2012-04-26,14.707584381103516
2012-04-27,14.784008026123049
2012-04-30,14.686355590820312
2012-05-01,14.750044822692873
2012-05-02,14.83071231842041
2012-05-03,14.495294570922852
2012-05-04,14.164117813110352
2012-05-07,14.13864040374756
2012-05-08,13.985791206359863
2012-05-09,13.93059539794922
2012-05-10,13.956069946289062
2012-05-11,14.032498359680176
2012-05-14,13.832942008972168
2012-05-15,13.718304634094238
2012-05-16,13.595175743103027
2012-05-17,13.340423583984377
2012-05-18,13.106904983520508
2012-05-21,13.38288116455078
2012-05-22,13.310701370239258
2012-05-23,13.25550651550293
2012-05-24,13.1705904006958
2012-05-25,13.259753227233888
2012-05-29,13.497519493103027
2012-05-30,13.297966003417969
2012-05-31,13.19182014465332
2012-06-01,12.69930362701416
2012-06-04,12.690811157226562
2012-06-05,12.937067985534668
2012-06-06,13.327685356140137
2012-06-07,13.217293739318848
2012-06-08,13.35740566253662
2012-06-11,13.136624336242676
2012-06-12,13.438077926635742
2012-06-13,13.33617877960205
2012-06-14,13.293720245361328
2012-06-15,13.506011962890623
2012-06-18,13.637632369995115
2012-06-19,13.773499488830566
2012-06-20,13.875399589538574
2012-06-21,13.408358573913574
2012-06-22,13.548469543457031
2012-06-25,13.085674285888672
2012-06-26,13.085674285888672
2012-06-27,13.25550651550293
2012-06-28,13.166345596313477
2012-06-29,13.68433666229248
2012-07-02,13.667354583740234
2012-07-03,13.820202827453612
2012-07-05,13.68433666229248
2012-07-06,13.36589813232422
2012-07-09,13.221540451049805
2012-07-10,13.043217658996582
2012-07-11,12.94980525970459
2012-07-12,12.758744239807127
2012-07-13,12.91584014892578
2012-07-16,12.784218788146973
2012-07-17,12.762990951538086
2012-07-18,13.213048934936523
2012-07-19,13.323440551757812
2012-07-20,13.102659225463867
2012-07-23,12.966790199279783
2012-07-24,12.87338161468506
2012-07-25,13.145113945007324
2012-07-26,13.412602424621582
2012-07-27,13.7352876663208
2012-07-30,13.633387565612791
2012-07-31,13.688584327697754
2012-08-01,13.688584327697754
2012-08-02,13.586681365966797
2012-08-03,13.943331718444824
2012-08-06,13.939085960388184
2012-08-07,14.12590503692627
2012-08-08,14.185345649719238
2012-08-09,14.291492462158203
2012-08-10,14.393393516540527
2012-08-13,14.282998085021973
2012-08-14,14.19808292388916
2012-08-15,14.223557472229004
2012-08-16,14.393393516540527
2012-08-17,14.274505615234377
2012-08-20,14.240541458129885
2012-08-21,14.26601791381836
2012-08-22,14.142887115478516
2012-08-23,13.994281768798828
2012-08-24,14.0367431640625
2012-08-27,13.96881103515625
2012-08-28,13.947577476501465
2012-08-29,13.973054885864258
2012-08-30,13.773499488830566
2012-08-31,13.998530387878418
2012-09-04,13.781991004943848
2012-09-05,13.68433666229248
2012-09-06,14.12165641784668
2012-09-07,13.985791206359863
2012-09-10,13.760760307312012
2012-09-11,13.828693389892578
2012-09-12,13.828693389892578
2012-09-13,13.93484115600586
2012-09-14,14.147133827209473
2012-09-17,14.007020950317385
2012-09-18,13.994281768798828
2012-09-19,13.854171752929688
2012-09-20,13.697072982788086
2012-09-21,13.709810256958008
2012-09-24,13.51874828338623
2012-09-25,13.293720245361328
2012-09-26,13.251259803771973
2012-09-27,13.539978981018066
2012-09-28,13.433832168579102
2012-10-01,13.429585456848145
2012-10-02,13.49327278137207
2012-10-03,13.446569442749023
2012-10-04,13.51874828338623
2012-10-05,13.56969928741455
2012-10-08,13.391374588012695
2012-10-09,13.179081916809082
2012-10-10,12.992265701293944
2012-10-11,12.992265701293944
2012-10-12,12.94980525970459
2012-10-15,13.094164848327637
2012-10-16,13.374390602111816
2012-10-17,13.285229682922363
2012-10-18,13.251259803771973
2012-10-19,12.945561408996582
2012-10-22,13.00924587249756
2012-10-23,13.08991813659668
2012-10-24,12.962544441223145
2012-10-25,13.094164848327637
2012-10-26,13.251259803771973
2012-10-31,13.200309753417969
2012-11-01,13.599419593811035
2012-11-02,13.323440551757812
2012-11-05,13.556962013244627
2012-11-06,13.722548484802246
2012-11-07,13.374390602111816
2012-11-08,13.272491455078123
2012-11-09,13.306456565856934
2012-11-12,13.327685356140137
2012-11-13,13.196064949035645
2012-11-14,13.013494491577148
2012-11-15,12.937067985534668
2012-11-16,12.95405101776123
2012-11-19,13.179081916809082
2012-11-20,13.055954933166504
2012-11-21,13.077181816101074
2012-11-23,13.348916053771973
2012-11-26,13.374390602111816
2012-11-27,13.412602424621582
2012-11-28,13.595175743103027
2012-11-29,13.573944091796877
2012-11-30,13.603666305541992
2012-12-03,13.539978981018066
2012-12-04,13.590927124023438
2012-12-05,13.56969928741455
2012-12-06,13.722548484802246
2012-12-07,13.765005111694336
2012-12-10,13.790483474731444
2012-12-11,14.04523468017578
2012-12-12,14.015512466430664
2012-12-13,13.871150970458984
2012-12-14,13.815958023071287
2012-12-17,13.875399589538574
2012-12-18,14.062214851379396
2012-12-19,14.142887115478516
2012-12-20,14.1343994140625
2012-12-21,13.990036010742188
2012-12-24,13.942317962646484
2012-12-26,13.872909545898438
2012-12-27,13.85555934906006
2012-12-28,13.760122299194336
2012-12-31,14.024741172790527
2013-01-02,14.580005645751951
2013-01-03,14.50625705718994
2013-01-04,14.419498443603516
2013-01-07,14.380456924438477
2013-01-08,14.237303733825684
2013-01-09,14.068121910095217
2013-01-10,14.632058143615724
2013-01-11,14.701468467712402
2013-01-14,14.63640022277832
2013-01-15,14.484566688537598
2013-01-16,14.64507293701172
2013-01-17,15.000788688659668
2013-01-18,14.822933197021484
2013-01-22,14.792563438415527
2013-01-23,14.848958969116213
2013-01-24,14.736173629760742
2013-01-25,14.861974716186523
2013-01-28,14.892338752746582
2013-01-29,14.91836929321289
2013-01-30,14.944398880004885
2013-01-31,14.879323959350586
2013-02-01,15.174310684204102
2013-02-04,14.98777675628662
2013-02-05,15.217690467834473
2013-02-06,15.182988166809082
2013-02-07,15.100564002990724
2013-02-08,15.300111770629885
2013-02-11,15.326141357421877
2013-02-12,15.386873245239258
2013-02-13,15.386873245239258
2013-02-14,15.52134895324707
2013-02-15,15.391207695007324
2013-02-19,15.603768348693848
2013-02-20,15.274080276489258
2013-02-21,14.98777675628662
2013-02-22,15.226365089416504
2013-02-25,14.91403102874756
2013-02-26,15.018141746520996
2013-02-27,15.252395629882812
2013-02-28,15.2350435256958
2013-03-01,15.2350435256958
2013-03-04,15.213351249694824
2013-03-05,15.456280708312988
2013-03-06,15.460620880126951
2013-03-07,15.456280708312988
2013-03-08,15.399888038635254
2013-03-11,15.44760513305664
2013-03-12,15.456280708312988
2013-03-13,15.499659538269045
2013-03-14,15.621122360229492
2013-03-15,15.352168083190918
2013-03-18,15.16563606262207
2013-03-19,15.13526439666748
2013-03-20,15.2350435256958
2013-03-21,15.022479057312012
2013-03-22,15.139605522155762
2013-03-25,15.117915153503418
2013-03-26,15.291436195373535
2013-03-27,15.321802139282228
2013-03-28,15.412900924682615
2013-04-01,15.169970512390137
2013-04-02,15.048506736755373
2013-04-03,14.766536712646484
2013-04-04,14.861974716186523
2013-04-05,14.848958969116213
2013-04-08,14.931381225585938
2013-04-09,15.074536323547363
2013-04-10,15.399888038635254
2013-04-11,15.391207695007324
2013-04-12,15.33481502532959
2013-04-15,15.000788688659668
2013-04-16,15.256731033325195
2013-04-17,14.93572235107422
2013-04-18,14.97042465209961
2013-04-19,15.14394474029541
2013-04-22,15.265410423278809
2013-04-23,15.595094680786133
2013-04-24,15.75560188293457
2013-04-25,15.881402969360352
2013-04-26,15.73391056060791
2013-04-29,15.916107177734377
2013-04-30,16.072275161743164
2013-05-01,16.007205963134766
2013-05-02,16.211090087890625
2013-05-03,16.33689308166504
2013-05-06,16.414976119995117
2013-05-07,16.449678421020508
2013-05-08,16.649229049682617
2013-05-09,16.701284408569336
2013-05-10,16.814071655273438
2013-05-13,16.610185623168945
2013-05-14,16.636215209960938
2013-05-15,16.779369354248047
2013-05-16,16.631879806518555
2013-05-17,16.81840705871582
2013-05-20,16.766353607177734
2013-05-21,16.727310180664062
2013-05-22,16.488718032836914
2013-05-23,16.454017639160156
2013-05-24,16.449678421020508
2013-05-28,16.597171783447266
2013-05-29,16.65790557861328
2013-05-30,16.81840705871582
2013-05-31,16.610185623168945
2013-06-03,16.740324020385742
2013-06-04,16.81840705871582
2013-06-05,16.510414123535156
2013-06-06,16.46269989013672
2013-06-07,16.61886215209961
2013-06-10,16.7099609375
2013-06-11,16.401968002319336
2013-06-12,16.20675277709961
2013-06-13,16.493057250976562
2013-06-14,16.432327270507812
2013-06-17,16.57114601135254
2013-06-18,16.809734344482422
2013-06-19,16.575483322143555
2013-06-20,16.06793785095215
2013-06-21,16.050586700439453
2013-06-24,15.75560188293457
2013-06-25,16.08529281616211
2013-06-26,16.18072509765625
2013-06-27,16.26748275756836
2013-06-28,16.349905014038086
2013-07-01,16.30652618408203
2013-07-02,16.302188873291016
2013-07-03,16.406299591064453
2013-07-05,16.627540588378906
2013-07-08,16.27182388305664
2013-07-09,16.401968002319336
2013-07-10,16.52776527404785
2013-07-11,16.96590232849121
2013-07-12,17.026634216308594
2013-07-15,17.03097152709961
2013-07-16,17.135082244873047
2013-07-17,17.161109924316406
2013-07-18,16.801055908203125
2013-07-19,16.73598861694336
2013-07-22,16.70561981201172
2013-07-23,16.7186336517334
2013-07-24,16.51474952697754
2013-07-25,16.631879806518555
2013-07-26,16.53643798828125
2013-07-29,16.484384536743164
2013-07-30,16.649229049682617
2013-07-31,16.727310180664062
2013-08-01,16.935537338256836
2013-08-02,16.844438552856445
2013-08-05,16.83576202392578
2013-08-06,16.727310180664062
2013-08-07,16.575483322143555
2013-08-08,16.579818725585938
2013-08-09,16.53643798828125
2013-08-12,16.566808700561523
2013-08-13,16.744665145874023
2013-08-14,16.579818725585938
2013-08-15,16.215429306030273
2013-08-16,16.2327823638916
2013-08-19,16.211090087890625
2013-08-20,16.289175033569336
2013-08-21,16.154699325561523
2013-08-22,16.254470825195312
2013-08-23,16.30652618408203
2013-08-26,16.276161193847656
2013-08-27,15.950814247131348
2013-08-28,16.072275161743164
2013-08-29,16.20675277709961
2013-08-30,16.111316680908203
2013-09-03,16.26748275756836
2013-09-04,16.59283447265625
2013-09-05,16.7186336517334
2013-09-06,16.653564453125
2013-09-09,16.86612892150879
2013-09-10,17.169788360595703
2013-09-11,17.11773109436035
2013-09-12,17.078691482543945
2013-09-13,17.182802200317383
2013-09-16,17.269559860229492
2013-09-17,17.408376693725586
2013-09-18,17.564544677734375
2013-09-19,17.560209274291992
2013-09-20,17.44308090209961
2013-09-23,17.40403938293457
2013-09-24,17.512493133544922
2013-09-25,17.477785110473633
2013-09-26,17.47344207763672
2013-09-27,17.317277908325195
2013-09-30,17.299930572509766
2013-10-01,17.46910858154297
2013-10-02,17.456096649169922
2013-10-03,17.4127140045166
2013-10-04,17.512493133544922
2013-10-07,17.44742202758789
2013-10-08,17.17412567138672
2013-10-09,17.11773109436035
2013-10-10,17.508153915405273
2013-10-11,17.564544677734375
2013-10-14,17.677335739135742
2013-10-15,17.568883895874023
2013-10-16,17.72071075439453
2013-10-17,17.811811447143555
2013-10-18,17.88555335998535
2013-10-21,17.95062828063965
2013-10-22,17.928936004638672
2013-10-23,17.37801170349121
2013-10-24,17.460432052612305
2013-10-25,17.5341796875
2013-10-28,17.616601943969727
2013-10-29,17.88555335998535
2013-10-30,17.781444549560547
2013-10-31,17.859527587890625
2013-11-01,17.759754180908203
2013-11-04,17.72071075439453
2013-11-05,17.681669235229492
2013-11-06,17.768430709838867
2013-11-07,17.490800857543945
2013-11-08,17.612260818481445
2013-11-11,17.577558517456055
2013-11-12,17.668659210205078
2013-11-13,17.790122985839844
2013-11-14,17.681669235229492
2013-11-15,17.80313491821289
2013-11-18,17.694683074951172
2013-11-19,17.547191619873047
2013-11-20,17.490800857543945
2013-11-21,17.759754180908203
2013-11-22,17.677335739135742
2013-11-25,17.681669235229492
2013-11-26,17.759754180908203
2013-11-27,17.850854873657227
2013-11-29,17.86386489868164
2013-12-02,17.79446029663086
2013-12-03,17.859527587890625
2013-12-04,17.798795700073242
2013-12-05,17.855192184448242
2013-12-06,18.06341552734375
2013-12-09,18.14583778381348
2013-12-10,18.0764274597168
2013-12-11,17.9549617767334
2013-12-12,17.759754180908203
2013-12-13,17.72939109802246
2013-12-16,17.82916259765625
2013-12-17,17.976655960083008
2013-12-18,18.154512405395508
2013-12-19,18.10679817199707
2013-12-20,18.241273880004883
2013-12-23,18.39948844909668
2013-12-24,18.44796371459961
2013-12-26,18.52288627624512
2013-12-27,18.52288627624512
2013-12-30,18.615434646606445
2013-12-31,18.69916534423828
2014-01-02,18.505260467529297
2014-01-03,18.44796371459961
2014-01-06,18.328975677490234
2014-01-07,18.390674591064453
2014-01-08,18.588987350463867
2014-01-09,18.42593002319336
2014-01-10,18.5008487701416
2014-01-13,18.315752029418945
2014-01-14,18.804935455322266
2014-01-15,18.928333282470703
2014-01-16,18.866634368896484
2014-01-17,18.63746833801269
2014-01-21,18.72120475769043
2014-01-22,18.93274307250977
2014-01-23,18.69035148620605
2014-01-24,18.337785720825195
2014-01-27,18.174728393554688
2014-01-28,18.25846290588379
2014-01-29,18.143875122070312
2014-01-30,18.293716430664062
2014-01-31,18.143875122070312
2014-02-03,17.830974578857422
2014-02-04,17.76487159729004
2014-02-05,17.760461807250977
2014-02-06,18.024890899658203
2014-02-07,18.26727867126465
2014-02-10,18.368635177612305
2014-02-11,18.593395233154297
2014-02-12,18.694759368896484
2014-02-13,18.8930778503418
2014-02-14,19.034103393554688
2014-02-18,19.073766708374023
2014-02-19,19.029699325561523
2014-02-20,19.15750312805176
2014-02-21,19.05173110961914
2014-02-24,19.166318893432617
2014-02-25,19.060546875
2014-02-26,19.21479225158692
2014-02-27,19.22360610961914
2014-02-28,19.236831665039062
2014-03-03,19.11343002319336
2014-03-04,19.364633560180664
2014-03-05,19.38666534423828
2014-03-06,19.593799591064453
2014-03-07,19.593799591064453
2014-03-10,19.593799591064453
2014-03-11,19.45277404785156
2014-03-12,19.668720245361328
2014-03-13,19.399890899658203
2014-03-14,19.24123764038086
2014-03-17,19.45277404785156
2014-03-18,19.68194007873535
2014-03-19,19.6599063873291
2014-03-20,19.99043846130371
2014-03-21,19.78330421447754
2014-03-24,19.71720123291016
2014-03-25,19.928741455078125
2014-03-26,19.72601318359375
2014-03-27,19.61583709716797
2014-03-28,19.76127052307129
2014-03-31,20.1006088256836
2014-04-01,20.400297164916992
2014-04-02,20.29893112182617
2014-04-03,20.351816177368164
2014-04-04,19.849409103393555
2014-04-07,19.73923683166504
2014-04-08,20.02128791809082
2014-04-09,20.2592716217041
2014-04-10,19.651092529296875
2014-04-11,19.36903953552246
2014-04-14,19.54091453552246
2014-04-15,19.67753791809082
2014-04-16,19.633464813232425
2014-04-17,19.875850677490234
2014-04-21,19.98602867126465
2014-04-22,20.127052307128903
2014-04-23,20.06094741821289
2014-04-24,20.21078872680664
2014-04-25,19.571762084960938
2014-04-28,19.518882751464844
2014-04-29,19.60261344909668
2014-04-30,19.68634986877441
2014-05-01,19.54091453552246
2014-05-02,19.571762084960938
2014-05-05,19.576171875
2014-05-06,19.54532051086425
2014-05-07,19.620241165161133
2014-05-08,19.748050689697266
2014-05-09,19.6599063873291
2014-05-12,19.98602867126465
2014-05-13,19.840595245361328
2014-05-14,19.67753791809082
2014-05-15,19.483623504638672
2014-05-16,19.63787078857422
2014-05-19,19.80974578857422
2014-05-20,19.712791442871094
2014-05-21,19.827373504638672
2014-05-22,19.897890090942383
2014-05-23,20.052133560180664
2014-05-27,20.338594436645508
2014-05-28,20.369443893432617
2014-05-29,20.373851776123047
2014-05-30,20.42233085632324
2014-06-02,20.536914825439453
2014-06-03,20.79252243041992
2014-06-04,20.85862922668457
2014-06-05,20.942359924316406
2014-06-06,21.052536010742188
2014-06-09,21.09661102294922
2014-06-10,21.202377319335938
2014-06-11,21.237632751464844
2014-06-12,21.18915748596192
2014-06-13,21.53290748596192
2014-06-16,21.621049880981445
2014-06-17,21.713600158691406
2014-06-18,21.67393493652344
2014-06-19,21.75326156616211
2014-06-20,21.75326156616211
2014-06-23,21.682748794555664
2014-06-24,21.541723251342773
2014-06-25,21.687152862548828
2014-06-26,21.58138656616211
2014-06-27,21.65190315246582
2014-06-30,21.81055450439453
2014-07-01,22.16311836242676
2014-07-02,22.229223251342773
2014-07-03,22.44517135620117
2014-07-07,22.2777042388916
2014-07-08,22.167526245117188
2014-07-09,22.238035202026367
2014-07-10,22.25126075744629
2014-07-11,22.20277976989746
2014-07-14,22.33499526977539
2014-07-15,22.28211212158203
2014-07-16,22.528902053833008
2014-07-17,21.973615646362305
2014-07-18,22.23363304138184
2014-07-21,22.32177352905273
2014-07-22,22.53330993652344
2014-07-23,22.06616401672364
2014-07-24,22.04412841796875
2014-07-25,21.629865646362305
2014-07-28,21.621049880981445
2014-07-29,21.612234115600582
2014-07-30,21.903100967407227
2014-07-31,21.48883628845215
2014-08-01,21.56375503540039
2014-08-04,21.65630340576172
2014-08-05,21.299335479736328
2014-08-06,21.418325424194336
2014-08-07,21.18034553527832
2014-08-08,21.343402862548828
2014-08-11,21.56375503540039
2014-08-12,21.546131134033203
2014-08-13,21.81055450439453
2014-08-14,21.88547706604004
2014-08-15,22.06616401672364
2014-08-18,22.16311836242676
2014-08-19,22.30414581298828
2014-08-20,22.42753791809082
2014-08-21,22.52449607849121
2014-08-22,22.55534744262696
2014-08-25,22.47161102294922
2014-08-26,22.47602081298828
2014-08-27,22.52009010314941
2014-08-28,22.59941673278809
2014-08-29,22.77569961547852
2014-09-02,22.77129173278809
2014-09-03,22.837400436401367
2014-09-04,22.88587951660156
2014-09-05,22.99605369567871
2014-09-08,23.013681411743164
2014-09-09,22.8418083190918
2014-09-10,22.837400436401367
2014-09-11,22.87265586853028
2014-09-12,22.56416130065918
2014-09-15,22.37025260925293
2014-09-16,22.700782775878903
2014-09-17,22.85062026977539
2014-09-18,23.15911293029785
2014-09-19,22.88587951660156
2014-09-22,22.630268096923828
2014-09-23,22.528902053833008
2014-09-24,22.7933292388916
2014-09-25,22.401098251342773
2014-09-26,22.60823440551757
2014-09-29,22.643489837646484
2014-09-30,22.515682220458984
2014-10-01,22.022092819213867
2014-10-02,21.916322708129883
2014-10-03,22.09260940551757
2014-10-06,21.99124336242676
2014-10-07,21.56375503540039
2014-10-08,22.022092819213867
2014-10-09,21.506465911865234
2014-10-10,20.082983016967773
2014-10-13,19.79652214050293
2014-10-14,20.2196044921875
2014-10-15,20.21519660949707
2014-10-16,20.45758438110352
2014-10-17,20.673534393310547
2014-10-20,20.871850967407227
2014-10-21,21.515281677246094
2014-10-22,21.259674072265625
2014-10-23,21.53290748596192
2014-10-24,21.713600158691406
2014-10-27,22.07938003540039
2014-10-28,22.13667678833008
2014-10-29,22.1498966217041
2014-10-30,21.792924880981445
2014-10-31,22.661113739013672
2014-11-03,22.788923263549805
2014-11-04,22.78010940551757
2014-11-05,22.93435478210449
2014-11-06,22.90791130065918
2014-11-07,22.731630325317383
2014-11-10,22.903505325317383
2014-11-11,22.837400436401367
2014-11-12,22.788923263549805
2014-11-13,22.85062026977539
2014-11-14,23.048940658569336
2014-11-17,22.93435478210449
2014-11-18,23.229625701904297
2014-11-19,23.1899642944336
2014-11-20,23.538124084472656
2014-11-21,23.67474365234375
2014-11-24,23.85542678833008
2014-11-25,23.83780288696289
2014-11-26,24.318174362182617
2014-11-28,24.48123359680176
2014-12-01,24.199182510375977
2014-12-02,24.2564754486084
2014-12-03,24.67073631286621
2014-12-04,24.70599174499512
2014-12-05,24.913122177124023
2014-12-08,24.57378196716309
2014-12-09,24.529708862304688
2014-12-10,24.15070343017578
2014-12-11,24.252063751220703
2014-12-12,23.89068603515625
2014-12-15,23.68355369567871
2014-12-16,23.48523712158203
2014-12-17,23.952390670776367
2014-12-18,24.371055603027344
2014-12-19,24.28291702270508
2014-12-22,24.68504524230957
2014-12-23,24.631547927856445
2014-12-24,24.69396209716797
2014-12-26,24.67167091369629
2014-12-29,24.604795455932617
2014-12-30,24.44875907897949
2014-12-31,24.350679397583008
2015-01-02,24.292728424072266
2015-01-05,23.860280990600582
2015-01-06,23.298545837402344
2015-01-07,23.60169982910156
2015-01-08,24.190183639526367
2015-01-09,24.11885452270508
2015-01-12,23.811241149902344
2015-01-13,23.677490234375
2015-01-14,23.588329315185547
2015-01-15,23.717618942260746
2015-01-16,23.909320831298828
2015-01-20,24.14560508728028
2015-01-21,24.45767593383789
2015-01-22,24.676130294799805
2015-01-23,24.56913375854492
2015-01-26,24.57358932495117
2015-01-27,24.083187103271484
2015-01-28,23.878114700317383
2015-01-29,24.01186180114746
2015-01-30,23.50808334350586
2015-02-02,23.55266571044922
2015-02-03,23.88702774047852
2015-02-04,24.05643844604492
2015-02-05,24.29718017578125
2015-02-06,24.038604736328125
2015-02-09,23.722076416015625
2015-02-10,24.50225830078125
2015-02-11,24.644922256469727
2015-02-12,24.99266242980957
2015-02-13,25.13978385925293
2015-02-17,25.246782302856445
2015-02-18,25.16207504272461
2015-02-19,25.175445556640625
2015-02-20,25.29136276245117
2015-02-23,25.108577728271484
2015-02-24,25.62572288513184
2015-02-25,25.45185661315918
2015-02-26,25.54547882080078
2015-02-27,25.398361206054688
2015-03-02,26.067089080810547
2015-03-03,25.63909912109375
2015-03-04,25.59897804260254
2015-03-05,25.590063095092773
2015-03-06,25.26907157897949
2015-03-09,25.17990493774414
2015-03-10,24.667211532592773
2015-03-11,24.850000381469727
2015-03-12,24.71179580688477
2015-03-13,24.9168701171875
2015-03-16,25.246782302856445
2015-03-17,25.07736587524414
2015-03-18,25.309192657470703
2015-03-19,25.34039688110352
2015-03-20,25.74164390563965
2015-03-23,25.514272689819336
2015-03-24,25.28244400024414
2015-03-25,24.10102272033692
2015-03-26,23.927148818969727
2015-03-27,24.69396209716797
2015-03-30,24.90349769592285
2015-03-31,24.65384101867676
2015-04-01,24.41309356689453
2015-04-02,24.479969024658203
2015-04-06,24.542383193969727
2015-04-07,24.55575942993164
2015-04-08,24.676130294799805
2015-04-09,24.921329498291016
2015-04-10,25.068449020385746
2015-04-13,24.89458465576172
2015-04-14,24.667211532592773
2015-04-15,25.126407623291016
2015-04-16,25.014951705932617
2015-04-17,24.69396209716797
2015-04-20,24.899036407470703
2015-04-21,25.059534072875977
2015-04-22,25.514272689819336
2015-04-23,25.251235961914062
2015-04-24,24.983747482299805
2015-04-27,25.184362411499023
2015-04-28,25.16653060913086
2015-04-29,24.983747482299805
2015-04-30,24.72517204284668
2015-05-01,25.4295654296875
2015-05-04,25.29136276245117
2015-05-05,24.809877395629883
2015-05-06,24.80541610717773
2015-05-07,24.983747482299805
2015-05-08,25.22003173828125
2015-05-11,25.211111068725582
2015-05-12,25.0194091796875
2015-05-13,25.14423942565918
2015-05-14,25.402816772460938
2015-05-15,25.43847846984864
2015-05-18,25.661392211914062
2015-05-19,25.61680793762207
2015-05-20,25.692596435546875
2015-05-21,25.74164390563965
2015-05-22,25.7639274597168
2015-05-26,25.55885505676269
2015-05-27,26.512908935546875
2015-05-28,26.54857444763184
2015-05-29,26.664485931396484
2015-06-01,26.570863723754883
2015-06-02,26.1919174194336
2015-06-03,26.00912857055664
2015-06-04,25.701515197753903
2015-06-05,25.62572288513184
2015-06-08,25.16653060913086
2015-06-09,25.19327735900879
2015-06-10,25.576684951782227
2015-06-11,25.607892990112305
2015-06-12,25.38944435119629
2015-06-15,25.3181095123291
2015-06-16,25.4295654296875
2015-06-17,25.45185661315918
2015-06-18,25.812969207763672
2015-06-19,25.71934700012207
2015-06-22,25.942258834838867
2015-06-23,25.817428588867188
2015-06-24,25.61680793762207
2015-06-25,25.674768447875977
2015-06-26,24.9257869720459
2015-06-29,24.212474822998047
2015-06-30,24.328388214111328
2015-07-01,24.42201232910156
2015-07-02,24.57358932495117
2015-07-06,24.17681121826172
2015-07-07,24.05643844604492
2015-07-08,23.427833557128903
2015-07-09,23.1648006439209
2015-07-10,23.583871841430664
2015-07-13,23.7889461517334
2015-07-14,23.980653762817383
2015-07-15,23.860280990600582
2015-07-16,23.846908569335938
2015-07-17,23.83352851867676
2015-07-20,23.64182472229004
2015-07-21,23.623994827270508
2015-07-22,23.048885345458984
2015-07-23,23.369876861572266
2015-07-24,22.830434799194336
2015-07-27,22.741270065307617
2015-07-28,23.213838577270508
2015-07-29,23.307462692260746
2015-07-30,23.52145767211914
2015-07-31,23.2495059967041
2015-08-03,23.13805389404297
2015-08-04,22.89284896850586
2015-08-05,23.16925811767578
2015-08-06,22.90176582336425
2015-08-07,22.9597225189209
2015-08-10,23.539289474487305
2015-08-11,23.004302978515625
2015-08-12,23.062259674072266
2015-08-13,22.745729446411133
2015-08-14,22.58077621459961
2015-08-17,22.754648208618164
2015-08-18,22.35340690612793
2015-08-19,22.12604141235352
2015-08-20,21.40381050109864
2015-08-21,20.85991477966309
2015-08-24,20.530000686645508
2015-08-25,20.35613441467285
2015-08-26,21.28789710998535
2015-08-27,21.99675369262696
2015-08-28,22.18399810791016
2015-08-31,22.090370178222656
2015-09-01,21.40381050109864
2015-09-02,21.9343376159668
2015-09-03,22.15278625488281
2015-09-04,21.8050479888916
2015-09-08,22.63427352905273
2015-09-09,22.290990829467773
2015-09-10,22.362323760986328
2015-09-11,22.402448654174805
2015-09-14,22.455944061279297
2015-09-15,22.785852432250977
2015-09-16,22.888391494750977
2015-09-17,22.741270065307617
2015-09-18,22.357866287231445
2015-09-21,22.34449005126953
2015-09-22,21.88083839416504
2015-09-23,21.72480201721192
2015-09-24,21.715883255004883
2015-09-25,21.83180046081543
2015-09-28,21.368146896362305
2015-09-29,21.51526641845703
2015-09-30,22.23749542236328
2015-10-01,22.090370178222656
2015-10-02,22.4381160736084
2015-10-05,22.83489418029785
2015-10-06,22.92851448059082
2015-10-07,23.271800994873047
2015-10-08,23.570497512817383
2015-10-09,23.298545837402344
2015-10-12,23.334211349487305
2015-10-13,23.048885345458984
2015-10-14,23.73990821838379
2015-10-15,23.90040397644043
2015-10-16,23.99848365783692
2015-10-19,24.01631546020508
2015-10-20,23.96727561950684
2015-10-21,24.01186180114746
2015-10-22,24.743003845214844
2015-10-23,25.02387046813965
2015-10-26,24.54684257507324
2015-10-27,24.395263671875
2015-10-28,24.640464782714844
2015-10-29,24.0029411315918
2015-10-30,24.167892456054688
2015-11-02,24.395263671875
2015-11-03,24.604795455932617
2015-11-04,24.76529312133789
2015-11-05,24.1233139038086
2015-11-06,24.604795455932617
2015-11-09,24.40863609313965
2015-11-10,24.0207748413086
2015-11-11,24.02968978881836
2015-11-12,23.722076416015625
2015-11-13,23.47687149047852
2015-11-16,23.78003120422364
2015-11-17,24.0207748413086
2015-11-18,24.14560508728028
2015-11-19,24.33284950256348
2015-11-20,24.42646789550781
2015-11-23,24.150060653686523
2015-11-24,24.4041805267334
2015-11-25,24.439844131469727
2015-11-27,24.56021308898925
2015-11-30,24.876747131347656
2015-12-01,25.17098999023437
2015-12-02,25.07291030883789
2015-12-03,24.90349769592285
2015-12-04,25.322566986083984
2015-12-07,25.11303329467773
2015-12-08,24.88566398620605
2015-12-09,24.62262725830078
2015-12-10,24.71179580688477
2015-12-11,24.234769821166992
2015-12-14,24.05198097229004
2015-12-15,24.43092918395996
2015-12-16,24.62262725830078
2015-12-17,24.292728424072266
2015-12-18,23.95835876464844
2015-12-21,24.37786865234375
2015-12-22,24.482629776000977
2015-12-23,24.61472511291504
2015-12-24,24.68304443359375
2015-12-28,24.62383079528809
2015-12-29,24.89712715148925
2015-12-30,24.65571594238281
2015-12-31,24.26854705810547
2016-01-04,24.013473510742188
2016-01-05,23.790283203125
2016-01-06,23.175369262695312
2016-01-07,22.460248947143555
2016-01-08,22.10496711730957
2016-01-11,22.30538558959961
2016-01-12,22.49668884277344
2016-01-13,21.836225509643555
2016-01-14,22.414697647094727
2016-01-15,21.27141761779785
2016-01-19,21.41261863708496
2016-01-20,21.46728134155273
2016-01-21,21.763351440429688
2016-01-22,22.177845001220703
2016-01-25,21.92732048034668
2016-01-26,22.114076614379883
2016-01-27,21.86811065673828
2016-01-28,21.75423812866211
2016-01-29,22.64699935913086
2016-02-01,22.74720764160156
2016-02-02,22.123186111450195
2016-02-03,22.155073165893555
2016-02-04,22.583234786987305
2016-02-05,21.79523277282715
2016-02-08,21.33063507080078
2016-02-09,21.23953437805176
2016-02-10,20.93435478210449
2016-02-11,20.78404426574707
2016-02-12,21.19398498535156
2016-02-16,21.913658142089844
2016-02-17,22.437475204467773
2016-02-18,22.346378326416016
2016-02-19,22.38736915588379
2016-02-22,22.75176429748535
2016-02-23,22.3691520690918
2016-02-24,22.65610885620117
2016-02-25,22.9202938079834
2016-02-26,23.047832489013672
2016-02-29,22.970399856567383
2016-03-01,23.676408767700195
2016-03-02,23.79939079284668
2016-03-03,23.85405158996582
2016-03-04,24.0089168548584
2016-03-07,24.10001564025879
2016-03-08,23.6445255279541
2016-03-09,23.81305694580078
2016-03-10,23.94059181213379
2016-03-11,24.423412322998047
2016-03-14,24.314096450805664
2016-03-15,24.23210906982422
2016-03-16,24.51451110839844
2016-03-17,24.68304443359375
2016-03-18,24.99733543395996
2016-03-21,24.99733543395996
2016-03-22,24.9836654663086
2016-03-23,24.68760108947754
2016-03-24,24.6466064453125
2016-03-28,24.637496948242188
2016-03-29,24.97911262512207
2016-03-30,25.229633331298828
2016-03-31,25.08843231201172
2016-04-01,25.206859588623047
2016-04-04,25.01099967956543
2016-04-05,24.824243545532227
2016-04-06,25.05654525756836
2016-04-07,24.72403907775879
2016-04-08,24.84246635437012
2016-04-11,24.86979484558105
2016-04-12,24.82880210876465
2016-04-13,25.33439826965332
2016-04-14,25.06110382080078
2016-04-15,24.874351501464844
2016-04-18,24.906238555908203
2016-04-19,24.69670486450196
2016-04-20,24.81513786315918
2016-04-21,24.678491592407227
2016-04-22,24.69215202331543
2016-04-25,24.56917381286621
2016-04-26,24.83335876464844
2016-04-27,25.12487030029297
2016-04-28,24.500850677490234
2016-04-29,23.895044326782227
2016-05-02,24.0544662475586
2016-05-03,23.80394744873047
2016-05-04,23.54887008666992
2016-05-05,23.63541984558105
2016-05-06,23.63997268676757
2016-05-09,23.617197036743164
2016-05-10,23.88138198852539
2016-05-11,23.772062301635746
2016-05-12,23.34845733642578
2016-05-13,23.41678047180176
2016-05-16,23.885936737060547
2016-05-17,23.662744522094727
2016-05-18,24.0817985534668
2016-05-19,23.87226676940918
2016-05-20,24.66482734680176
2016-05-23,24.824243545532227
2016-05-24,25.42549514770508
2016-05-25,25.56669807434082
2016-05-26,25.65324211120605
2016-05-27,25.82176971435547
2016-05-31,25.91742515563965
2016-06-01,26.022188186645508
2016-06-02,26.017635345458984
2016-06-03,26.067737579345703
2016-06-06,26.00396728515625
2016-06-07,26.27726173400879
2016-06-08,26.28182029724121
2016-06-09,26.28182029724121
2016-06-10,25.82632827758789
2016-06-13,25.71700859069824
2016-06-14,25.68512535095215
2016-06-15,25.65779685974121
2016-06-16,25.671459197998047
2016-06-17,25.498374938964844
2016-06-20,25.92653465270996
2016-06-21,26.049516677856445
2016-06-22,26.017635345458984
2016-06-23,26.66898536682129
2016-06-24,25.111204147338867
2016-06-27,24.33686828613281
2016-06-28,25.001888275146484
2016-06-29,25.512039184570312
2016-06-30,25.967527389526367
2016-07-01,25.77622032165528
2016-07-05,25.36628150939941
2016-07-06,25.402721405029297
2016-07-07,25.689680099487305
2016-07-08,26.391132354736328
2016-07-11,26.74641799926757
2016-07-12,27.03792762756348
2016-07-13,27.04248809814453
2016-07-14,27.27023124694824
2016-07-15,27.19279861450196
2016-07-18,27.9853515625
2016-07-19,27.876035690307617
2016-07-20,28.30419540405273
2016-07-21,28.06278419494629
2016-07-22,28.2313175201416
2016-07-25,28.363412857055664
2016-07-26,29.18329620361328
2016-07-27,29.078527450561523
2016-07-28,29.04209327697754
2016-07-29,28.92366409301757
2016-08-01,29.005653381347656
2016-08-02,28.62303924560547
2016-08-03,28.6959171295166
2016-08-04,28.900888442993164
2016-08-05,29.237951278686523
2016-08-08,29.237951278686523
2016-08-09,29.433815002441406
2016-08-10,29.237951278686523
2016-08-11,29.356380462646484
2016-08-12,29.47936248779297
2016-08-15,29.81187057495117
2016-08-16,29.638784408569336
2016-08-17,29.57501792907715
2016-08-18,29.80276107788086
2016-08-19,29.957624435424805
2016-08-22,29.96673583984375
2016-08-23,30.11249351501465
2016-08-24,29.875638961791992
2016-08-25,29.975845336914062
2016-08-26,30.10338020324707
2016-08-29,30.20814514160156
2016-08-30,30.15804100036621
2016-08-31,30.15804100036621
2016-09-01,30.43589401245117
2016-09-02,30.40856170654297
2016-09-06,30.40401077270508
2016-09-07,30.20359230041504
2016-09-08,30.14437866210937
2016-09-09,29.05120277404785
2016-09-12,29.647891998291016
2016-09-13,29.32449531555176
2016-09-14,29.57046127319336
2016-09-15,30.303800582885746
2016-09-16,30.31746482849121
2016-09-19,30.422229766845703
2016-09-20,30.3083610534668
2016-09-21,30.727407455444336
2016-09-22,30.87316131591797
2016-09-23,30.51332664489746
2016-09-26,30.230918884277344
2016-09-27,30.727407455444336
2016-09-28,30.768400192260746
2016-09-29,31.14645767211914
2016-09-30,31.6429443359375
2016-10-03,31.3969783782959
2016-10-04,31.26488876342773
2016-10-05,31.50629615783692
2016-10-06,31.688491821289062
2016-10-07,31.711265563964844
2016-10-10,31.611064910888672
2016-10-11,30.959705352783203
2016-10-12,30.959705352783203
2016-10-13,30.60442352294922
2016-10-14,30.8002872467041
2016-10-17,30.67274475097656
2016-10-18,31.018922805786133
2016-10-19,30.700075149536133
2016-10-20,30.968812942504883
2016-10-21,30.927824020385746
2016-10-24,31.324092864990234
2016-10-25,31.23755645751953
2016-10-26,31.14645767211914
2016-10-27,31.05535888671875
2016-10-28,30.87771797180176
2016-10-31,31.096355438232425
2016-11-01,30.809389114379883
2016-11-02,30.618093490600582
2016-11-03,30.49054908752441
2016-11-04,30.331132888793945
2016-11-07,31.24210548400879
2016-11-08,31.29676628112793
2016-11-09,31.046255111694336
2016-11-10,30.4677791595459
2016-11-11,31.22844696044922
2016-11-14,30.89138603210449
2016-11-15,31.406089782714844
2016-11-16,31.652055740356445
2016-11-17,31.85247611999512
2016-11-18,32.03466796875
2016-11-21,32.24419403076172
2016-11-22,32.61769485473633
2016-11-23,32.567588806152344
2016-11-25,32.66324615478516
2016-11-28,32.58125686645508
2016-11-29,32.45827102661133
2016-11-30,32.36717224121094
2016-12-01,30.82761573791504
2016-12-02,31.324092864990234
2016-12-05,31.63838577270508
2016-12-06,31.984560012817383
2016-12-07,32.62225341796875
2016-12-08,32.818111419677734
2016-12-09,32.64957809448242
2016-12-12,32.5129280090332
2016-12-13,33.091400146484375
2016-12-14,32.736122131347656
2016-12-15,33.25993347167969
2016-12-16,32.83177947998047
2016-12-19,33.23859024047852
2016-12-20,33.289100646972656
2016-12-21,33.2569580078125
2016-12-22,33.42684555053711
2016-12-23,33.58295822143555
2016-12-27,33.86764144897461
2016-12-28,33.30746078491211
2016-12-29,33.316646575927734
2016-12-30,32.894222259521484
2017-01-03,32.94932556152344
2017-01-04,33.054927825927734
2017-01-05,32.86207962036133
2017-01-06,33.03196716308594
2017-01-09,33.4130744934082
2017-01-10,33.54164123535156
2017-01-11,33.68397521972656
2017-01-12,33.12379455566406
2017-01-13,33.6151008605957
2017-01-17,33.2202262878418
2017-01-18,33.807945251464844
2017-01-19,33.550819396972656
2017-01-20,33.87222671508789
2017-01-23,33.57377624511719
2017-01-24,34.23038101196289
2017-01-25,34.65280532836914
2017-01-26,34.38648986816406
2017-01-27,34.82728576660156
2017-01-30,34.661983489990234
2017-01-31,34.17987060546875
2017-02-01,34.52882766723633
2017-02-02,34.5655632019043
2017-02-03,34.71708679199219
2017-02-06,34.67575454711914
2017-02-07,34.82269287109375
2017-02-08,34.85942459106445
2017-02-09,34.55638122558594
2017-02-10,34.593109130859375
2017-02-13,35.04767990112305
2017-02-14,34.77677536010742
2017-02-15,35.134918212890625
2017-02-16,35.26807403564453
2017-02-17,35.396636962890625
2017-02-21,35.73183059692383
2017-02-22,35.57571792602539
2017-02-23,35.18083190917969
2017-02-24,35.231346130371094
2017-02-27,35.4012336730957
2017-02-28,35.07522964477539
2017-03-01,35.483882904052734
2017-03-02,35.17164993286133
2017-03-03,35.295631408691406
2017-03-06,35.30940246582031
2017-03-07,35.396636962890625
2017-03-08,35.43336868286133
2017-03-09,35.4471549987793
2017-03-10,35.78233337402344
2017-03-13,35.956817626953125
2017-03-14,35.8282470703125
2017-03-15,36.15425109863281
2017-03-16,36.18180847167969
2017-03-17,36.278228759765625
2017-03-20,36.5078125
2017-03-21,35.80988693237305
2017-03-22,36.15884780883789
2017-03-23,36.04865264892578
2017-03-24,36.33333206176758
2017-03-27,36.49863052368164
2017-03-28,36.567501068115234
2017-03-29,36.42056655883789
2017-03-30,36.60423278808594
2017-03-31,36.599639892578125
2017-04-03,36.51239776611328
2017-04-04,36.38383865356445
2017-04-05,36.16802978515625
2017-04-06,36.18639373779297
2017-04-07,36.3287353515625
2017-04-10,36.007320404052734
2017-04-11,35.73642349243164
2017-04-12,35.272674560546875
2017-04-13,35.01094436645508
2017-04-17,35.392051696777344
2017-04-18,35.534393310546875
2017-04-19,35.72723388671875
2017-04-20,36.24150085449219
2017-04-21,36.09456253051758
2017-04-24,36.61800765991211
2017-04-25,36.98533630371094
2017-04-26,36.70524215698242
2017-04-27,37.1965446472168
2017-04-28,36.59505081176758
2017-05-01,36.97614669799805
2017-05-02,36.77871322631836
2017-05-03,36.98992156982422
2017-05-04,36.95319747924805
2017-05-05,37.10013198852539
2017-05-08,37.008296966552734
2017-05-09,37.38021087646485
2017-05-10,37.853145599365234
2017-05-11,37.93579864501953
2017-05-12,38.04140472412109
2017-05-15,38.46383285522461
2017-05-16,38.9229850769043
2017-05-17,37.458274841308594
2017-05-18,38.013858795166016
2017-05-19,38.45464706420898
2017-05-22,38.82197570800781
2017-05-23,38.73933029174805
2017-05-24,38.90921401977539
2017-05-25,39.17552947998047
2017-05-26,39.24899291992188
2017-05-30,39.529083251953125
2017-05-31,39.48316955566406
2017-06-01,39.5566291809082
2017-06-02,39.8642692565918
2017-06-05,39.96987533569336
2017-06-06,40.06170654296875
2017-06-07,40.36016082763672
2017-06-08,40.89279174804688
2017-06-09,39.34541702270508
2017-06-12,39.10665130615234
2017-06-13,39.35919952392578
2017-06-14,39.019412994384766
2017-06-15,38.66127014160156
2017-06-16,38.63831329345703
2017-06-19,39.32246398925781
2017-06-20,38.83116149902344
2017-06-21,39.27654647827149
2017-06-22,39.17552947998047
2017-06-23,39.336238861083984
2017-06-26,39.18470764160156
2017-06-27,38.06436538696289
2017-06-28,38.615352630615234
2017-06-29,37.747535705566406
2017-06-30,37.58684158325195
2017-07-03,37.15522003173828
2017-07-05,37.8623275756836
2017-07-06,37.70161819458008
2017-07-07,38.20669555664063
2017-07-10,38.60158157348633
2017-07-11,38.90921401977539
2017-07-12,39.46938705444336
2017-07-13,39.377559661865234
2017-07-14,39.8642692565918
2017-07-17,39.75406646728516
2017-07-18,39.90559768676758
2017-07-19,40.30046844482422
2017-07-20,40.38771438598633
2017-07-21,40.162723541259766
2017-07-24,40.034156799316406
2017-07-25,39.9239616394043
2017-07-26,40.34639358520508
2017-07-27,39.83672332763672
2017-07-28,39.6484603881836
2017-07-31,39.41429138183594
2017-08-01,39.58418273925781
2017-08-02,39.36838150024414
2017-08-03,39.23063278198242
2017-08-04,39.34541702270508
2017-08-07,40.03874588012695
2017-08-08,39.91936492919922
2017-08-09,39.84131240844727
2017-08-10,38.74850845336914
2017-08-11,39.10665130615234
2017-08-14,39.87804412841797
2017-08-15,40.02497100830078
2017-08-16,40.10762405395508
2017-08-17,39.157169342041016
2017-08-18,39.24440383911133
2017-08-21,39.09747695922852
2017-08-22,39.62091827392578
2017-08-23,39.70356369018555
2017-08-24,39.69896697998047
2017-08-25,39.57499694824219
2017-08-28,39.68978500366211
2017-08-29,39.79998779296875
2017-08-30,40.35557556152344
2017-08-31,40.67239761352539
2017-09-01,40.865234375
2017-09-05,40.34639358520508
2017-09-06,40.48872756958008
2017-09-07,40.64483642578125
2017-09-08,40.204044342041016
2017-09-11,40.934112548828125
2017-09-12,41.0902214050293
2017-09-13,41.09940719604492
2017-09-14,41.27848434448242
2017-09-15,41.82487869262695
2017-09-18,42.40802001953125
2017-09-19,42.51820755004883
2017-09-20,41.95344924926758
2017-09-21,41.87538528442383
2017-09-22,42.0452766418457
2017-09-25,41.20042037963867
2017-09-26,41.25093078613281
2017-09-27,42.18303298950195
2017-09-28,42.45393371582031
2017-09-29,42.84881210327149
2017-10-02,43.133487701416016
2017-10-03,43.27582550048828
2017-10-04,43.34011459350586
2017-10-05,43.38602828979492
2017-10-06,43.56050109863281
2017-10-09,43.87732696533203
2017-10-10,44.102317810058594
2017-10-11,44.41454315185547
2017-10-12,44.322715759277344
2017-10-13,44.62575912475586
2017-10-16,44.864524841308594
2017-10-17,44.85533905029297
2017-10-18,45.020633697509766
2017-10-19,44.928802490234375
2017-10-20,45.172157287597656
2017-10-23,45.342044830322266
2017-10-24,45.61753845214844
2017-10-25,45.03899765014648
2017-10-26,45.2823600769043
2017-10-27,46.19149398803711
2017-10-30,46.20986175537109
2017-10-31,46.65524673461914
2017-11-01,46.53126525878906
2017-11-02,46.75166320800781
2017-11-03,47.26593017578125
2017-11-06,47.87660598754883
2017-11-07,47.78018569946289
2017-11-08,47.890384674072266
2017-11-09,46.95828628540039
2017-11-10,47.22919464111328
2017-11-13,47.4266357421875
2017-11-14,47.4266357421875
2017-11-15,46.985836029052734
2017-11-16,48.15211486816406
2017-11-17,47.40827178955078
2017-11-20,47.982215881347656
2017-11-21,48.47351837158203
2017-11-22,48.15669250488281
2017-11-24,48.56534957885742
2017-11-27,47.81232070922852
2017-11-28,47.77100372314453
2017-11-29,45.7461051940918
2017-11-30,46.0307846069336
2017-12-01,45.63132095336914
2017-12-04,44.6624870300293
2017-12-05,44.6624870300293
2017-12-06,44.76350402832031
2017-12-07,45.20429229736328
2017-12-08,44.997676849365234
2017-12-11,45.27316665649414
2017-12-12,44.82778930664063
2017-12-13,44.85533905029297
2017-12-14,44.83697128295898
2017-12-15,45.57163238525391
2017-12-18,46.37544631958008
2017-12-19,46.35215759277344
2017-12-20,46.65486526489258
2017-12-21,46.16122055053711
2017-12-22,46.17985153198242
2017-12-26,45.65825271606445
2017-12-27,45.80727767944336
2017-12-28,45.97493362426758
2017-12-29,45.5511360168457
2018-01-02,46.74335861206055
2018-01-03,47.404666900634766
2018-01-04,47.64683532714844
2018-01-05,47.95419692993164
2018-01-08,48.28485870361328
2018-01-09,47.83311462402344
2018-01-10,47.19975280761719
2018-01-11,47.42329406738281
2018-01-12,47.66545867919922
2018-01-16,47.88434600830078
2018-01-17,49.3140754699707
2018-01-18,49.67733383178711
2018-01-19,49.723899841308594
2018-01-22,50.21289443969727
2018-01-23,50.53889465332031
2018-01-24,49.51433563232422
2018-01-25,48.71330642700195
2018-01-26,50.26412582397461
2018-01-29,50.17098236083984
2018-01-30,49.18833541870117
2018-01-31,49.602821350097656
2018-02-01,49.30010986328125
2018-02-02,47.92626190185547
2018-02-05,45.76536178588867
2018-02-06,47.45123291015625
2018-02-07,46.19847869873047
2018-02-08,44.35892105102539
2018-02-09,45.518531799316406
2018-02-12,46.48255920410156
2018-02-13,46.3894157409668
2018-02-14,47.3767204284668
2018-02-15,47.97282791137695
2018-02-16,47.87037658691406
2018-02-20,48.82042694091797
2018-02-21,48.28951644897461
2018-02-22,48.12651443481445
2018-02-23,49.20697021484375
2018-02-26,50.19892501831055
2018-02-27,50.012638092041016
2018-02-28,49.61678695678711
2018-03-01,48.82508087158203
2018-03-02,49.58885192871094
2018-03-05,50.16167068481445
2018-03-06,50.89749526977539
2018-03-07,51.11637878417969
2018-03-08,51.1396598815918
2018-03-09,52.12696838378906
2018-03-12,52.65787887573242
2018-03-13,51.92205429077149
2018-03-14,51.94999694824219
2018-03-15,51.90342330932617
2018-03-16,51.884803771972656
2018-03-19,51.04186248779297
2018-03-20,51.38648986816406
2018-03-21,51.493595123291016
2018-03-22,50.10578536987305
2018-03-23,48.48045349121094
2018-03-26,50.40849304199219
2018-03-27,48.6713981628418
2018-03-28,47.5909538269043
2018-03-29,48.56428527832031
2018-04-02,46.78527069091797
2018-04-03,47.64683532714844
2018-04-04,48.228965759277344
2018-04-05,47.698055267333984
2018-04-06,46.319557189941406
2018-04-09,46.63623428344727
2018-04-10,48.06131362915039
2018-04-11,48.038028717041016
2018-04-12,48.83439254760742
2018-04-13,48.37799835205078
2018-04-16,48.47579193115234
2018-04-17,49.36064147949219
2018-04-18,48.801795959472656
2018-04-19,46.62692642211914
2018-04-20,46.09136199951172
2018-04-23,45.49525451660156
2018-04-24,45.26239776611328
2018-04-25,45.0341911315918
2018-04-26,45.979591369628906
2018-04-27,45.68153381347656
2018-04-30,45.24843215942383
2018-05-01,45.97493362426758
2018-05-02,45.644287109375
2018-05-03,45.75604248046875
2018-05-04,46.94361877441406
2018-05-07,47.19509506225586
2018-05-08,47.52574920654297
2018-05-09,48.20102691650391
2018-05-10,49.00205612182617
2018-05-11,48.62482452392578
2018-05-14,49.4724235534668
2018-05-15,48.91822814941406
2018-05-16,49.61213302612305
2018-05-17,49.28613662719727
2018-05-18,48.69002532958984
2018-05-21,49.38859176635742
2018-05-22,49.74253082275391
2018-05-23,49.79841613769531
2018-05-24,49.94278717041016
2018-05-25,50.44109725952149
2018-05-29,50.03593063354492
2018-05-30,50.33863830566406
2018-05-31,49.91949844360352
2018-06-01,51.00925827026367
2018-06-04,51.358543395996094
2018-06-05,51.64728927612305
2018-06-06,51.97793960571289
2018-06-07,51.56345748901367
2018-06-08,51.21417617797852
2018-06-11,51.158294677734375
2018-06-12,51.31197738647461
2018-06-13,51.20486068725586
2018-06-14,51.28403091430664
2018-06-15,51.367862701416016
2018-06-18,50.74846267700195
2018-06-19,50.143043518066406
2018-06-20,50.4550666809082
2018-06-21,49.826358795166016
2018-06-22,49.64007568359375
2018-06-25,47.84708786010742
2018-06-26,48.28951644897461
2018-06-27,47.10660934448242
2018-06-28,47.581634521484375
2018-06-29,47.814483642578125
2018-07-02,47.83311462402344
2018-07-03,46.99483871459961
2018-07-05,48.26157379150391
2018-07-06,48.87630462646485
2018-07-09,49.24421691894531
2018-07-10,49.775123596191406
2018-07-11,48.40594482421875
2018-07-12,48.99273300170898
2018-07-13,48.890281677246094
2018-07-16,48.741249084472656
2018-07-17,49.383934020996094
2018-07-18,49.886905670166016
2018-07-19,49.723899841308594
2018-07-20,49.67267608642578
2018-07-23,49.64007568359375
2018-07-24,49.02067565917969
2018-07-25,49.26750946044922
2018-07-26,49.99401473999024
2018-07-27,49.7471923828125
2018-07-30,49.4072151184082
2018-07-31,49.3140754699707
2018-08-01,49.528297424316406
2018-08-02,50.026615142822266
2018-08-03,50.10578536987305
2018-08-06,50.37125015258789
2018-08-07,50.71120834350586
2018-08-08,50.86955261230469
2018-08-09,50.37589645385742
2018-08-10,49.192996978759766
2018-08-13,49.24887847900391
2018-08-14,49.1324462890625
2018-08-15,48.31745529174805
2018-08-16,48.24293899536133
2018-08-17,47.88900375366211
2018-08-20,47.82380294799805
2018-08-21,48.81110763549805
2018-08-22,48.99273300170898
2018-08-23,49.05327987670898
2018-08-24,49.803070068359375
2018-08-27,50.580810546875
2018-08-28,50.77174758911133
2018-08-29,51.06049346923828
2018-08-30,50.5156135559082
2018-08-31,50.734493255615234
2018-09-04,51.1024055480957
2018-09-05,50.822975158691406
2018-09-06,49.5050163269043
2018-09-07,49.28613662719727
2018-09-10,49.765811920166016
2018-09-11,49.14176177978516
2018-09-12,48.578250885009766
2018-09-13,49.17436599731445
2018-09-14,49.68198394775391
2018-09-17,49.01136779785156
2018-09-18,49.383934020996094
2018-09-19,49.495704650878906
2018-09-20,50.133731842041016
2018-09-21,49.88224411010742
2018-09-24,50.23618316650391
2018-09-25,49.435157775878906
2018-09-26,48.99739074707031
2018-09-27,49.30476379394531
2018-09-28,49.57487487792969
2018-10-01,49.70527648925781
2018-10-02,49.66801834106445
2018-10-03,49.85895919799805
2018-10-04,48.73659896850586
2018-10-05,47.62820053100586
2018-10-08,47.06935501098633
2018-10-09,46.980865478515625
2018-10-10,44.84791564941406
2018-10-11,44.45206069946289
2018-10-12,45.33224868774414
2018-10-15,44.838600158691406
2018-10-16,46.356815338134766
2018-10-17,46.12862396240234
2018-10-18,44.92708587646485
2018-10-19,44.27975463867188
2018-10-22,44.51726150512695
2018-10-23,44.34029006958008
2018-10-24,41.36439895629883
2018-10-25,42.53333282470703
2018-10-26,41.76491928100586
2018-10-29,41.28522872924805
2018-10-30,43.040958404541016
2018-10-31,43.52529525756836
2018-11-01,45.62565612792969
2018-11-02,44.89914321899414
2018-11-05,44.484657287597656
2018-11-06,44.945709228515625
2018-11-07,45.49990463256836
2018-11-08,45.29033660888672
2018-11-09,44.4706916809082
2018-11-12,42.52402114868164
2018-11-13,43.07355880737305
2018-11-14,43.29710006713867
2018-11-15,44.66628646850586
2018-11-16,43.90718078613281
2018-11-19,42.25856399536133
2018-11-20,42.2213134765625
2018-11-21,42.4075927734375
2018-11-23,42.347049713134766
2018-11-26,43.18998336791992
2018-11-27,43.25518035888672
2018-11-28,44.40082931518555
2018-11-29,43.98169708251953
2018-11-30,45.0574836730957
2018-12-03,45.84918594360352
2018-12-04,43.59515380859375
2018-12-06,43.339012145996094
2018-12-07,41.69504928588867
2018-12-10,42.17939376831055
2018-12-11,42.38895797729492
2018-12-12,43.03165054321289
2018-12-13,42.88726806640625
2018-12-14,42.2213134765625
2018-12-17,41.82079315185547
2018-12-18,42.323760986328125
2018-12-19,40.48886489868164
2018-12-20,40.1651611328125
2018-12-21,39.47216033935547
2018-12-24,38.42791748046875
2018-12-26,40.58759307861328
2018-12-27,40.94358825683594
2018-12-28,41.223628997802734
2018-12-31,41.4277229309082
2019-01-02,41.73150253295898
2019-01-03,39.22533798217773
2019-01-04,41.05275344848633
2019-01-07,41.84542465209961
2019-01-08,41.60335159301758
2019-01-09,42.66656875610352
2019-01-10,43.108001708984375
2019-01-11,43.463985443115234
2019-01-14,42.71878433227539
2019-01-15,42.83269882202149
2019-01-16,42.49569320678711
2019-01-17,43.02255630493164
2019-01-18,44.085784912109375
2019-01-22,42.8089714050293
2019-01-23,42.63808822631836
2019-01-24,45.14900970458984
2019-01-25,45.9891471862793
2019-01-28,45.13002014160156
2019-01-29,44.53195571899414
2019-01-30,45.879974365234375
2019-01-31,45.84674072265625
2019-02-01,46.43057632446289
2019-02-04,46.65840148925781
2019-02-05,46.919464111328125
2019-02-06,48.08237075805664
2019-02-07,47.04762649536133
2019-02-08,46.919464111328125
2019-02-11,47.123565673828125
2019-02-12,48.17254638671875
2019-02-13,48.28646469116211
2019-02-14,48.42886352539063
2019-02-15,48.67568588256836
2019-02-19,48.61872100830078
2019-02-20,49.06015396118164
2019-02-21,48.75637435913086
2019-02-22,49.44937133789063
2019-02-25,49.90028381347656
2019-02-26,49.577518463134766
2019-02-27,49.06964111328125
2019-02-28,49.04591369628906
2019-03-01,49.496829986572266
2019-03-04,49.52057266235352
2019-03-05,49.28797912597656
2019-03-06,48.45733642578125
2019-03-07,47.93048095703125
2019-03-08,47.916236877441406
2019-03-11,48.93674087524414
2019-03-12,49.17881393432617
2019-03-13,49.3781623840332
2019-03-14,49.10286712646485
2019-03-15,50.41765594482422
2019-03-18,50.28001022338867
2019-03-19,50.85908508300781
2019-03-20,50.42240905761719
2019-03-21,52.15963363647461
2019-03-22,50.66922378540039
2019-03-25,50.028438568115234
2019-03-26,50.49359893798828
2019-03-27,49.75789260864258
2019-03-28,49.66296005249024
2019-03-29,50.46986770629883
2019-04-01,51.71345520019531
2019-04-02,51.75617980957031
2019-04-03,52.9618034362793
2019-04-04,53.01876068115234
2019-04-05,53.41746520996094
2019-04-08,53.526634216308594
2019-04-09,52.94281768798828
2019-04-10,53.3700065612793
2019-04-11,53.31778335571289
2019-04-12,54.06774520874024
2019-04-15,53.67852020263672
2019-04-16,54.988563537597656
2019-04-17,55.80022430419922
2019-04-18,55.88092422485352
2019-04-22,55.83819580078125
2019-04-23,56.28911590576172
2019-04-24,56.768516540527344
2019-04-25,55.64833831787109
2019-04-26,54.96958160400391
2019-04-29,54.68003845214844
2019-04-30,55.17842864990234
2019-05-01,54.7559814453125
2019-05-02,55.27335739135742
2019-05-03,55.766998291015625
2019-05-06,54.87464904785156
2019-05-07,53.6215705871582
2019-05-08,53.237098693847656
2019-05-09,52.48714828491211
2019-05-10,52.4301872253418
2019-05-13,49.99996948242188
2019-05-14,51.28152084350586
2019-05-15,51.75617980957031
2019-05-16,51.02521133422852
2019-05-17,50.04268646240234
2019-05-20,48.05388259887695
2019-05-21,49.150333404541016
2019-05-22,48.28646469116211
2019-05-23,47.48430252075195
2019-05-24,47.19476318359375
2019-05-28,46.77707290649414
2019-05-29,46.93370056152344
2019-05-30,47.29444122314453
2019-05-31,46.62517547607422
2019-06-03,46.57297134399414
2019-06-04,48.48107147216797
2019-06-05,48.11084365844727
2019-06-06,48.77536392211914
2019-06-07,49.406646728515625
2019-06-10,50.6407470703125
2019-06-11,50.82586288452149
2019-06-12,49.72466659545898
2019-06-13,49.97148513793945
2019-06-14,48.72789001464844
2019-06-17,48.42886352539063
2019-06-18,50.39866638183594
2019-06-19,50.517333984375
2019-06-20,51.10116195678711
2019-06-21,50.85908508300781
2019-06-24,50.95401382446289
2019-06-25,50.07116317749024
2019-06-26,51.55207824707031
2019-06-27,52.24507141113281
2019-06-28,52.29728317260742
2019-07-01,53.7734603881836
2019-07-02,53.14216613769531
2019-07-03,52.94756317138672
2019-07-05,52.55834579467773
2019-07-08,52.21659851074219
2019-07-09,52.58207702636719
2019-07-10,53.104190826416016
2019-07-11,53.2513427734375
2019-07-12,54.2291259765625
2019-07-15,54.66579818725586
2019-07-16,54.10097122192383
2019-07-17,54.29557418823242
2019-07-18,55.27335739135742
2019-07-19,55.278099060058594
2019-07-22,56.38404846191406
2019-07-23,57.010589599609375
2019-07-24,58.52947616577149
2019-07-25,57.47100830078125
2019-07-26,57.35234069824219
2019-07-29,57.54694747924805
2019-07-30,57.29063415527344
2019-07-31,55.5771369934082
2019-08-01,54.45695877075195
2019-08-02,53.71649932861328
2019-08-05,51.40019226074219
2019-08-06,52.21659851074219
2019-08-07,52.50138473510742
2019-08-08,53.84465789794922
2019-08-09,52.914337158203125
2019-08-12,52.28779983520508
2019-08-13,53.78770065307617
2019-08-14,52.05521011352539
2019-08-15,51.99826049804688
2019-08-16,53.27032470703125
2019-08-19,54.14842987060547
2019-08-20,53.83990478515625
2019-08-21,54.3905029296875
2019-08-22,54.31930923461914
2019-08-23,52.0694465637207
2019-08-26,52.60580825805664
2019-08-27,52.482398986816406
2019-08-28,52.81940460205078
2019-08-29,53.963321685791016
2019-08-30,54.309814453125
2019-09-03,53.4506950378418
2019-09-04,55.02654266357422
2019-09-05,56.69731903076172
2019-09-06,56.74478530883789
2019-09-09,56.96312713623047
2019-09-10,57.07704162597656
2019-09-11,57.803260803222656
2019-09-12,57.89344024658203
2019-09-13,57.864967346191406
2019-09-16,57.47574996948242
2019-09-17,57.70833206176758
2019-09-18,57.77003860473633
2019-09-19,57.53745651245117
2019-09-20,56.459991455078125
2019-09-23,56.94413757324219
2019-09-24,56.09926223754883
2019-09-25,57.05805587768555
2019-09-26,57.25740814208984
2019-09-27,55.89990234375
2019-09-30,56.54542922973633
2019-10-01,56.16096115112305
2019-10-02,55.24488067626953
2019-10-03,56.094512939453125
2019-10-04,57.081787109375
2019-10-07,56.7969970703125
2019-10-08,55.30658721923828
2019-10-09,56.27962112426758
2019-10-10,56.81597518920898
2019-10-11,58.11178588867188
2019-10-14,58.19721984863281
2019-10-15,59.35538101196289
2019-10-16,58.49151611328125
2019-10-17,58.52947616577149
2019-10-18,57.95515441894531
2019-10-21,59.04210662841797
2019-10-22,58.59592819213867
2019-10-23,57.57543182373047
2019-10-24,59.099063873291016
2019-10-25,60.295188903808594
2019-10-28,61.21128082275391
2019-10-29,60.7935791015625
2019-10-30,60.86002731323242
2019-10-31,60.51353454589844
2019-11-01,61.76186752319336
2019-11-04,63.07666015625
2019-11-05,63.10987854003906
2019-11-06,62.72541427612305
2019-11-07,63.09564208984375
2019-11-08,63.228546142578125
2019-11-11,62.97223663330078
2019-11-12,63.10513305664063
2019-11-13,63.21430587768555
2019-11-14,63.10038757324219
2019-11-15,63.74116516113281
2019-11-18,63.779144287109375
2019-11-19,63.56079864501953
2019-11-20,62.93901062011719
2019-11-21,62.25075912475586
2019-11-22,62.1415901184082
2019-11-25,63.57505035400391
2019-11-26,63.37093353271485
2019-11-27,63.798133850097656
2019-11-29,63.08615493774414
2019-12-02,62.26499176025391
2019-12-03,61.39163589477539
2019-12-04,62.2934799194336
2019-12-05,62.668453216552734
2019-12-06,63.59877395629883
2019-12-09,63.17158508300781
2019-12-10,63.42316055297852
2019-12-11,64.7806625366211
2019-12-12,66.64130401611328
2019-12-13,66.3849868774414
2019-12-16,66.92610168457031
2019-12-17,67.30581665039062
2019-12-18,67.0732421875
2019-12-19,67.46245574951172
2019-12-20,68.11273193359375
2019-12-23,68.45094299316406
2019-12-24,68.59064483642578
2019-12-26,68.77371978759766
2019-12-27,68.53764343261719
2019-12-30,68.04142761230469
2019-12-31,68.12814331054688
2020-01-02,69.70355224609375
2020-01-03,68.5617446899414
2020-01-06,67.82943725585938
2020-01-07,68.96160125732422
2020-01-08,69.07723999023438
2020-01-09,69.4722900390625
2020-01-10,68.8941650390625
2020-01-13,69.85771942138672
2020-01-14,70.00225830078125
2020-01-15,68.96643829345703
2020-01-16,70.07935333251953
2020-01-17,70.368408203125
2020-01-21,70.42622375488281
2020-01-22,71.00435638427734
2020-01-23,71.44760131835938
2020-01-24,71.1344223022461
2020-01-27,68.2678451538086
2020-01-28,69.97816467285156
2020-01-29,68.9134292602539
2020-01-30,68.75446319580078
2020-01-31,66.27811431884766
2020-02-03,67.18386840820312
2020-02-04,69.34703826904297
2020-02-05,70.72491455078125
2020-02-06,70.77310180664062
2020-02-07,69.15433502197266
2020-02-10,70.24315643310547
2020-02-11,71.72703552246094
2020-02-12,72.7387466430664
2020-02-13,72.91219329833984
2020-02-14,72.59903717041016
2020-02-18,71.51022338867188
2020-02-19,73.3506088256836
2020-02-20,72.19435119628906
2020-02-21,70.07452392578125
2020-02-24,66.89960479736328
2020-02-25,64.97249603271484
2020-02-26,65.36273193359375
2020-02-27,62.35163497924805
2020-02-28,63.58016586303711
2020-03-02,65.78189086914062
2020-03-03,63.62351989746094
2020-03-04,66.88516235351562
2020-03-05,64.78460693359375
2020-03-06,63.53680419921875
2020-03-09,58.251708984375
2020-03-10,61.840946197509766
2020-03-11,58.50223159790039
2020-03-12,52.32584381103516
2020-03-13,57.39896011352539
2020-03-16,49.1268424987793
2020-03-17,53.1063232421875
2020-03-18,48.693241119384766
2020-03-19,49.55562210083008
2020-03-20,48.68842697143555
2020-03-23,50.49509048461914
2020-03-24,55.70792388916016
2020-03-25,55.28877639770508
2020-03-26,58.64194869995117
2020-03-27,55.39958190917969
2020-03-30,57.5723991394043
2020-03-31,56.43540191650391
2020-04-01,53.63628387451172
2020-04-02,55.08161544799805
2020-04-03,53.97834396362305
2020-04-06,59.345340728759766
2020-04-07,59.16226577758789
2020-04-08,61.12310028076172
2020-04-09,59.67776870727539
2020-04-13,60.45824813842773
2020-04-14,63.10320663452149
2020-04-15,61.402530670166016
2020-04-16,63.03094482421875
2020-04-17,63.64761734008789
2020-04-20,62.29863357543945
2020-04-21,59.50914764404297
2020-04-22,62.8719482421875
2020-04-23,62.29381942749024
2020-04-24,63.5512580871582
2020-04-27,64.3365478515625
2020-04-28,63.90777969360352
2020-04-29,66.90925598144531
2020-04-30,64.42809295654297
2020-05-01,61.39289474487305
2020-05-04,62.07220458984375
2020-05-05,62.88158416748047
2020-05-06,63.61870193481445
2020-05-07,64.19683837890625
2020-05-08,65.83487701416016
2020-05-11,65.86860656738281
2020-05-12,64.05712127685547
2020-05-13,62.92012786865234
2020-05-14,64.68344116210938
2020-05-15,63.20920181274414
2020-05-18,65.93123626708984
2020-05-19,65.68553161621094
2020-05-20,68.06551361083984
2020-05-21,66.34074401855469
2020-05-22,66.48046112060547
2020-05-26,67.05377960205078
2020-05-27,68.06551361083984
2020-05-28,66.61054229736328
2020-05-29,67.945068359375
2020-06-01,67.8438949584961
2020-06-02,69.17841339111328
2020-06-03,71.08626556396484
2020-06-04,71.87155151367188
2020-06-05,73.5674057006836
2020-06-08,73.34579467773438
2020-06-09,73.4806900024414
2020-06-10,73.85648345947266
2020-06-11,69.32294464111328
2020-06-12,70.30096435546875
2020-06-15,71.21151733398438
2020-06-16,72.32442474365234
2020-06-17,73.0904541015625
2020-06-18,72.98927307128906
2020-06-19,72.64720916748047
2020-06-22,73.31206512451172
2020-06-23,73.5529556274414
2020-06-24,72.01126861572266
2020-06-25,72.502685546875
2020-06-26,71.1440658569336
2020-06-29,71.86673736572266
2020-06-30,73.61558532714844
2020-07-01,72.77247619628906
2020-07-02,73.8853759765625
2020-07-06,75.92330169677734
2020-07-07,74.97901153564453
2020-07-08,76.05338287353516
2020-07-09,77.37345886230469
2020-07-10,77.06993865966797
2020-07-13,75.96184539794922
2020-07-14,77.23855590820312
2020-07-15,76.88685607910156
2020-07-16,76.82904815673828
2020-07-17,77.18555450439453
2020-07-20,78.72724914550781
2020-07-21,78.3321762084961
2020-07-22,78.90550231933594
2020-07-23,77.60469818115234
2020-07-24,76.82423400878906
2020-07-27,79.92205047607422
2020-07-28,77.84559631347656
2020-07-29,79.8064193725586
2020-07-30,80.5580062866211
2020-07-31,80.08103942871094
2020-08-03,81.5071029663086
2020-08-04,82.6922836303711
2020-08-05,82.76453399658203
2020-08-06,82.62001037597656
2020-08-07,81.67090606689453
2020-08-10,81.72872161865234
2020-08-11,80.57246398925781
2020-08-12,83.10660552978516
2020-08-13,82.31649780273438
2020-08-14,82.2297592163086
2020-08-17,83.42939758300781
2020-08-18,82.91389465332031
2020-08-19,82.40802764892578
2020-08-20,81.74798583984375
2020-08-21,82.34058380126953
2020-08-24,83.07286834716797
2020-08-25,84.01234436035156
2020-08-26,84.47968292236328
2020-08-27,83.29449462890625
2020-08-28,84.619384765625
2020-08-31,84.48930358886719
2020-09-01,86.14661407470703
2020-09-02,88.43023681640625
2020-09-03,83.73291778564453
2020-09-04,82.58145904541016
2020-09-08,78.91995239257812
2020-09-09,81.17948150634766
2020-09-10,80.15811920166016
2020-09-11,80.00395202636719
2020-09-14,81.80580139160156
2020-09-15,83.52574920654297
2020-09-16,82.49956512451172
2020-09-17,82.31168365478516
2020-09-18,81.06868743896484
2020-09-21,81.10723114013672
2020-09-22,81.77207946777344
2020-09-23,79.90278625488281
2020-09-24,80.60136413574219
2020-09-25,81.53601837158203
2020-09-28,83.6076431274414
2020-09-29,84.05088806152344
2020-09-30,83.92562866210938
2020-10-01,85.99726867675781
2020-10-02,83.41975402832031
2020-10-05,86.26225280761719
2020-10-06,85.50585174560547
2020-10-07,87.33660125732422
2020-10-08,88.4061508178711
2020-10-09,89.92375946044922
2020-10-12,91.50879669189452
2020-10-13,91.23418426513672
2020-10-14,90.75241088867188
2020-10-15,90.40071105957033
2020-10-16,89.8370361328125
2020-10-19,89.393798828125
2020-10-20,89.466064453125
2020-10-21,88.89275360107422
2020-10-22,88.85902404785156
2020-10-23,88.64704895019531
2020-10-26,86.74884033203125
2020-10-27,86.45014190673828
2020-10-28,83.66064453125
2020-10-29,85.72747039794922
2020-10-30,84.28694915771484
2020-11-02,84.94216918945312
2020-11-03,86.71028900146484
2020-11-04,89.89002990722656
2020-11-05,93.45999908447266
2020-11-06,94.91014862060548
2020-11-09,93.87432861328124
2020-11-10,90.96920776367188
2020-11-11,94.16822052001952
2020-11-12,93.15166473388672
2020-11-13,94.52472686767578
2020-11-16,97.18414306640624
2020-11-17,96.06642150878906
2020-11-18,95.5894546508789
2020-11-19,96.83726501464844
2020-11-20,96.34584045410156
2020-11-23,97.82971954345705
2020-11-24,98.13805389404295
2020-11-25,98.13324737548828
2020-11-27,99.44850158691406
2020-11-30,100.50357818603516
2020-12-01,102.32952117919922
2020-12-02,102.73902893066406
2020-12-03,102.7004852294922
2020-12-04,105.69713592529295
2020-12-07,106.29937744140624
2020-12-08,106.43907928466795
2020-12-09,103.14373016357422
2020-12-10,103.22080993652344
2020-12-11,102.38251495361328
2020-12-14,103.42797088623048
2020-12-15,105.05156707763672
2020-12-16,105.0082015991211
2020-12-17,104.98411560058594
2020-12-18,104.6227798461914
2020-12-21,104.094970703125
2020-12-22,103.91061401367188
2020-12-23,103.13439178466795
2020-12-24,104.24049377441406
2020-12-28,104.03189086914062
2020-12-29,103.7699203491211
2020-12-30,105.68620300292967
2020-12-31,105.96272277832033
2021-01-04,106.17618560791016
2021-01-05,108.03424835205078
2021-01-06,107.704345703125
2021-01-07,112.14816284179688
2021-01-08,111.74549102783205
2021-01-11,113.4192123413086
2021-01-12,113.94800567626952
2021-01-13,113.33189392089844
2021-01-14,116.1505126953125
2021-01-15,113.8897933959961
2021-01-19,117.79996490478516
2021-01-20,117.30997467041016
2021-01-21,119.12437438964844
2021-01-22,116.883056640625
2021-01-25,117.34393310546876
2021-01-26,115.31608581542967
2021-01-27,109.68368530273438
2021-01-28,111.9783706665039
2021-01-29,109.93595123291016
2021-02-01,114.24393463134766
2021-02-02,115.80606842041016
2021-02-03,113.6278305053711
2021-02-04,114.94253540039062
2021-02-05,114.1081085205078
2021-02-08,117.92125701904295
2021-02-09,117.57195281982422
2021-02-10,117.87272644042967
2021-02-11,122.23893737792967
2021-02-12,123.49542236328124
2021-02-16,124.25223541259766
2021-02-17,121.84598541259766
2021-02-18,120.55067443847656
2021-02-19,123.15583038330078
2021-02-22,118.65379333496094
2021-02-23,117.51373291015624
2021-02-24,121.2929229736328
2021-02-25,114.53016662597656
2021-02-26,116.89276123046876
2021-03-01,120.40998077392578
2021-03-02,116.70841979980467
2021-03-03,113.0311050415039
2021-03-04,107.54425048828124
2021-03-05,110.99353790283205
2021-03-08,104.89543151855467
2021-03-09,111.10997772216795
2021-03-10,108.8541259765625
2021-03-11,113.42891693115234
2021-03-12,112.0123291015625
2021-03-15,114.42829132080078
2021-03-16,115.67993927001952
2021-03-17,116.76663208007812
2021-03-18,112.0899429321289
2021-03-19,113.36585235595705
2021-03-22,116.06803894042967
2021-03-23,113.16209411621094
2021-03-24,111.2215576171875
2021-03-25,111.62908172607422
2021-03-26,117.22750854492188
2021-03-29,115.35004425048828
2021-03-30,114.85520935058594
2021-03-31,118.15411376953124
2021-04-01,122.70951080322266
2021-04-05,124.75192260742188
2021-04-06,123.04425048828124
2021-04-07,122.76287841796876
2021-04-08,124.5239028930664
2021-04-09,124.2328109741211
2021-04-12,122.79198455810548
2021-04-13,122.54940795898438
2021-04-14,121.37539672851562
2021-04-15,122.9326629638672
2021-04-16,122.452392578125
2021-04-19,119.4203109741211
2021-04-20,117.7466049194336
2021-04-21,120.85144805908205
2021-04-22,118.1783676147461
2021-04-23,120.89511108398438
2021-04-26,122.96178436279295
2021-04-27,122.2437744140625
2021-04-28,120.2886962890625
2021-04-29,121.39965057373048
2021-04-30,117.88728332519533
2021-05-03,116.51920318603516
2021-05-04,115.07351684570312
2021-05-05,115.58290100097656
2021-05-06,116.53376770019533
2021-05-07,118.1783676147461
2021-05-10,112.9389419555664
2021-05-11,113.15724182128906
2021-05-12,108.49026489257812
2021-05-13,109.72250366210938
2021-05-14,113.2009048461914
2021-05-17,111.93956756591795
2021-05-18,111.3234405517578
2021-05-19,113.3173370361328
2021-05-20,116.13111114501952
2021-05-21,115.54409790039062
2021-05-24,118.08133697509766
2021-05-25,118.85755157470705
2021-05-26,118.97883605957033
2021-05-27,119.5512924194336
2021-05-28,120.8902587890625
2021-06-01,120.71076965332033
2021-06-02,121.41905975341795
2021-06-03,119.34268188476562
2021-06-04,122.001220703125
2021-06-07,121.3802490234375
2021-06-08,120.38086700439452
2021-06-09,120.00732421875
2021-06-10,121.57430267333984
2021-06-11,122.001220703125
2021-06-14,123.65067291259766
2021-06-15,122.58336639404295
2021-06-16,121.550048828125
2021-06-17,122.9229736328125
2021-06-18,119.79385375976562
2021-06-21,120.10919952392578
2021-06-22,120.89511108398438
2021-06-23,121.50637817382812
2021-06-24,123.49056243896484
2021-06-25,123.00543975830078
2021-06-28,125.98900604248048
2021-06-29,127.0854034423828
2021-06-30,127.22125244140624
2021-07-01,125.3437728881836
2021-07-02,126.03752136230467
2021-07-06,125.99870300292967
2021-07-07,124.25223541259766
2021-07-08,122.58821868896484
2021-07-09,124.67914581298828
2021-07-12,126.31404876708984
2021-07-13,126.04236602783205
2021-07-14,125.76583099365234
2021-07-15,122.31655883789062
2021-07-16,119.75505065917967
2021-07-19,119.73080444335938
2021-07-20,121.19589233398438
2021-07-21,124.67914581298828
2021-07-22,123.92719268798828
2021-07-23,124.8295440673828
2021-07-26,124.6888427734375
2021-07-27,122.4863510131836
2021-07-28,124.67428588867188
2021-07-29,127.0126495361328
2021-07-30,127.65788269042967
2021-08-02,128.56021118164062
2021-08-03,129.7245330810547
2021-08-04,131.14111328125
2021-08-05,130.99557495117188
2021-08-06,130.29214477539062
2021-08-09,129.89918518066406
2021-08-10,128.23516845703125
2021-08-11,127.89559173583984
2021-08-12,126.4983901977539
2021-08-13,127.32312774658205
2021-08-16,126.77491760253906
2021-08-17,124.3735122680664
2021-08-18,122.76771545410156
2021-08-19,123.84471893310548
2021-08-20,124.37836456298828
2021-08-23,127.95380401611328
2021-08-24,128.04112243652344
2021-08-25,129.43345642089844
2021-08-26,129.63233947753906
2021-08-27,131.9755401611328
2021-08-30,132.39276123046875
2021-08-31,131.3885040283203
2021-09-01,131.18479919433594
2021-09-02,131.5049591064453
2021-09-03,132.58197021484375
2021-09-07,132.31028747558594
2021-09-08,130.56381225585938
2021-09-09,131.102294921875
2021-09-10,132.0919952392578
2021-09-13,133.08164978027344
2021-09-14,133.16897583007812
2021-09-15,133.63467407226562
2021-09-16,133.82875061035156
2021-09-17,131.47100830078125
2021-09-20,128.26913452148438
2021-09-21,128.5408172607422
2021-09-22,130.8597412109375
2021-09-23,132.50433349609375
2021-09-24,132.14535522460938
2021-09-27,131.6747589111328
2021-09-28,126.37224578857422
2021-09-29,124.46568298339844
2021-09-30,124.32500457763672
2021-10-01,124.43171691894533
2021-10-04,121.19104766845705
2021-10-05,122.89386749267578
2021-10-06,123.26741027832033
2021-10-07,124.8004379272461
2021-10-08,123.58759307861328
2021-10-11,122.85018920898438
2021-10-12,121.60826110839844
2021-10-13,122.6464385986328
2021-10-14,126.3285903930664
2021-10-15,127.38617706298828
2021-10-18,128.39041137695312
2021-10-19,129.86036682128906
2021-10-20,129.28790283203125
2021-10-21,130.76272583007812
2021-10-22,129.60809326171875
2021-10-25,130.26303100585938
2021-10-26,131.00527954101562
2021-10-27,129.89918518066406
2021-10-28,132.3733367919922
2021-10-29,132.7517547607422
2021-11-01,134.27508544921875
2021-11-02,135.7547149658203
2021-11-03,137.0985565185547
2021-11-04,142.7746124267578
2021-11-05,143.8904266357422
2021-11-08,146.48101806640625
2021-11-09,146.67506408691406
2021-11-10,142.04689025878906
2021-11-11,144.6035614013672
2021-11-12,146.07350158691406
2021-11-15,145.8794403076172
2021-11-16,147.771484375
2021-11-17,146.89340209960938
2021-11-18,150.50759887695312
2021-11-19,151.45848083496094
2021-11-22,149.17349243164062
2021-11-23,148.09165954589844
2021-11-24,149.5858612060547
2021-11-26,145.24876403808594
2021-11-29,151.08009338378906
2021-11-30,147.91700744628906
2021-12-01,147.39308166503906
2021-12-02,147.7763214111328
2021-12-03,146.0977783203125
2021-12-06,145.5398712158203
2021-12-07,152.59854125976562
2021-12-08,151.93875122070312
2021-12-09,148.2614288330078
2021-12-10,149.20260620117188
2021-12-13,145.33126831054688
2021-12-14,144.4919891357422
2021-12-15,150.46881103515625
2021-12-16,143.92921447753906
2021-12-17,143.2548828125
2021-12-20,142.178466796875
2021-12-21,147.31427001953125
2021-12-22,149.0652313232422
2021-12-23,150.3479766845703
2021-12-27,154.3961181640625
2021-12-28,152.87442016601562
2021-12-29,152.85003662109375
2021-12-30,151.1136932373047
2021-12-31,150.60646057128906
2022-01-03,153.9279022216797
2022-01-04,153.12802124023438
2022-01-05,147.87518310546875
2022-01-06,149.34324645996094
2022-01-07,144.80247497558594
2022-01-10,144.98780822753906
2022-01-11,147.91416931152344
2022-01-12,149.1774139404297
2022-01-13,146.5826873779297
2022-01-14,149.6895294189453
2022-01-18,142.99298095703125
2022-01-19,139.04234313964844
2022-01-20,134.78448486328125
2022-01-21,132.54090881347656
2022-01-24,134.2382049560547
2022-01-25,128.92193603515625
2022-01-26,130.78021240234375
2022-01-27,125.19567108154295
2022-01-28,127.63431549072266
2022-01-31,134.32110595703125
2022-02-01,134.89663696289062
2022-02-02,138.3400115966797
2022-02-03,132.20436096191406
2022-02-04,132.92132568359375
2022-02-07,133.1310577392578
2022-02-08,135.8574676513672
2022-02-09,140.58847045898438
2022-02-10,136.3793487548828
2022-02-11,129.37066650390625
2022-02-14,129.28286743164062
2022-02-15,136.31591796875
2022-02-16,136.2866668701172
2022-02-17,130.8240966796875
2022-02-18,129.37066650390625
2022-02-22,128.4829864501953
2022-02-23,125.79070281982422
2022-02-24,130.10711669921875
2022-02-25,131.92147827148438
2022-02-28,130.78506469726562
2022-03-01,126.65885925292967
2022-03-02,130.80458068847656
2022-03-03,127.98548889160156
2022-03-04,124.5421142578125
2022-03-07,118.3430633544922
2022-03-08,120.1281509399414
2022-03-09,125.34687042236328
2022-03-10,122.63508605957033
2022-03-11,119.87940216064452
2022-03-14,116.41651153564452
2022-03-15,121.2938232421875
2022-03-16,127.71723175048828
2022-03-17,128.5171356201172
2022-03-18,131.29232788085938
2022-03-21,130.9850311279297
2022-03-22,131.8873291015625
2022-03-23,128.5902862548828
2022-03-24,134.84788513183594
2022-03-25,134.28697204589844
2022-03-28,135.26243591308594
2022-03-29,138.3205108642578
2022-03-30,134.3064727783203
2022-03-31,131.5849609375
2022-04-01,129.4535675048828
2022-04-04,131.58982849121094
2022-04-05,125.9126434326172
2022-04-06,123.30816650390624
2022-04-07,123.3276596069336
2022-04-08,120.39640045166016
2022-04-11,117.68949127197266
2022-04-12,117.0554428100586
2022-04-13,119.83551025390624
2022-04-14,116.18728637695312
2022-04-18,118.1772232055664
2022-04-19,120.69392395019533
2022-04-20,120.47443389892578
2022-04-21,117.17250061035156
2022-04-22,114.48509216308594
2022-04-25,116.46527862548828
2022-04-26,111.50018310546876
2022-04-27,110.96367645263672
2022-04-28,117.29930114746094
2022-04-29,112.10497283935548
2022-05-02,115.3678970336914
2022-05-03,116.31409454345705
2022-05-04,120.3037338256836
2022-05-05,114.6558074951172
2022-05-06,113.4803695678711
2022-05-09,107.73490142822266
2022-05-10,110.51985168457033
2022-05-11,107.13011169433594
2022-05-12,107.63735961914062
2022-05-13,113.2803955078125
2022-05-16,111.45140838623048
2022-05-17,116.78231811523438
2022-05-18,111.20267486572266
2022-05-19,111.23193359375
2022-05-20,111.28558349609376
2022-05-23,112.17813110351562
2022-05-24,109.21759796142578
2022-05-25,111.49042510986328
2022-05-26,115.21669006347656
2022-05-27,119.7867431640625
2022-05-31,119.2892608642578
2022-06-01,117.3285675048828
2022-06-02,121.47428894042967
2022-06-03,117.89434051513672
2022-06-06,117.99188995361328
2022-06-07,118.93321228027344
2022-06-08,116.45553588867188
2022-06-09,113.3584442138672
2022-06-10,109.16395568847656
2022-06-13,103.09658813476562
2022-06-14,103.85255432128906
2022-06-15,105.75471496582033
2022-06-16,99.48737335205078
2022-06-17,100.30188751220705
2022-06-21,103.14535522460938
2022-06-22,101.6919174194336
2022-06-23,101.1651611328125
2022-06-24,105.4279327392578
2022-06-27,105.0767593383789
2022-06-28,102.42838287353516
2022-06-29,100.623779296875
2022-06-30,99.3654327392578
2022-07-01,95.59040069580078
2022-07-05,96.09275817871094
2022-07-06,96.74632263183594
2022-07-07,101.21395111083984
2022-07-08,101.76020050048828
2022-07-11,99.321533203125
2022-07-12,99.2825164794922
2022-07-13,100.06776428222656
2022-07-14,102.1796417236328
2022-07-15,104.75973510742188
2022-07-18,103.98424530029295
2022-07-19,108.73474884033205
2022-07-20,111.29533386230467
2022-07-21,113.1633529663086
2022-07-22,110.6027603149414
2022-07-25,109.91993713378906
2022-07-26,108.26165008544922
2022-07-27,113.32917022705078
2022-07-28,114.7143325805664
2022-07-29,115.6702880859375
2022-08-01,115.90438842773438
2022-08-02,115.6654052734375
2022-08-03,118.43084716796876
2022-08-04,119.63552856445312
2022-08-05,118.82102966308594
2022-08-08,116.76768493652344
2022-08-09,111.88060760498048
2022-08-10,116.41162872314452
2022-08-11,116.3872528076172
2022-08-12,119.67455291748048
2022-08-15,120.21593475341795
2022-08-16,118.86004638671876
2022-08-17,116.30921173095705
2022-08-18,117.93335723876952
2022-08-19,114.6119155883789
2022-08-22,110.6173858642578
2022-08-23,111.33435821533205
2022-08-24,111.26119995117188
2022-08-25,114.99720764160156
2022-08-26,108.60306549072266
2022-08-29,106.58873748779295
2022-08-30,105.36940002441406
2022-08-31,104.6524429321289
2022-09-01,102.36497497558594
2022-09-02,101.36026000976562
2022-09-06,100.22872161865234
2022-09-07,101.82847595214844
2022-09-08,103.2087631225586
2022-09-09,105.76934814453124
2022-09-12,106.03272247314452
2022-09-13,99.7214813232422
2022-09-14,100.8042449951172
2022-09-15,99.0093994140625
2022-09-16,99.45323181152344
2022-09-19,100.1067886352539
2022-09-20,98.72164154052734
2022-09-21,97.8973617553711
2022-09-22,95.18557739257812
2022-09-23,93.82481384277344
2022-09-26,92.73230743408205
2022-09-27,93.43463134765624
2022-09-28,94.62469482421876
2022-09-29,91.64464569091795
2022-09-30,90.28876495361328
2022-10-03,93.52729034423828
2022-10-04,97.52669525146484
2022-10-05,98.49240112304688
2022-10-06,97.8193359375
2022-10-07,91.98606872558594
2022-10-10,88.91336059570312
2022-10-11,86.1089096069336
2022-10-12,85.59191131591797
2022-10-13,88.2110366821289
2022-10-14,84.45061492919922
2022-10-17,86.45032501220703
2022-10-18,86.46983337402344
2022-10-19,87.16728210449219
2022-10-20,87.85986328125
2022-10-21,90.88867950439452
2022-10-24,91.17643737792967
2022-10-25,92.6201171875
2022-10-26,91.7129364013672
2022-10-27,90.5667724609375
2022-10-28,94.0247802734375
2022-10-31,92.28845977783205
2022-11-01,92.92738342285156
2022-11-02,90.26437377929688
2022-11-03,89.20600128173828
2022-11-04,93.35171508789062
2022-11-07,95.1953353881836
2022-11-08,97.24868774414062
2022-11-09,94.6051788330078
2022-11-10,104.27201080322266
2022-11-11,107.69100952148438
2022-11-14,106.6716537475586
2022-11-15,110.03211212158205
2022-11-16,106.07173919677734
2022-11-17,106.87161254882812
2022-11-18,107.06671905517578
2022-11-21,105.19381713867188
2022-11-22,108.25189208984376
2022-11-23,109.19322204589844
2022-11-25,107.91048431396484
2022-11-28,105.36453247070312
2022-11-29,105.0767593383789
2022-11-30,111.07097625732422
2022-12-01,110.71493530273438
2022-12-02,109.19322204589844
2022-12-05,107.89097595214844
2022-12-06,105.52548217773438
2022-12-07,105.50109100341795
2022-12-08,108.18849182128906
2022-12-09,107.32032012939452
2022-12-12,109.23223876953124
2022-12-13,111.0514678955078
2022-12-14,109.13957214355467
2022-12-15,104.98410034179688
2022-12-16,104.16958618164062
2022-12-19,102.93688201904295
2022-12-20,102.43374633789062
2022-12-21,104.72254943847656
2022-12-22,100.3817138671875
2022-12-23,100.3718490600586
2022-12-27,98.57632446289062
2022-12-28,97.32340240478516
2022-12-29,100.50010681152344
2022-12-30,100.10548400878906
2023-01-03,99.33596801757812
2023-01-04,101.86154174804688
2023-01-05,100.03643035888672
2023-01-06,104.41178131103516
2023-01-09,106.685791015625
2023-01-10,108.0718994140625
2023-01-11,109.3396224975586
2023-01-12,110.977294921875
2023-01-13,111.37683868408205
2023-01-17,112.037841796875
2023-01-18,111.33738708496094
2023-01-19,108.614501953125
2023-01-20,112.1463623046875
2023-01-23,117.4342803955078
2023-01-24,116.60064697265624
2023-01-25,116.71902465820312
2023-01-26,118.81051635742188
2023-01-27,118.03114318847656
2023-01-30,115.20467376708984
2023-01-31,116.95580291748048
2023-02-01,122.47063446044922
2023-02-02,125.08992767333984
2023-02-03,122.79125213623048
2023-02-06,120.74909210205078
2023-02-07,124.37467956542967
2023-02-08,121.9378890991211
2023-02-09,122.42129516601562
2023-02-10,120.36433410644533
2023-02-13,122.1746597290039
2023-02-14,124.80382537841795
2023-02-15,124.79889678955078
2023-02-16,121.41008758544922
2023-02-17,119.752685546875
2023-02-21,116.11229705810548
2023-02-22,115.54503631591795
2023-02-23,119.63921356201172
2023-02-24,117.50334167480467
2023-02-27,118.03114318847656
2023-02-28,118.09033966064452
2023-03-01,118.16925048828124
2023-03-02,119.21500396728516
2023-03-03,120.83295440673828
2023-03-06,119.7576141357422
2023-03-07,118.42083740234376
2023-03-08,121.51860809326172
2023-03-09,119.19034576416016
2023-03-10,117.26163482666016
2023-03-13,117.18270874023438
2023-03-14,120.6898956298828
2023-03-15,119.3333969116211
2023-03-16,124.10830688476562
2023-03-17,123.47692108154295
2023-03-20,124.719970703125
2023-03-21,125.11458587646484
2023-03-22,124.310546875
2023-03-23,127.6155014038086
2023-03-24,125.5979995727539
2023-03-27,124.13296508789062
2023-03-28,123.2697296142578
2023-03-29,127.107421875
2023-03-30,128.92762756347656
2023-03-31,129.82537841796875
2023-04-03,129.08546447753906
2023-04-04,127.10250854492188
2023-04-05,124.87781524658205
2023-04-06,124.50292205810548
2023-04-10,126.38724517822266
2023-04-11,125.71638488769533
2023-04-12,123.48184967041016
2023-04-13,124.47826385498048
2023-04-14,124.34508514404295
2023-04-17,124.25628662109376
2023-04-18,124.8136978149414
2023-04-19,123.62982940673828
2023-04-20,123.7679443359375
2023-04-21,122.5002212524414
2023-04-24,121.84416961669922
2023-04-25,117.9818115234375
2023-04-26,118.80558776855467
2023-04-27,119.95491027832033
2023-04-28,121.9625473022461
2023-05-01,122.89484405517578
2023-05-02,121.8293685913086
2023-05-03,120.57151794433594
2023-05-04,120.16703033447266
2023-05-05,122.70740509033205
2023-05-08,123.38812255859376
2023-05-09,121.48407745361328
2023-05-10,122.47063446044922
2023-05-11,121.38542938232422
2023-05-12,121.24730682373048
2023-05-15,124.42400360107422
2023-05-16,124.3944091796875
2023-05-17,127.75855255126952
2023-05-18,132.23748779296875
2023-05-19,131.5074462890625
2023-05-22,131.39892578125
2023-05-23,129.50474548339844
2023-05-24,127.60069274902344
2023-05-25,138.5711669921875
2023-05-26,145.3783721923828
2023-05-30,146.07882690429688
2023-05-31,142.38912963867188
2023-06-01,144.52993774414062
2023-06-02,144.17478942871094
2023-06-05,142.369384765625
2023-06-06,143.3756866455078
2023-06-07,142.5568389892578
2023-06-08,144.20437622070312
2023-06-09,144.86537170410156
2023-06-12,149.1470184326172
2023-06-13,151.2089080810547
2023-06-14,153.507568359375
2023-06-15,152.4026336669922
2023-06-16,151.3174285888672
2023-06-20,150.78469848632812
2023-06-21,147.33175659179688
2023-06-22,148.0618133544922
2023-06-23,145.54608154296875
2023-06-26,144.875244140625
2023-06-27,149.47256469726562
2023-06-28,148.12098693847656
2023-06-29,147.90394592285156
2023-06-30,150.20260620117188
2023-07-03,151.53448486328125
2023-07-05,148.67344665527344
2023-07-06,146.90753173828125
2023-07-07,147.045654296875
2023-07-10,149.1272735595703
2023-07-11,149.28514099121094
2023-07-12,152.42237854003906
2023-07-13,156.0824737548828
2023-07-14,154.79006958007812
2023-07-17,157.67083740234375
2023-07-18,158.1049041748047
2023-07-19,156.447509765625
2023-07-20,150.91294860839844
2023-07-21,151.72190856933594
2023-07-24,151.8501434326172
2023-07-25,154.28695678710938
2023-07-26,152.5999298095703
2023-07-27,155.3425750732422
2023-07-28,158.3416748046875
2023-07-31,158.46006774902344
2023-08-01,158.37127685546875
2023-08-02,152.56048583984375
2023-08-03,152.1165313720703
2023-08-04,152.17572021484375
2023-08-07,153.8134002685547
2023-08-08,151.2779541015625
2023-08-09,148.2788543701172
2023-08-10,147.9532928466797
2023-08-11,144.2438507080078
2023-08-14,148.63400268554688
2023-08-15,146.84832763671875
2023-08-16,144.52993774414062
2023-08-17,143.55323791503906
2023-08-18,144.16493225097656
2023-08-21,149.00888061523438
2023-08-22,147.5192108154297
2023-08-23,150.71563720703125
2023-08-24,146.81874084472656
2023-08-25,147.08511352539062
2023-08-28,148.90036010742188
2023-08-29,152.71832275390625
2023-08-30,153.49771118164062
2023-08-31,154.11923217773438
2023-09-01,154.109375
2023-09-05,154.47439575195312
2023-09-06,152.67884826660156
2023-09-07,149.2949981689453
2023-09-08,148.35777282714844
2023-09-11,148.46629333496094
2023-09-12,147.3514862060547
2023-09-13,148.5452117919922
2023-09-14,149.3541717529297
2023-09-15,144.8357696533203
2023-09-18,145.31918334960938
2023-09-19,144.06626892089844
2023-09-20,141.69854736328125
2023-09-21,138.86712646484375
2023-09-22,140.05101013183594
2023-09-25,141.0375518798828
2023-09-26,138.8079376220703
2023-09-27,140.08059692382812
2023-09-28,142.3496551513672
2023-09-29,143.03038024902344
2023-10-02,144.26358032226562
2023-10-03,141.05726623535156
2023-10-04,143.25729370117188
2023-10-05,143.25729370117188
2023-10-06,146.35507202148438
2023-10-09,145.98016357421875
2023-10-10,147.7855682373047
2023-10-11,149.38377380371094
2023-10-12,150.14344787597656
2023-10-13,146.38465881347656
2023-10-16,148.07167053222656
2023-10-17,146.3254852294922
2023-10-18,143.3954315185547
2023-10-19,142.41873168945312
2023-10-20,140.18910217285156
2023-10-23,140.68240356445312
2023-10-24,142.32994079589844
2023-10-25,136.81507873535156
2023-10-26,135.61151123046875
2023-10-27,136.4500732421875
2023-10-30,136.10479736328125
2023-10-31,137.0814666748047
2023-11-01,140.4949493408203
2023-11-02,144.1353302001953
2023-11-03,147.4994659423828
2023-11-06,147.93353271484375
2023-11-07,148.86090087890625
2023-11-08,149.3936309814453
2023-11-09,149.1272735595703
2023-11-10,155.1649932861328
2023-11-13,154.2178955078125
2023-11-14,158.92373657226562
2023-11-15,159.04214477539062
2023-11-16,159.63406372070312
2023-11-17,160.38385009765625
2023-11-20,162.68251037597656
2023-11-21,160.28518676757812
2023-11-22,159.9398956298828
2023-11-24,159.58473205566406
2023-11-27,159.486083984375
2023-11-28,158.56857299804688
2023-11-29,160.02870178222656
2023-11-30,158.3219451904297
2023-12-01,158.9632110595703
2023-12-04,156.6448211669922
2023-12-05,156.6448211669922
2023-12-06,155.38201904296875
2023-12-07,158.93362426757812
2023-12-08,160.2950439453125
2023-12-11,164.14260864257812
2023-12-12,165.87893676757812
2023-12-13,167.83229064941406
2023-12-14,170.93008422851562
2023-12-15,171.7390594482422
2023-12-18,172.03977966308594
2023-12-19,172.61544799804688
2023-12-20,167.81175231933594
2023-12-21,171.96038818359375
2023-12-22,171.98025512695312
2023-12-26,174.35231018066406
2023-12-27,174.54087829589844
2023-12-28,174.50119018554688
2023-12-29,173.55831909179688
2024-01-02,167.70257568359375
2024-01-03,164.72508239746094
2024-01-04,163.75242614746094
2024-01-05,164.83425903320312
2024-01-08,170.67015075683594
2024-01-09,171.12669372558594
2024-01-10,171.28549194335938
2024-01-11,172.25814819335938
2024-01-12,171.6527099609375
2024-01-16,174.38209533691406
2024-01-17,173.3300323486328
2024-01-18,178.95751953125
2024-01-19,185.7759704589844
2024-01-22,186.6394500732422
2024-01-23,187.59225463867188
2024-01-24,190.9270477294922
2024-01-25,190.9270477294922
2024-01-26,186.8578186035156
2024-01-29,189.0512237548828
2024-01-30,187.17539978027344
2024-01-31,184.47579956054688
2024-02-01,186.16305541992188
2024-02-02,189.7856903076172
2024-02-05,193.4877014160156
2024-02-06,191.2942810058593
2024-02-07,195.1551055908203
2024-02-08,197.93408203125
2024-02-09,202.3209381103516
2024-02-12,201.536865234375
2024-02-13,197.80506896972656
2024-02-14,201.7750701904297
2024-02-15,201.10015869140625
2024-02-16,200.23667907714844
2024-02-20,196.2964630126953
2024-02-21,195.03599548339844
2024-02-22,208.35533142089844
2024-02-23,207.0551605224609
2024-02-26,208.77218627929688
2024-02-27,208.1667633056641
2024-02-28,205.854248046875
2024-02-29,210.3601837158203
2024-03-01,218.8857421875
2024-03-04,222.4091186523437
2024-03-05,219.00485229492188
2024-03-06,224.6521759033203
2024-03-07,232.4135131835937
2024-03-08,223.3023834228516
2024-03-11,219.3224334716797
2024-03-12,226.2600250244141
2024-03-13,221.78384399414065
2024-03-14,217.81385803222656
2024-03-15,216.2059936523437
2024-03-18,216.6427001953125
2024-03-19,216.1663055419922
2024-03-20,219.630126953125
2024-03-21,224.6124725341797
2024-03-22,225.93247985839844
2024-03-25,225.376693725586
2024-03-26,223.2825164794922
2024-03-27,223.203125
2024-03-28,223.3023834228516
2024-04-01,226.23025512695312
2024-04-02,223.3222198486328
2024-04-03,224.21548461914065
2024-04-04,218.2406311035156
2024-04-05,220.9699859619141
2024-04-08,221.3868408203125
2024-04-09,222.41905212402344
2024-04-10,220.48367309570312
2024-04-11,225.6049652099609
2024-04-12,219.02468872070312
2024-04-15,215.72959899902344
2024-04-16,217.51611328125
2024-04-17,210.8068084716797
2024-04-18,207.06509399414065
2024-04-19,197.7157440185547
2024-04-22,201.4971618652344
2024-04-23,206.24131774902344
2024-04-24,206.4794921875
2024-04-25,210.60829162597656
2024-04-26,216.0074920654297
2024-04-29,216.7419586181641
2024-04-30,212.484130859375
2024-05-01,206.2909393310547
2024-05-02,210.4395904541016
2024-05-03,216.0968170166016
2024-05-06,220.9997711181641
2024-05-07,219.07432556152344
2024-05-08,219.73928833007807
2024-05-09,218.3299560546875
2024-05-10,221.6250457763672
2024-05-13,221.58534240722656
2024-05-14,225.376693725586
2024-05-15,232.14553833007807
2024-05-16,230.4582977294922
2024-05-17,228.52291870117188
2024-05-20,233.2372894287109
2024-05-21,232.9097595214844
2024-05-22,234.8153533935547
2024-05-23,238.0211334228516
2024-05-24,242.4278259277344
2024-05-28,247.9560394287109
2024-05-29,243.8073883056641
2024-05-30,240.4527587890625
2024-05-31,238.6761779785156
2024-06-03,241.6536865234375
2024-06-04,240.78028869628903
2024-06-05,252.501693725586
2024-06-06,250.5166931152344
2024-06-07,250.3182067871093
2024-06-10,253.94081115722656
2024-06-11,253.56365966796875
2024-06-12,261.1165771484375
2024-06-13,265.2056579589844
2024-06-14,265.880615234375
2024-06-17,270.4361572265625
2024-06-18,274.6840515136719
2024-06-20,266.9028625488281
2024-06-21,262.9031066894531
2024-06-24,253.8614196777344
2024-06-25,259.8064880371094
2024-06-26,258.95294189453125
2024-06-27,256.91827392578125
2024-06-28,258.7445068359375
2024-07-01,259.0522155761719
2024-07-02,261.6525573730469
2024-07-03,267.5976257324219
2024-07-05,267.69683837890625
2024-07-08,272.1531677246094
2024-07-09,272.7486572265625
2024-07-10,279.16021728515625
2024-07-11,268.9870910644531
2024-07-12,272.3913879394531
2024-07-15,271.7760009765625
2024-07-16,271.65692138671875
2024-07-17,252.3131256103516
2024-07-18,253.6232147216797
2024-07-19,246.2787170410156
2024-07-22,255.786865234375
2024-07-23,252.9483184814453
2024-07-24,239.1724395751953
2024-07-25,234.7855834960937
2024-07-26,238.5074462890625
2024-07-29,236.810287475586
2024-07-30,227.748764038086
2024-07-31,245.13735961914065
2024-08-01,229.27720642089844
2024-08-02,216.7915802001953
2024-08-05,211.70997619628903
2024-08-06,215.828857421875
2024-08-07,209.8837890625
2024-08-08,223.2229766845703
2024-08-09,223.1634216308593
2024-08-12,225.25759887695312
2024-08-13,234.4183654785156
2024-08-14,234.6168670654297
2024-08-15,244.52200317382807
2024-08-16,244.8594665527344
2024-08-19,249.4547271728516
2024-08-20,246.19932556152344
2024-08-21,248.7500457763672
2024-08-22,240.60162353515625
2024-08-23,246.52685546875
2024-08-26,240.75051879882807
2024-08-27,243.1721954345703
2024-08-28,239.08311462402344
2024-08-29,236.12545776367188
2024-08-30,241.6338348388672
2024-09-03,223.50086975097656
2024-09-04,222.9649200439453
2024-09-05,222.57785034179688
2024-09-06,213.38731384277344
2024-09-09,218.2108459472656
2024-09-10,220.27525329589844
2024-09-11,231.6492919921875
2024-09-12,232.14553833007807
2024-09-13,235.13296508789065
2024-09-16,232.0462951660156
2024-09-17,231.9668884277344
2024-09-18,229.3268280029297
2024-09-19,239.28160095214844
2024-09-20,236.1155242919922
2024-09-23,237.1576538085937
2024-09-24,241.57427978515625
2024-09-25,243.6982269287109
2024-09-26,250.72511291503903
2024-09-27,245.88172912597656
2024-09-30,243.60890197753903
2024-10-01,237.08819580078125
2024-10-02,240.5023803710937
2024-10-03,242.7156524658203
2024-10-04,245.9611358642578
2024-10-07,246.35812377929688
2024-10-08,250.62586975097656
2024-10-09,253.23614501953125
2024-10-10,252.7398834228516
2024-10-11,254.7645874023437
2024-10-14,259.3201904296875
2024-10-15,245.3060760498047
2024-10-16,245.46487426757807
2024-10-17,249.6929168701172
2024-10-18,249.62342834472656
2024-10-21,250.94346618652344
2024-10-22,249.8020935058593
2024-10-23,247.1421813964844
2024-10-24,248.184326171875
2024-10-25,251.0625762939453
2024-10-28,249.32569885253903
2024-10-29,254.9928741455078
2024-10-30,248.7996520996093
2024-10-31,239.8671722412109
2024-11-01,242.9141540527344
2024-11-04,242.4377593994141
2024-11-05,246.44744873046875
2024-11-06,252.898681640625
2024-11-07,259.0621032714844
2024-11-08,257.39471435546875
2024-11-11,251.6282958984375
2024-11-12,249.9708251953125
2024-11-13,245.7725524902344
2024-11-14,246.3184051513672
2024-11-15,238.150146484375
2024-11-18,239.7282257080078
2024-11-19,242.34841918945312
2024-11-20,240.72071838378903
2024-11-21,244.2540283203125
2024-11-22,242.78512573242188
2024-11-25,241.83233642578125
2024-11-26,239.609130859375
2024-11-27,236.46290588378903
2024-11-29,240.3138122558593
2024-12-02,246.0107421875
2024-12-03,246.5566253662109
2024-12-04,250.7350616455078
2024-12-05,246.43753051757807
2024-12-06,246.7451934814453
2024-12-09,244.2242584228516
2024-12-10,238.0806884765625
2024-12-11,243.9066467285156
2024-12-12,241.54449462890625
2024-12-13,247.6186065673828
2024-12-16,251.3503875732422
2024-12-17,248.0850830078125
2024-12-18,240.17486572265625
2024-12-19,237.0782623291016
2024-12-20,240.8894500732422
2024-12-23,248.44692993164065
2024-12-24,250.5902557373047
2024-12-26,250.1516265869141
2024-12-27,247.6294708251953
2024-12-30,243.9010772705078
2024-12-31,241.4187927246093
2025-01-02,244.0306701660156
2025-01-03,251.09869384765625
2025-01-06,259.4227905273437
2025-01-07,253.25196838378903
2025-01-08,251.4475860595703
2025-01-10,246.4132537841797
2025-01-13,243.88113403320312
2025-01-14,244.6786651611328
2025-01-15,250.43077087402344
2025-01-16,251.5074005126953
2025-01-17,257.44891357421875
2025-01-21,261.5760803222656
2025-01-22,266.3412780761719
2025-01-23,266.0222473144531
2025-01-24,260.71875
2025-01-27,235.0785217285156
2025-01-28,239.70413208007807
2025-01-29,238.7869873046875
2025-01-30,244.4095001220703
2025-01-31,242.8643035888672
2025-02-03,238.0393218994141
2025-02-04,240.72097778320312
2025-02-05,246.3733825683593
2025-02-06,247.5796356201172
2025-02-07,244.24002075195312
2025-02-10,248.8456878662109
2025-02-11,249.09490966796875
2025-02-12,247.7391357421875
2025-02-13,251.1385498046875
2025-02-14,251.7965087890625
2025-02-18,255.4252166748047
2025-02-19,256.541748046875
2025-02-20,257.00030517578125
2025-02-21,249.2145538330078
2025-02-24,242.6649169921875
2025-02-25,237.51095581054688
2025-02-26,243.06369018554688
2025-02-27,228.08029174804688
2025-02-28,232.04795837402344
2025-03-03,222.3182373046875
2025-03-04,224.5313415527344
2025-03-05,228.6884002685547
2025-03-06,219.09825134277344
2025-03-07,224.39178466796875
2025-03-10,213.86453247070312
2025-03-11,213.5554962158203
2025-03-12,219.83596801757807
2025-03-13,218.8689727783203
2025-03-14,225.86720275878903
2025-03-17,228.24978637695312
2025-03-18,224.72076416015625
2025-03-19,226.70458984375
2025-03-20,226.345703125
2025-03-21,224.07278442382807
2025-03-24,229.9145965576172
2025-03-25,228.9376373291016
2025-03-26,221.3213348388672
2025-03-27,217.0745544433593
2025-03-28,211.5118560791016
2025-03-31,210.81402587890625
2025-04-01,211.83087158203125
2025-04-02,213.4259033203125
2025-04-03,194.9633636474609
2025-04-04,180.2391662597656
2025-04-07,184.32644653320312
2025-04-08,179.3917999267578
2025-04-09,210.176025390625
2025-04-10,195.60137939453125
2025-04-11,200.685546875
2025-04-14,200.984619140625
2025-04-15,202.29055786132807
2025-04-16,193.7471466064453
2025-04-17,191.9327850341797
2025-04-21,187.2473602294922
2025-04-22,191.3047332763672
2025-04-23,198.29299926757807
2025-04-24,208.32179260253903
2025-04-25,211.3124847412109
2025-04-28,209.9965667724609
2025-04-29,209.6376800537109
2025-04-30,210.62461853027344
2025-05-01,211.64146423339844
2025-05-02,218.3505859375
2025-05-05,216.9349822998047
2025-05-06,214.92124938964844
2025-05-07,219.33750915527344
2025-05-08,221.2615203857422
2025-05-09,222.7070159912109
2025-05-12,236.673568725586
2025-05-13,244.7982788085937
2025-05-14,247.2207489013672
2025-05-15,246.3634185791016
2025-05-16,245.65562438964844
2025-05-19,245.24688720703125
2025-05-20,244.77833557128903
2025-05-21,240.72097778320312
2025-05-22,240.06301879882807
2025-05-23,236.70347595214844
2025-05-27,244.21011352539065
2025-05-28,241.60821533203125
2025-05-29,243.3228759765625
2025-05-30,239.0063018798828
2025-06-02,242.54530334472656
2025-06-03,248.0182647705078
2025-06-04,250.9690856933593
2025-06-05,250.52047729492188
2025-06-06,251.946044921875
2025-06-09,256.16290283203125
2025-06-10,261.257080078125
2025-06-11,261.0676574707031
2025-06-12,262.3337097167969
2025-06-13,256.1928100585937
2025-06-16,262.5630187988281
2025-06-17,260.778564453125
2025-06-18,261.77545166015625
2025-06-20,259.462646484375
2025-06-23,261.1075439453125
2025-06-24,270.6976928710937
2025-06-25,274.3463439941406
2025-06-26,276.34014892578125
2025-06-27,277.5563659667969
2025-06-30,278.0149230957031
2025-07-01,274.9843444824219
2025-07-02,280.3775634765625
2025-07-03,282.740234375
2025-07-07,278.8922119140625
2025-07-08,282.6006774902344
2025-07-09,284.53466796875
2025-07-10,286.62811279296875
2025-07-11,286.59820556640625
2025-07-14,284.4349670410156
2025-07-15,289.89794921875
2025-07-16,288.3826599121094
2025-07-17,290.8051147460937
2025-07-18,289.40948486328125
2025-07-21,289.6088562011719
2025-07-22,284.4848022460937
2025-07-23,285.720947265625
2025-07-24,286.9072570800781
2025-07-25,286.59820556640625
2025-07-28,290.5060729980469
2025-07-29,291.9914245605469
2025-07-30,295.3410339355469
2025-07-31,287.8842163085937
2025-08-01,283.0692138671875
2025-08-04,289.28985595703125
2025-08-05,286.2094421386719
2025-08-06,285.7309265136719
2025-08-07,290.2169494628906
2025-08-08,292.6194763183594
2025-08-11,292.4898681640625
2025-08-12,299.1690979003906
2025-08-13,300.345458984375
2025-08-14,300.98345947265625
2025-08-15,294.73291015625
2025-08-18,295.93914794921875
2025-08-19,289.9677429199219
2025-08-20,288.06365966796875
2025-08-21,286.5682983398437
2025-08-22,292.7291564941406
2025-08-25,293.00830078125
2025-08-26,295.8294982910156
2025-08-27,296.7366638183594
2025-08-28,297.952880859375
2025-08-29,289.3895568847656
2025-09-02,285.59136962890625
2025-09-03,285.54150390625
2025-09-04,288.9608459472656
2025-09-05,292.3702697753906
2025-09-08,295.6001892089844
2025-09-09,296.8861999511719
2025-09-10,299.8968200683594
2025-09-11,302.9872131347656
2025-09-12,303.37603759765625
2025-09-15,306.2171936035156
2025-09-16,306.2570495605469
2025-09-17,304.3031311035156
2025-09-18,315.9867858886719
2025-09-19,314.7306823730469
2025-09-22,321.170654296875
2025-09-23,320.7021179199219
2025-09-24,320.1139221191406
2025-09-25,320.0640869140625
2025-09-26,320.8217468261719
2025-09-29,321.6591186523437
2025-09-30,325.3476257324219
2025-10-01,332.6549072265625
2025-10-02,337.1907958984375
2025-10-03,335.6356201171875
2025-10-06,342.3148498535156
2025-10-07,336.0044860839844
2025-10-08,344.9965209960937
2025-10-09,344.13916015625
2025-10-10,324.330810546875
2025-10-13,338.69610595703125
2025-10-14,332.46551513671875
2025-10-15,340.7198181152344
2025-10-16,342.2350769042969
2025-10-17,341.7665405273437
2025-10-20,346.1429443359375
2025-10-21,344.2288818359375
2025-10-22,337.5496826171875
2025-10-23,343.7304382324219
2025-10-24,350.0508117675781
2025-10-27,358.823486328125
2025-10-28,361.983642578125
2025-10-29,367.4665832519531
2025-10-30,362.6017456054688
2025-10-31,361.8939208984375
2025-11-03,364.9643859863281
2025-11-04,351.665771484375
2025-11-05,358.3848571777344
2025-11-06,350.0009460449219
2025-11-07,347.0401611328125
2025-11-10,357.67706298828125
2025-11-11,349.9610595703125
2025-11-12,354.4271545410156
2025-11-13,343.7503967285156
2025-11-14,343.909912109375
2025-11-17,339.244384765625
2025-11-18,332.25616455078125
2025-11-19,338.3870849609375
2025-11-20,324.091552734375
2025-11-21,325.1183776855469
2025-11-24,338.06805419921875
2025-11-25,338.955322265625
2025-11-26,346.63140869140625
2025-11-28,351.187255859375
2025-12-01,351.8651428222656
2025-12-02,358.3150634765625
2025-12-03,363.23974609375
2025-12-04,360.4783325195313
2025-12-05,363.2896118164063
2025-12-08,367.4067687988281
2025-12-09,367.8553771972656
2025-12-10,372.9395751953125
2025-12-11,369.7395324707031
2025-12-12,353.02154541015625
2025-12-15,351.8053283691406
2025-12-16,350.8482971191406
2025-12-17,338.18768310546875
2025-12-18,346.1728515625
2025-12-19,355.125
2025-12-22,359.70001220703125
2025-12-23,363.1600036621094
2025-12-24,364.1700134277344
2025-12-26,365.8599853515625
2025-12-29,364.2099914550781
2025-12-30,363.30999755859375
2025-12-31,360.1300048828125
2026-01-02,373.2999877929688
2026-01-05,377.5899963378906
2026-01-06,387.6199951171875
2026-01-07,385.0199890136719
2026-01-08,378.9800109863281
2026-01-09,389.2200012207031
2026-01-12,390.6600036621094
2026-01-13,391.5299987792969
2026-01-14,388.3500061035156
2026-01-15,396.4100036621094
2026-01-16,400.3900146484375
2026-01-20,390.3900146484375
2026-01-21,401.9299926757813
2026-01-22,402.8200073242188
2026-01-23,400.0899963378906
2026-01-26,398.8200073242188
2026-01-27,407.25
2026-01-28,416.6300048828125
2026-01-29,417.5199890136719
2026-01-30,403.4599914550781
2026-02-02,407.9700012207031
2026-02-03,397.6799926757813
2026-02-04,382.0199890136719
2026-02-05,381.0700073242188
2026-02-06,401.6499938964844
2026-02-09,406.6499938964844
2026-02-10,404.760009765625
2026-02-11,414.7799987792969
2026-02-12,406.1099853515625
2026-02-13,407.7200012207031
2026-02-17,407.510009765625
2026-02-18,412.5499877929688
2026-02-19,410.2000122070313
2026-02-20,415.0299987792969
2026-02-23,412.8800048828125
2026-02-24,419.1600036621094
2026-02-25,426.1600036621094
2026-02-26,412.010009765625
2026-02-27,406.3699951171875
2026-03-02,406.3900146484375
2026-03-03,391.05999755859375
2026-03-04,399.1000061035156
2026-03-05,395.3500061035156
2026-03-06,380.55999755859375
2026-03-09,394.3699951171875
2026-03-10,397.3299865722656
2026-03-11,401.0299987792969
2026-03-12,388.1300048828125
2026-03-13,387.3299865722656
2026-03-16,393.9200134277344
2026-03-17,396.8800048828125
2026-03-18,393.6700134277344
2026-03-19,394.9200134277344
2026-03-20,384.739990234375
2026-03-23,391.3599853515625
2026-03-24,394.5899963378906
2026-03-25,399.0199890136719
2026-03-26,380.8399963378906
2026-03-27,374.25
2026-03-30,362.5299987792969
2026-03-31,383.3999938964844
2026-04-01,391.9700012207031
2026-04-02,392.3200073242188
2026-04-06,395.9800109863281
2026-04-07,399.8999938964844
2026-04-08,422.9200134277344
2026-04-09,430.30999755859375
2026-04-10,436.8800048828125
2026-04-13,443.3399963378906
2026-04-14,452.0
2026-04-15,453.0
2026-04-16,454.7999877929688
2026-04-17,464.1600036621094
2026-04-20,463.9599914550781
2026-04-21,464.6600036621094
2026-04-22,476.8299865722656
2026-04-23,481.8500061035156
2026-04-24,506.4400024414063
2026-04-27,506.260009765625
2026-04-28,491.2099914550781
2026-04-29,499.5799865722656
2026-04-30,506.7200012207031
2026-05-01,509.8200073242188
2026-05-04,506.7900085449219
2026-05-05,522.6900024414062
2026-05-06,549.760009765625
2026-05-07,540.0999755859375
2026-05-08,566.5399780273438
2026-05-11,576.3099975585938
2026-05-12,561.25
2026-05-13,572.4600219726562
2026-05-14,578.3400268554688
2026-05-15,556.3400268554688
2026-05-18,546.1599731445312
2026-05-19,543.9600219726562
2026-05-20,564.6599731445312
2026-05-21,567.8800048828125
2026-05-22,576.3200073242188
2026-05-26,602.1400146484375
2026-05-27,595.5
2026-05-28,599.8300170898438
2026-05-29,598.9299926757812
2026-06-01,607.8099975585938
2026-06-02,632.2100219726562
2026-06-03,637.9000244140625
2026-06-04,627.530029296875
2026-06-05,569.6900024414062
2026-06-08,598.1599731445312
2026-06-09,591.010009765625
2026-06-10,570.9099731445312
2026-06-11,609.4500122070312
2026-06-12,619.9600219726562
2026-06-15,647.0999755859375
2026-06-16,616.0
2026-06-17,623.969970703125
2026-06-18,659.8800048828125
2026-06-22,668.9099731445312
2026-06-23,622.0499877929688
2026-06-24,618.9199829101562
2026-06-25,636.8800048828125
2026-06-26,611.6099853515625
2026-06-29,631.97998046875
2026-06-30,655.8900146484375
2026-07-01,620.4600219726562
2026-07-02,592.2899780273438
2026-07-06,604.2999877929688
2026-07-07,581.4500122070312
2026-07-08,593.0
2026-07-09,607.72998046875
2026-07-10,611.030029296875
2026-07-13,585.6199951171875
2026-07-14,600.3099975585938
2026-07-15,590.77001953125
2026-07-16,568.9199829101562
2026-07-17,556.530029296875
2026-07-20,558.8300170898438
2026-07-21,584.0800170898438
2026-07-22,586.9099731445312
2026-07-23,580.1699829101562
2026-07-24,561.1900024414062
2026-07-27,548.5499877929688
2026-07-28,529.5999755859375
2026-07-29,504.2200012207031
2026-07-30,538.9000244140625
2026-07-31,540.530029296875
2026-08-03,545.4600219726562
2026-08-04,575.7100219726562
2026-08-05,569.7000122070312
2026-08-06,571.47998046875
2026-08-07,582.7000122070312
2026-08-10,569.4099731445312
2026-08-11,572.9299926757812
2026-08-12,584.8300170898438
2026-08-13,589.1199951171875
2026-08-14,587.8200073242188
2026-08-17,594.0700073242188
2026-08-18,569.77001953125
2026-08-19,560.9199829101562
2026-08-20,562.6500244140625
2026-08-21,560.4199829101562
2026-08-24,546.7999877929688
2026-08-25,555.8200073242188
2026-08-26,555.77001953125
2026-08-27,569.1799926757812
